"Source","BashaVerse","Spring Lab","Reference"
"I would like to welcome you to this course on ethical hacking .This is the first lecture of this course . Now, in this lecture, I will try to give you a very overall idea about what ethical hacking exactly is, what are the scopes of an ethical hacker; and towards the end, I shall giveyou some idea about the coverage of this course what are the things we are expected to cover ok.So, the title of this lecture is Introduction to Ethical Hacking.Now, in this lecture as I told you firstly we shall try to tell you what is ethical hacking,there is a related terminological penetration testing.We will also be discussing about that.And some of the roles of an ethical hacker, what an ethical hacker is expected to do andwhat he or she is not expected to do that we shall try to distinguish and discuss.","நெறிமுறை ஹேக்கிங் குறித்த இந்த பாடநெறிக்கு உங்களை வரவேற்க விரும்புகிறேன். இது இந்த பாடத்திட்டத்தின் முதல் விரிவுரை. இப்போது, இந்த விரிவுரையில், நெறிமுறை ஹேக்கிங் என்றால் என்ன, ஒரு நெறிமுறை ஹேக்கரின் நோக்கங்கள் என்ன, இறுதியில், இந்த பாடத்திட்டத்தின் கவரேஜ் பற்றி நான் உங்களுக்கு சில யோசனைகளை வழங்குவேன் சரி. எனவே, இந்த விரிவுரையின் தலைப்பு நெறிமுறை ஹேக்கிங் பற்றிய அறிமுகம். இப்போது, இந்த விரிவுரையில் நான் முதலில் உங்களுக்குச் சொன்னது போல் நெறிமுறை ஹேக்கிங் என்றால் என்ன என்பதை நாங்கள் உங்களுக்குச் சொல்ல முயற்சிப்போம், தொடர்புடைய சொற்களஞ்சிய ஊடுருவல் சோதனை உள்ளது. இது குறித்தும் விவாதிப்போம். மேலும் ஒரு நெறிமுறை ஹேக்கரின் சில பாத்திரங்கள், ஒரு நெறிமுறை ஹேக்கர் என்ன செய்ய எதிர்பார்க்கப்படுகிறார் மற்றும் அவர் அல்லது அவள் என்ன செய்ய எதிர்பார்க்கப்படுவதில்லை என்பதை நாம் வேறுபடுத்தி விவாதிக்க முயற்சிப்போம்.","நெறிமுறை ஹேக்கிங் குறித்த இந்த பாடத்திற்கு உங்களை வரவேற்க விரும்புகிறேன். இந்த பாடத்தின் முதல் விரிவுரை இது. இப்போது, இந்த விரிவுரையில், நெறிமுறை ஹேக்கிங் என்றால் என்ன, ஒரு நெறிமுறை ஹேக்கரின் நோக்கங்கள் என்ன என்பது பற்றி நான் உங்களுக்கு ஒரு ஒட்டுமொத்த யோசனையை வழங்க முயற்சிப்பேன்; இறுதியில், இந்த பாடத்தின் கவரேஜ் பற்றி நான் உங்களுக்கு சில யோசனைகளைத் தருவேன், நாம் மறைக்க எதிர்பார்க்கும் விஷயங்கள் என்ன எனவே, இந்த விரிவுரையின் தலைப்பு நெறிமுறை ஹேக்கிங்கிற்கான அறிமுகம் இப்போது, இந்த விரிவுரையில் நான் உங்களுக்கு முதலில் சொன்னது. போல் நெறிமுறை ஹேக்கிங் என்றால் என்ன என்பதை உங்களுக்குச் சொல்ல. முயற்சிப்போம், அதனுடன் தொடர்புடைய சொற்களஞ்சிய. ஊடுருவல் சோதனை. உள்ளது. அதைப் பற்றியும் விவாதிப்போம். ஒரு நெறிமுறை ஹேக்கரின் சில பாத்திரங்கள், ஒரு நெறிமுறை ஹேக்கர் என்ன செய்ய வேண்டும் என்று எதிர்பார்க்கப்படுகிறது, அவர் அல்லது அவள் என்ன செய்ய வேண்டும் என்று எதிர்பார்க்கப்படுவதில்லை. என்பதை நாம் வேறுபடுத்தி விவாதிக்க முயற்சிப்போம்.","நெறிமுறை hacking குறித்த இந்த பாடநெறிக்கு உங்களை வரவேற்கின்றேன். இது இந்த பாடத்தின் முதற்பகுதி விரிவுரை ஆகும். இவ்விரிவுரையில், ethical hacking என்றால் என்ன, ஒரு ethical hacker இன் நோக்கங்கள் என்ன என்பதை முழுமையாக விளக்க முயற்சிப்பேன்; இறுதியில், இந்த பாடநெறியின் coverage பற்றி, நாம் என்ன என்ன கற்றுக் கொள்ள இருக்கிறோம் என்பது பற்றியும் சில கருத்துக்களை நான் பகிர்வேன். எனவே, இந்நிருப்பத்தின் தலைப்பு Introduction to Ethical Hacking ஆகும். இந்நிருப்பில், முதலில் ethical hacking என்றால் என்ன என்பதையும், அதோடு தொடர்புடைய penetration testing பற்றியும் விவாதிப்போம். மேலும், ஒரு ethical hacker எந்த வகையான role களை நிறைவேற்ற வேண்டும் மற்றும் அவர் அல்லது அவள் செய்யக் கூடாதவை என்ன என்பது குறித்து தெளிவுபடுத்தி பேசுவோம்."
"So, let us first start with the definition of ethical hacking . What exactly is ethical hacking ? Well , we all have heard the term hacking and hacker essentially the term has been associated with something which is bad and malicious . Well, when we hear about somebody as a hacker, we are a little afraid and cautious ok. I mean as if the person is always trying to do some harm to somebody else to some other networks, try to steal something trying to steal something from some IT infrastructure and so on and so forth . But ethical hacking is something different . Well, ethical hacking as per the definition if you just look at , it essentially refers to locating the weaknesses and vulnerabilities.","எனவே, முதலில் நெறிமுறை ஹேக்கிங் வரையறையுடன் தொடங்குவோம். நெறிமுறை ஹேக்கிங் என்றால் என்ன? சரி, ஹேக்கிங் மற்றும் ஹேக்கர் என்ற வார்த்தையை நாம் அனைவரும் கேள்விப்பட்டிருக்கிறோம், அடிப்படையில் இந்த சொல் மோசமான மற்றும் தீங்கிழைக்கும் ஒன்றுடன் தொடர்புடையது. சரி, ஒரு ஹேக்கராக ஒருவரைப் பற்றி நாம் கேட்கும்போது, நாம் கொஞ்சம் பயப்படுகிறோம், எச்சரிக்கையாக இருக்கிறோம் சரி. அதாவது அந்த நபர் எப்போதும் வேறு சில நெட்வொர்க்குகளுக்கு ஏதேனும் தீங்கு செய்ய முயற்சிப்பது போல், சில ஐடி உள்கட்டமைப்பு மற்றும் பலவற்றிலிருந்து எதையாவது திருட முயற்சிக்கும் எதையாவது திருட முயற்சிக்கிறார். ஆனால் நெறிமுறை ஹேக்கிங் வேறு. சரி, வரையறையின்படி நெறிமுறை ஹேக்கிங் நீங்கள் வெறுமனே பார்த்தால், அது அடிப்படையில் பலவீனங்கள் மற்றும் பாதிப்புகளைக் கண்டறிவதைக் குறிக்கிறது.","எனவே, முதலில் நெறிமுறை ஹேக்கிங் வரையறையுடன் தொடங்குவோம். நெறிமுறை ஹேக்கிங் என்றால் என்ன?. ஹேக்கிங் மற்றும் ஹேக்கர் என்ற சொல்லை நாம் அனைவரும் கேட்டிருக்கிறோம், அடிப்படையில் இந்த சொல் மோசமான மற்றும் தீங்கிழைக்கும் ஒன்றோடு தொடர்புடையது. சரி, யாரையாவது ஹேக்கராகப் பற்றி நாம் கேட்கும்போது, நாம் கொஞ்சம் பயப்படுகிறோம், எச்சரிக்கையாக இருக்கிறோம். நான் சொல்வது என்னவென்றால், அந்த நபர் எப்போதும் வேறு சில நெட்வொர்க்குகளுக்கு. வேறு சிலருக்கு தீங்கு செய்ய முயற்சிக்கிறார், சில ஐடி உள்கட்டமைப்பிலிருந்து எதையாவது திருட முயற்சிக்கிறார். மற்றும் பலவற்றைத் திருட முயற்சிக்கிறார். ஆனால் நெறிமுறை ஹேக்கிங் வேறு விஷயம் சரி, நீங்கள் பார்த்தால். வரையறையின்படி நெறிமுறை ஹேக்கிங், இது அடிப்படையில் பலவீனங்களையும் பாதிப்புகளையும் கண்டுபிடிப்பதைக் குறிக்கிறது.","எனவே, முதலில் ethical hacking என்ற வரையறையுடன் தொடங்குவோம். ethical hacking என்றால் என்ன? hacking மற்றும் hacker என்ற சொற்கள் அனைவரும் கேள்விப்பட்டிருப்போம்; பொதுவாக இவை தீக்குரிய மற்றும் தீங்கு விளைவிக்கும் ஒன்றாகவே கருதப்படுகின்றன. யாரோவொருவரைப் hacker ஆகவும் பார்த்தால், நம்மில் கொஞ்சம் பயம் மற்றும் எச்சரிக்கை உண்டாகும். அந்த நபர் எப்போதும் வேறு நெட்வொர்க்ஸ் அல்லது IT infrastructure களிலிருந்து தகவல்கள் திருட முயன்றுவிடுவான் என்ற எண்ணம் உண்டு. ஆனால் ethical hacking வேறு. வரையறையின் படி, ethical hacking என்பது பலவீனங்கள் மற்றும் vulnerabilities கண்டறிவதில் மையமாகும்."
"It means suppose you have a network you have an organizational network, you have an IT,IT infrastructure, you have computers which contains some software, some data, lot of things are there . Now, you try a I mean here you are trying to find out, whether your infrastructural network does have some weak points or vulnerabilities through which an actual hacker can break into your system into your network . So, this ethical hacking is the act of locating weaknesses and vulnerabilities in computers and information system in general, it covers everything, it covers networks, it cover databases everything . But how this is done this is done by mimicking the behaviour of a real hacker as if you area hacker, you are trying to break into your own network, there you will get lot of information about what are the weak points in your own network . So, this term is important, by replicating the intent and actions of malicious hackers whatever malicious hackers do in reality, you try to mimic that, you try to replicate that ok . Your objective is to try and find out the vulnerabilities and weak points in your network.","இதன் பொருள் என்னவென்றால், உங்களிடம் ஒரு நெட்வொர்க் உள்ளது என்று வைத்துக்கொள்வோம், உங்களிடம் ஒரு நிறுவன நெட்வொர்க் உள்ளது, உங்களிடம் ஒரு IT, IT உள்கட்டமைப்பு உள்ளது, உங்களிடம் சில மென்பொருள், சில தரவு, நிறைய விஷயங்கள் உள்ள கணினிகள் உள்ளன. இப்போது, நீங்கள் ஒரு முயற்சி செய்யுங்கள், அதாவது இங்கே நீங்கள் கண்டுபிடிக்க முயற்சிக்கிறீர்கள், உங்கள் உள்கட்டமைப்பு நெட்வொர்க் சில பலவீனமான புள்ளிகள் அல்லது பாதிப்புகளைக் கொண்டுள்ளது என்பதைக் கண்டறிய முயற்சிக்கிறீர்கள், இதன் மூலம் ஒரு உண்மையான ஹேக்கர் உங்கள் நெட்வொர்க்கிற்குள் உங்கள் கணினிக்குள் நுழைய முடியும். எனவே, இந்த நெறிமுறை ஹேக்கிங் என்பது கணினிகள் மற்றும் தகவல் அமைப்பில் உள்ள பலவீனங்கள் மற்றும் பாதிப்புகளைக் கண்டறிவதற்கான செயலாகும், இது எல்லாவற்றையும் உள்ளடக்கியது, இது நெட்வொர்க்குகளை உள்ளடக்கியது, இது தரவுத்தளங்களை உள்ளடக்கியது. ஆனால் இது எப்படி செய்யப்படுகிறது என்பது ஒரு உண்மையான ஹேக்கரின் நடத்தையைப் பிரதிபலிப்பதன் மூலம் செய்யப்படுகிறது, நீங்கள் ஒரு ஹேக்க","அதாவது உங்களிடம் ஒரு நெட்வொர்க் உள்ளது, உங்களிடம் ஒரு நிறுவன நெட்வொர்க் உள்ளது, உங்களிடம் ஒரு ஐடி, ஐடி உள்கட்டமைப்பு உள்ளது, உங்களிடம் சில மென்பொருள், சில தரவு, நிறைய விஷயங்கள் உள்ளன. இப்போது, நீங்கள் முயற்சி செய்கிறீர்கள், அதாவது இங்கே நீங்கள் கண்டுபிடிக்க முயற்சிக்கிறீர்கள், உங்கள் உள்கட்டமைப்பு நெட்வொர்க்கில் சில பலவீனமான புள்ளிகள் அல்லது பாதிப்புகள் உள்ளதா, இதன் மூலம் ஒரு உண்மையான ஹேக்கர் உங்கள் கணினியில் உங்கள் நெட்வொர்க்கில். உடைக்க முடியும். எனவே, இந்த நெறிமுறை ஹேக்கிங் என்பது பொதுவாக கணினிகள் மற்றும் தகவல் அமைப்பில் பலவீனங்களையும் பாதிப்புகளையும் கண்டுபிடிக்கும் செயலாகும், இது எல்லாவற்றையும் உள்ளடக்கியது, இது நெட்வொர்க்குகளை. உள்ளடக்கியது, இது தரவுத்தளங்களை உள்ளடக்கியது ஆனால் இது எவ்வாறு செய்யப்படுகிறது என்பது ஒரு உண்மையான ஹேக்கரின் நடத்தையை பிரதிபலிப்பதன் மூலம் செய்யப்படுகிறது, நீங்கள் ஏரியா ஹேக்கர், உங்கள் சொந்த. நெட்வொர்க்கில். உடைக்க முயற்சிக்கிறீர்கள், உங்கள் சொந்த. நெட்வொர்க்கில். பலவீனமான புள்ளிகள் என்ன என்பது பற்றி நிறைய தகவல்களைப் பெறுவீர்கள். எனவே, இந்த சொல். முக்கியமானது, தீங்கிழைக்கும் ஹேக்கர்களின் நோக்கத்தையும் செயல்களையும் பிரதிபலிப்பதன் மூலம் தீங்கிழைக்கும் ஹேக்கர்கள் உண்மையில் என்ன செய்தாலும், நீங்கள் அதைப் பிரதிபலிக்க முயற்சிக்கிறீர்கள், நீங்கள் அதைப் பிரதிபலிக்க முயற்சிக்கிறீர்கள். உங்கள் நெட்வொர்க்கில். உள்ள பாதிப்புகள் மற்றும் பலவீனமான புள்ளிகளைக் கண்டுபிடிப்பதே உங்கள் நோக்கம்.","இதன் பொருள் என்னவென்றால், உங்களிடம் ஒரு network உள்ளது, ஒரு organizational network, வண்ணம், IT infrastructure, சில computers அதில் சில software, data போன்றவை உள்ளன. இப்போது, நீங்கள் முயற்சிப்பது என்னவென்றால், உங்கள் infrastructural network இல் உண்மையான hacker ஒன்று உளறி நுழையக்கூடிய பலவீனங்கள் (weak points) மற்றும் vulnerabilities உள்ளதா என்பதை கண்டுபிடிப்பது. எனவே, ethical hacking என்பது கணினிகள் மற்றும் information systems இல் உள்ள vulnerabilities மற்றும் weaknesses ஐ கண்டறியும் ஒரு செயலாகும். இது network களை, databases ஐ, அனைத்தையும் உள்ளடக்கியது. இது எப்படி செய்கிறோம் என்றால், நடுநிலை hacker ஆக நடித்து, உங்கள் சொந்த network இல் உடைக்க முயற்சிப்பதாக இருப்பது போல் நடத்தப்படும். இதனால், உங்கள் network இல் உள்ள பலவீனங்களைக் குறித்து பரபரப்பு தகவல் பெற முடியும். இதன் நோக்கம் தீங்கிழைக்கும் hackers செய்பவர்களைப் பதிவுசெய்து (mimic) அவர்களின் செயல்களைப் போல நடத்தி, உங்கள் network இல் உள்ள vulnerabilities மற்றும் weak points களை கண்டுபிடிப்பதே ஆகும்.Here is the corrected Tamil translation with English technical terms preserved: இதன் பொருள் என்னவென்றால், உங்களிடம் ஒரு network உள்ளது, ஒரு organizational network, IT infrastructure மற்றும் அதில் சில computers உண்டு; அவற்றில் சில software, data போன்றவை உள்ளன. இப்போது, நீங்கள் முயற்சிக்க வேண்டும் என்பது உங்கள் infrastructural network இல் உண்மையான hacker ஒருவர் உளறி நுழைய சாத்தியமுள்ள weak points மற்றும் vulnerabilities உள்ளதா என்பதை கண்டுபிடிப்பது. எனவே, ethical hacking என்பது கணினிகள் மற்றும் information systems இல் உள்ள vulnerabilities மற்றும் weaknesses ஐ கண்டறியும் செயல். இது networks, databases மற்றும் அனைத்தையும் உள்ளடக்கியது. இது எப்படி செய்யப்படுகிறது என்றால், நீங்கள் ஒரு real hacker ஆக நடித்து (mimicking the behaviour), உங்கள் சொந்த network இல் உடைக்க முயற்சிப்பதாக இருப்பது போல் செயற்படுவீர்கள். இதனால், உங்கள் network இல் உள்ள பலவீனங்கள் மற்றும் weak points பற்றி அதிகமான தகவல் கிடைக்கும். இந்த term முக்கியம், ஏனென்றால் malicious hackers செய்பவை போன்ற செயல்களை நீங்கள் நகலி (replicating) செய்ய முயற்சிப்பீர்கள்; உங்கள் network இல் உள்ள vulnerabilities மற்றும் weak points கண்டறியும் உங்கள் நோக்கம்"
"Well, you have a good intent you try to identify the weaknesses and later on maybe the organization will be trying to plug plug out or stop those weaknesses, so that such attacks cannot occur or happen in the future ok.This ethical hacking is sometimes also referred to by some other names penetration testing is a well-known terminology which is used a phrase, intrusion testing, red teaming , these are also terminologies which are used to mean the same thing . Well, you can understand penetration testing the literal meaning of this phrase is you are trying to penetrate into a system; you are trying to penetrate into a network, you are testing and find out whether or not you are able to penetrate.And if you are able to penetrate which are the points through which it is easier to penetrate , these are the objectives ok, all right . So, talking about ethical hacking, there are some terminology let us see, well ethical hackers are the persons who are actually carrying out ethical hacking.Now, they are not some unknown entities, they are some organization or persons who are actually hired by the company.The company is paying them some money to do a penetration testing on their own network,and provide them with a list of vulnerabilities, so that they can take some action later on ok.","சரி, நீங்கள் பலவீனங்களை அடையாளம் காண முயற்சிக்கும் ஒரு நல்ல நோக்கம் உங்களுக்கு உள்ளது, பின்னர் ஒருவேளை நிறுவனம் அந்த பலவீனங்களைச் செருகவோ அல்லது நிறுத்தவோ முயற்சிக்கும், இதனால் இதுபோன்ற தாக்குதல்கள் எதிர்காலத்தில் ஏற்படவோ அல்லது நடக்கவோ முடியாது ok.this நெறிமுறை ஹேக்கிங் சில நேரங்களில் வேறு சில பெயர்களாலும் குறிப்பிடப்படுகிறது ஊடுருவல் சோதனை என்பது நன்கு அறியப்பட்ட சொற்களஞ்சியம் ஆகும், இது ஒரு சொற்றொடர், ஊடுருவல் சோதனை, சிவப்பு அணி, இவை அதே பொருளைக் குறிக்கப் பயன்படுத்தப்படும் சொற்களாகும். சரி, இந்த சொற்றொடரின் உண்மையான அர்த்தத்தை நீங்கள் புரிந்து கொள்ள முடியும் ஊடுருவல் சோதனை நீங்கள் ஒரு அமைப்பில் ஊடுருவ முயற்சிக்கிறீர்கள்; நீங்கள் ஒரு நெட்வொர்க்கிற்குள் ஊடுருவ முயற்சிக்கிறீர்கள், நீங்கள் சோதனை செய்து, நீங்கள் ஊடுருவ முடியுமா இல்லையா என்பதைக் கண்டறியவும் penetrate.and நீங்கள் ஊடுருவ முடிந்தால் அது ஊடுருவ எளிதான புள்ளிகள், இவை குறிக்கோள்கள் சரி, எல்லாம் சரி. எனவே, நெறிமுறை","சரி, பலவீனங்களை அடையாளம் காண முயற்சிக்கும் நல்ல எண்ணம் உங்களிடம் உள்ளது, பின்னர் நிறுவனம் அந்த பலவீனங்களை பிளக் அவுட் செய்ய அல்லது நிறுத்த முயற்சிக்கும், இதனால் எதிர்காலத்தில் இதுபோன்ற தாக்குதல்கள் நிகழவோ அல்லது நடக்கவோ முடியாது. இந்த நெறிமுறை ஹேக்கிங் சில நேரங்களில் வேறு சில பெயர்களால் குறிப்பிடப்படுகிறது ஊடுருவல் சோதனை என்பது ஒரு நன்கு அறியப்பட்ட சொற்களஞ்சியம், இது ஒரு சொற்றொடர், ஊடுருவல் சோதனை, சிவப்பு அணி, இவை ஒரே மாதிரியான சொற்களாகும். இந்த சொற்றொடரின். உண்மையான அர்த்தத்தை நீங்கள் புரிந்து கொள்ளலாம், நீங்கள் ஒரு அமைப்புக்குள் ஊடுருவ முயற்சிக்கிறீர்கள்; நீங்கள் ஒரு நெட்வொர்க்கில் ஊடுருவ முயற்சிக்கிறீர்கள், நீங்கள் சோதித்து, நீங்கள் ஊடுருவ முடியுமா இல்லையா என்பதைக் கண்டறியவும். ஊடுருவக்கூடிய புள்ளிகள் எது என்பதை நீங்கள் ஊடுருவ முடிந்தால், இவைதான் குறிக்கோள்கள். எனவே, நெறிமுறை ஹேக்கிங் பற்றி பேசுகையில், சில சொற்கள். உள்ளன, நெறிமுறை ஹேக்கர்கள் உண்மையில் நெறிமுறை ஹேக்கிங் செய்பவர்கள். இப்போது, அவர்கள் சில அறியப்படாத நிறுவனங்கள் அல்ல, அவர்கள் நிறுவனத்தால் உண்மையில் பணியமர்த்தப்பட்ட சில அமைப்பு அல்லது நபர்கள். நிறுவனம் தங்கள் சொந்த. நெட்வொர்க்கில் ஊடுருவல் சோதனை செய்ய அவர்களுக்கு சில பணம் செலுத்துகிறது, மேலும் அவர்களுக்கு பாதிப்புகளின் பட்டியலை வழங்குகிறது, இதனால் அவர்கள் பின்னர் சில நடவடிக்கைகளை எடுக்க முடியும்.","சரி, உங்கள் நோக்கம் பலவீனங்களை அடையாளம் காண்பது, பின்னர் organization அதைக் கையாள ஒரு வழியைத் தேர்ந்தெடுக்கலாம்; இந்த பலவீனங்களை plug செய்யலாம், remove செய்யலாம், அத்தகைய attacks நடக்காது future-இல். இந்த ethical hacking-ஐ சிலவேளை penetration testing, intrusion testing, red teaming எனும் terminologies-ஆகவும் குறிப்பிடுகின்றனர். இவை எல்லாம் ஒரே பொருளைத் தரும். Penetration testing literally என்று சொல்வதானால், நீங்கள் ஒரு system-க்கு உள்நுழைய முயற்சிப்பது; network-க்கு உள்நுழைய முயற்சிப்பது, test செய்து நீங்கள் நுழைய முடியுமா என்பதைக் கண்டறிவது. நுழைய முடிந்த weak points-களே objectives ஆகும். ethical hacking பற்றிப் பேசிச் சொல்வது என்றால், ethical hackers என்றால் இந்த செயல்களை மேற்கொள்ளும் நபர்கள். இவர்கள் unknown entities அல்ல; சில organization-கள் அல்லது persons-களை company hire பண்ணும். Company அவர்களுக்கு பணம் கொடுத்து, அவர்கள் சொந்த network-இல் penetration testing செய்யச் சொல்வார்கள், vulnerabilities-இன் list-ஐ organization-க்கு தர வேண்டும், அடுத்து company அதில் action எடுக்க முடியும்."
"So, these ethical hackers are employed by companies who typically carry out penetration testing or ethical hacking . Penetration testing as I had said is an attempt to break into a network or a system or an infrastructure.But the difference from malicious attempt is that this is a legal attempt.The company has permitted you to run the penetration testing on their own network for the purpose of finding the vulnerabilities.So, this is a legal attempt, you are trying to break in and you are trying to find out the weak links.Well, in penetration testing we see what the tester will do, tester will basically generate a report.The report will contain a detailed report; it will contain all the known vulnerabilities that have been detected in the network as a result of running the penetration testing process ok . But normally they do not provide solutions. Well, you can also seek solutions for them, but everything comes with an extra or additional charge right . So, in contrast, security test is another terminology which is used which includes penetrationtest plus this kind of suggestions to plug out the loopholes . So, this includes in addition analyzing the company security policies and offering solutions, because ultimately the company will try to secure or protect their network.","எனவே, இந்த நெறிமுறை ஹேக்கர்கள் பொதுவாக ஊடுருவல் சோதனை அல்லது நெறிமுறை ஹேக்கிங்கை மேற்கொள்ளும் நிறுவனங்களால் பணியமர்த்தப்படுகிறார்கள். நான் சொன்னது போல் ஊடுருவல் சோதனை என்பது ஒரு நெட்வொர்க் அல்லது ஒரு அமைப்பு அல்லது ஒரு உள்கட்டமைப்பை உடைக்கும் முயற்சியாகும்.ஆனால் தீங்கிழைக்கும் முயற்சியிலிருந்து உள்ள வித்தியாசம் என்னவென்றால், இது ஒரு சட்டபூர்வமான முயற்சி.தே நிறுவனம் தங்கள் சொந்த நெட்வொர்க்கில் ஊடுருவல் சோதனையை நடத்த அனுமதித்துள்ளது vulnerabilities.so, இது ஒரு சட்டபூர்வமான முயற்சி, நீங்கள் உடைக்க முயற்சிக்கிறீர்கள் மற்றும் நீங்கள் பலவீனமான links.well ஐக் கண்டுபிடிக்க முயற்சிக்கிறீர்கள், ஊடுருவல் சோதனையில் சோதனையாளர் என்ன செய்வார் என்று நாங்கள் பார்க்கிறோம், சோதனையாளர் அடிப்படையில் ஒரு report.the அறிக்கையை உருவாக்குவார் ஒரு விரிவான அறிக்கையைக் கொண்டிருக்கும்; ஊடுருவல் சோதனை செயல்முறையை இயக்குவதன் விளைவாக நெட்வொர்க்கில் கண்டறியப்பட்ட அனைத்து பாதிப்புகளையும் இது கொண்டிருக்கும்","எனவே, இந்த நெறிமுறை ஹேக்கர்கள் பொதுவாக ஊடுருவல் சோதனை அல்லது நெறிமுறை ஹேக்கிங் செய்யும் நிறுவனங்களால் பணியமர்த்தப்படுகிறார்கள். ஊடுருவல் சோதனை என்பது ஒரு நெட்வொர்க் அல்லது ஒரு அமைப்பு அல்லது ஒரு உள்கட்டமைப்பை உடைக்க முயற்சிப்பதாகும். ஆனால் தீங்கிழைக்கும் முயற்சியிலிருந்து வேறுபாடு என்னவென்றால், இது ஒரு சட்டபூர்வமான முயற்சி. பாதிப்புகளைக் கண்டறிவதற்கான நோக்கத்திற்காக தங்கள் சொந்த. நெட்வொர்க்கில். ஊடுருவல் சோதனையை. இயக்க. நிறுவனம் உங்களை அனுமதித்துள்ளது. எனவே, இது ஒரு சட்டபூர்வமான முயற்சி, நீங்கள் உடைக்க முயற்சிக்கிறீர்கள், பலவீனமான இணைப்புகளைக் கண்டுபிடிக்க முயற்சிக்கிறீர்கள். ஊடுருவல் சோதனையில். சோதனையாளர். என்ன செய்வார் என்பதைப் பார்க்கிறோம், சோதனையாளர். அடிப்படையில் ஒரு அறிக்கையை. உருவாக்குவார். அறிக்கையில். ஒரு விரிவான அறிக்கை. இருக்கும்; ஊடுருவல் சோதனை. செயல்முறையை இயக்குவதன். விளைவாக நெட்வொர்க்கில். கண்டறியப்பட்ட அனைத்து அறியப்பட்ட பாதிப்புகளையும் இது கொண்டிருக்கும். ஆனால் பொதுவாக அவை தீர்வுகளை வழங்காது. சரி, நீங்கள் அவர்களுக்கான தீர்வுகளையும் தேடலாம், ஆனால் எல்லாமே கூடுதல் அல்லது கூடுதல் கட்டணத்துடன் வருகிறது. எனவே, இதற்கு மாறாக, செக்யூரிட்டி டெஸ்ட் என்பது மற்றொரு சொற்களாகும், இது ஊடுருவல் சோதனை. மற்றும் குறைபாடுகளை சரிசெய்ய இந்த வகையான பரிந்துரைகளை உள்ளடக்கியது. எனவே, நிறுவனத்தின் பாதுகாப்புக் கொள்கைகளை பகுப்பாய்வு செய்வதையும் தீர்வுகளை வழங்குவதையும். இது உள்ளடக்கியது, ஏனென்றால் இறுதியில் நிறுவனம் தங்கள் நெட்வொர்க்கைப். பாதுகாக்க அல்லது பாதுகாக்க முயற்சிக்கும்.","எனவே, இந்த ethical hackers-கள் பொதுவாக companies-வால் பணியமர்த்தப்படுவார்கள், அவர்கள் penetration testing அல்லது ethical hacking-ஐ செய்வார்கள். Penetration testing என்பது முன்பு சொன்னதைப்போல், ஒரு network அல்லது system அல்லது infrastructure-க்கு உள்நுழைய முயற்சி செய்வதாகும். ஆனால் malicious attempt-இன் வேறுபாடு, இது சட்டபூர்வமான முயற்சி என்பதே. Company உங்களுக்கு உங்கள் சொந்த network-ல penetration testing செய்ய அனுமதிக்கிறது, vulnerabilities-ஐ கண்டுபிடிக்கவே. ஆக, இது legal attempt; நீங்கள் network-க்கு break in செய்ய முயற்சிக்கிறீர்கள், weak links-ஐ கண்டுபிடிக்க முயற்சி செய்கிறீர்கள். Penetration testing-ல் tester என்ன செய்கிறார் என்றால், அவருடைய முடிவுகளை ஒரு report-ஆக கொடுப்பார். அந்த report-ல் network-ல் கண்டுபிடிக்கப்பட்ட அனைத்து vulnerabilities-களும் இருக்கும். பொதுவாக, அவர்கள் solution-ஐ provide செய்யமாட்டார்கள், ஆனால் கூடுதலாக செல்லும் charge-க்கு solution-வும் சொல்லக் கூடும். Security test என்பது வேறு terminology. இதில் penetration test மட்டுமல்ல, loopholes-ஐ plug செய்யும் மாதிரியும் suggestions-ஐ கொடுக்கும். இதற்கு மேலாக company security policies-ஐ நிபுணர்கள் analyze செய்து, solutions-ஐ offer செய்வார்கள், ஏனெனில் company அதை பாதுகாக்க அல்லது secured-ஆக வைக்க முயற்சி செய்யும்."
"Of course, there are issues there may be some limited budget.So, within that budget whatever best is possible that have to be taken care of or incorporated.So, these are some decisions the company administration will have to take ok fine.So, some of the terminologies that we normally use ok hacking, in hacking broadly speaking,we we use this term to refer to a process which involves some expertise.We expect the hackers to be expert in what they are doing.At times we also assume that hackers are more intelligent in the persons than the persons who are trying to protect the network.This assumption is always safe to make that will make your network security better ok.Cracking means breaching the security of a some kind of system, it can be software, itcan be hardware, computers networks whatever, this is called cracking you are trying tocrack a system.Spoofing is a kind of attack, where the person who is who is attacking is trying to falsify his or her identity.Suppose, I am I am trying to enter the system, but I am not telling who I am, I am telling I am Mr. X, Mr. X is somebody else right.So, it is the process of faking the originating address in a packet, a packet that flows in a network is sometimes called a datagram ok.","நிச்சயமாக, சில வரையறுக்கப்பட்ட budget.so ஆகியவற்றில் சில சிக்கல்கள் இருக்கலாம், அந்த பட்ஜெட்டுக்குள் எது சிறந்தது என்பதை கவனித்துக் கொள்ள வேண்டும் அல்லது incorporated.so, இவை நிறுவன நிர்வாகம் எடுக்க வேண்டிய சில முடிவுகள் ok fine.so, நாம் பொதுவாக பயன்படுத்தும் சில சொற்கள் ok ஹேக்கிங், ஹேக்கிங்கில் பரவலாகப் பேசுகையில், சில நிபுணத்துவத்தை உள்ளடக்கிய ஒரு செயல்முறையைக் குறிக்க நாங்கள் இந்த வார்த்தையைப் பயன்படுத்துகிறோம். ஹேக்கர்கள் தாங்கள் என்ன செய்கிறார்கள் என்பதில் நிபுணர்களாக இருக்க வேண்டும் என்று நாங்கள் எதிர்பார்க்கிறோம்.சில நேரங்களில் ஹேக்கர்கள் தனிநபர்களில் அதிக புத்திசாலிகள் என்றும் நாங்கள் கருதுகிறோம். இந்த அனுமானம் எப்போதும் உங்கள் நெட்வொர்க் பாதுகாப்பை மேம்படுத்தும் என்று பாதுகாப்பானது ok.cracking என்றால் ஒருவித அமைப்பின் பாதுகாப்பை மீறுவது, அது மென்பொருளாக இருக்கலாம், அது வன்பொருளாக இருக்கலாம், கணினி நெட்வொர்க்குகள் எதுவாக இருந்தாலும், இது நீங்கள் ஒரு system.spoofing ஐ டோக்ராக்","நிச்சயமாக, சில வரையறுக்கப்பட்ட பட்ஜெட் இருக்கலாம் எனவே, அந்த பட்ஜெட்டில் எது சிறந்தது என்பதை கவனித்துக் கொள்ள வேண்டும் அல்லது இணைக்க வேண்டும். எனவே, இவை நிறுவன நிர்வாகம் எடுக்க வேண்டிய சில முடிவுகள். எனவே, நாம் பொதுவாகப் பயன்படுத்தும் சில சொற்கள் சரி ஹேக்கிங், ஹேக்கிங்கில் பரவலாகப் பேசுகையில், சில நிபுணத்துவத்தை உள்ளடக்கிய ஒரு செயல்முறையைப் பார்க்க இந்த வார்த்தையைப் பயன்படுத்துகிறோம். ஹேக்கர்கள் அவர்கள் என்ன செய்கிறார்கள் என்பதில் நிபுணர்களாக இருப்பார்கள் என்று நாங்கள் எதிர்பார்க்கிறோம். சில நேரங்களில் நெட்வொர்க்கைப். பாதுகாக்க முயற்சிக்கும். நபர்களை விட ஹேக்கர்கள் நபர்களில் மிகவும் புத்திசாலித்தனமாக இருப்பதாகவும் கருதுகிறோம். இந்த அனுமானம் எப்போதும் பாதுகாப்பானது, இது உங்கள் நெட்வொர்க். பாதுகாப்பை சிறப்பாக செய்யும். கிராக் என்பது ஒருவித அமைப்பின் பாதுகாப்பை மீறுவதாகும், இது மென்பொருளாக இருக்கலாம், இது வன்பொருளாக. இருக்கலாம், கணினி நெட்வொர்க்குகள். எதுவாக இருந்தாலும், இது கிராக் என்று அழைக்கப்படுகிறது, நீங்கள் ஒரு அமைப்பை விரிசல் செய்ய முயற்சிக்கிறீர்கள். ஸ்பூஃபிங். என்பது ஒரு வகையான தாக்குதல், அங்கு. தாக்குதல் நடத்தும் நபர் தனது அடையாளத்தை தவறாகப் பயன்படுத்த முயற்சிக்கிறார். நான் கணினியில் நுழைய முயற்சிக்கிறேன். என்று வைத்துக்கொள்வோம், ஆனால் நான் யார் என்று சொல்லவில்லை, நான் திரு என்று சொல்கிறேன். X, திரு X வேறு யாரோ. சரி எனவே, இது ஒரு பாக்கெட்டில் தோற்ற முகவரியை போலி செய்வதற்கான செயல்முறையாகும், ஒரு நெட்வொர்க்கில். பாயும். ஒரு பாக்கெட் சில நேரங்களில் டேட்டாகிராம் என்று அழைக்கப்படுகிறது.","நிச்சயமாக, சில வெளியீட்டப்பட்ட budget-ஐ administrations பார்த்து கொண்டே decisões எடுத்துக்கொள்ள வேண்டும். hacking என்று broadly சொன்னால், நாங்கள் அதை விசேஷத் திறமையை (expertise) கொண்ட ஒரு செயலாகவே எடுத்துக் கொள்கிறோம். hackers உண்மையில் அவர்கள் செய்கிறோம் என்று நாங்கள் எதிர்பாக்கிறோம், network-ஐ பாதுகாக்க அவர்களை விட hackers மேல intelligence உள்ளது என்பதே assumption. இதை எடுத்துக் கொள்வது network security-க்கு help ஆகும். Cracking என்பது ஒரு system-ன் security breach செய்வது; அது software, hardware, computers, networks எந்தவொரு வகையிலும் இருக்கும். இது cracking என்று அழைக்கப்படுகிறது. Spoofing என்பது ஒரு kind of attack; இங்கே 공격ம் செய்பவர் அவருடைய identity-யை பாசிப்பதற்காக மாற்ற முயற்சி செய்கிறார். எடுத்துக்கொள்ளுங்கள், நான் system-க்கு உள்நுழைய முயற்சி செய்கிறேன், ஆனால் நானே யார் எனச் சொல்லவில்லை. “I am Mr. X,” என்று கூறுகிறேன். இது originating address-ஐ ஒரு packet-ல், network-க்கு அனுப்பும் போது, அவை datagram என்று அழைக்கப்படும்."
"So, the address will not be my address, I will be changing the address to somebody else's address, so that the person who will be detecting that will believe that someone else is trying to do whatever is being done ok .Denial of service is another very important kind of an attack which often plagues or affects systems or infrastructures.Well, here the idea is that one or a collection of computers or routers or whatever you can say, a collection of nodes in the network, they can flood a particular computer or host with enormous amount of network traffic.The idea is very simple, suppose I want to bring a particular server down, I will try to flood it with millions and millions of packets junk packets, so that the server will spend all of its time filtering out those junk packets.So, whenever some legitimate requests are coming, valid packets are coming, they will find that the service time is exceedingly slow, exceedingly long, this is something which is called denial of service.And port scanning is a terminology which you use very frequently, well ports in a computer system this we shall be discussing later.","எனவே, முகவரி எனது முகவரியாக இருக்காது, நான் முகவரியை வேறொருவரின் முகவரியாக மாற்றுவேன், இதனால் கண்டறியப்படும் நபர் வேறொருவர் என்ன செய்தாலும் அதைச் செய்ய முயற்சிக்கிறார் என்று நம்புவார் சேவை மறுப்பு என்பது மற்றொரு மிக முக்கியமான வகையான தாக்குதலாகும், இது பெரும்பாலும் அமைப்புகள் அல்லது infrastructure.well ஐ பாதிக்கிறது அல்லது பாதிக்கிறது, இங்கே யோசனை என்னவென்றால், ஒன்று அல்லது கணினிகள் அல்லது திசைவிகளின் தொகுப்பு அல்லது நீங்கள் என்ன சொல்ல முடியுமோ, நெட்வொர்க்கில் உள்ள முனைகளின் தொகுப்பு, அவை ஒரு குறிப்பிட்ட கணினியை வெள்ளத்தில் மூழ்கடிக்கலாம் அல்லது நெட்வொர்க்கின் மகத்தான அளவு traffic.the யோசனை மிகவும் எளிதானது, நான் ஒரு குறிப்பிட்ட சேவையகத்தை கீழே கொண்டு வர விரும்புகிறேன் என்று வைத்துக்கொள்வோம், நான் அதை மில்லியன் கணக்கான மற்றும் மில்லியன் கணக்கான பாக்கெட்டுகள் குப்பை பாக்கெட்டுகளால் நிரப்ப முயற்சிப்பேன், இதனால் சேவையகம் தனது முழு நேரத்தையும் அந்த குப்பை பாக்கெட்டுகளை வடிகட்டுவதில் செலவிடுகிறது. எனவே, சில முறையான கோரிக்கைகள் வரும்போதெல்லாம்,","எனவே, முகவரி எனது முகவரியாக இருக்காது, நான் முகவரியை வேறொருவரின் முகவரியாக மாற்றுவேன், இதனால் கண்டறியும் நபர் வேறு யாராவது செய்ய முயற்சிக்கிறார்கள் என்று நம்புவார். சேவையை மறுப்பது என்பது மற்றொரு மிக முக்கியமான வகை தாக்குதல் ஆகும், இது பெரும்பாலும் அமைப்புகள் அல்லது உள்கட்டமைப்புகளை பாதிக்கிறது. இங்கே யோசனை என்னவென்றால், ஒன்று அல்லது கணினிகள் அல்லது ரௌட்டர்ஸ் அல்லது நீங்கள் என்ன சொல்ல முடியும், நெட்வொர்க்கில் உள்ள முனைகளின் தொகுப்பு, அவை ஒரு குறிப்பிட்ட. கணினி அல்லது ஹோஸ்டை மிகப்பெரிய அளவு நெட்வொர்க் டிராஃபிக்கை கொண்டு வெள்ளம் விடலாம். யோசனை மிகவும் எளிது, நான் ஒரு குறிப்பிட்ட. சேவையகத்தை கீழே கொண்டு வர விரும்புகிறேன் என்று வைத்துக்கொள்வோம், மில்லியன் கணக்கான பாக்கெட்டுகள் குப்பை பாக்கெட்டுகளுடன் அதை நிரப்ப முயற்சிப்பேன், இதனால் சேவையகம் அந்த குப்பை பாக்கெட்டுகளை வடிகட்டுவதில் அதன் எல்லா நேரத்தையும் செலவிடும். எனவே, சில முறையான கோரிக்கைகள் வரும்போதெல்லாம், செல்லுபடியாகும் பாக்கெட்டுகள் வருகின்றன, சேவை நேரம் மிகவும் மெதுவாகவும், மிக நீண்டதாகவும் இருப்பதை அவர்கள் காண்பார்கள், இது சேவை மறுப்பு என்று அழைக்கப்படுகிறது. போர்ட் ஸ்கேனிங் என்பது நீங்கள் அடிக்கடி பயன்படுத்தும் ஒரு சொற்களாகும், ஒரு கணினி அமைப்பில் உள்ள போர்ட்கள் இதைப் பற்றி நாம் பின்னர் விவாதிப்போம்.","எனவே, முகவரி எனது முகவரியாக இருக்காது, நான் முகவரியை வேறொருவரின் முகவரியாக மாற்றுவேன்; இதனால் கண்டறிவோம் நபர் வேறொருவர் செயல் முயற்சிக்கிறார் என்று நம்புவர். Denial of service என்பது முக்கியமான attack வகை, இது systems அல்லது infrastructure-ஐ பாதிக்கும். Well, idea என்னவென்றால், ஒன்று அல்லது பல computers, routers, அல்லது nodes-இல் இருந்து network-இன் ஒரு computer அல்லது host-ஐ அதிக network traffic-ஆல் flood செய்யலாம். எடுத்துக்கொள்ளுங்கள், ஒரு server-ஐ down செய்ய வேண்டும் என்றால், ملايين packets junk packets-ஐ அனுப்புவேன்; அது server-ஐ junk packets-ஐ filter செய்ய நேரம் மிகுதியாய் செல்கிறது. சரியான legitimate requests வந்தால், valid packets வந்தால், service time மிக slow ஆகிவிடும். இது denial of service என்பதாகும். Port scanning என்பது, computer system-இல் ports-ஐ very frequently பயன்படுத்தும் terminology ஆகும், இதைப் பற்றி நாம் பின்னர் விவாதிப்போம்."
"Ports indicate some entry points in the system which connects the incoming connections to some programs or processes running in the system.Say means in a computer system there can be multiple programs that are running, and these programs can be associated with something called a port number ok. Whenever you are trying to attack a system, normally the first step is to scan through some dummy packets ping, these are called ping packets and try to find out which of the port numbers in the system are active.Suppose, you find out that there are four ports which are active then normally thereis a well documented hacking guideline which tells you that for these four ports what arethe known vulnerabilities and what are the best ways to attack or get entering those into the system through these ports.So, this port scanning is the process of identifying which are the active ports which are there,and then searching for the corresponding vulnerabilities, so that you can exploit them ok.These are called exploits once you identify the ports you try to find out an exploit through which you can get entry into the system, this is roughly the idea .","துறைமுகங்கள் அமைப்பில் உள்ள சில நுழைவு புள்ளிகளைக் குறிக்கின்றன, இது உள்வரும் இணைப்புகளை சில நிரல்கள் அல்லது செயல்பாடுகளுடன் இணைக்கிறது system.say என்றால் ஒரு கணினி அமைப்பில் பல நிரல்கள் இயங்குகின்றன, மேலும் இந்த நிரல்கள் போர்ட் எண் என்று அழைக்கப்படும் ஒன்றுடன் தொடர்புடையதாக இருக்கலாம் சரி. நீங்கள் ஒரு அமைப்பைத் தாக்க முயற்சிக்கும் போதெல்லாம், பொதுவாக முதல் படி சில போலி பாக்கெட்டுகள் பிங் மூலம் ஸ்கேன் செய்வதாகும், இவை பிங் பாக்கெட்டுகள் என்று அழைக்கப்படுகின்றன, மேலும் அமைப்பில் உள்ள துறைமுக எண்களில் எது active.suppose என்பதைக் கண்டுபிடிக்க முயற்சிக்கவும், செயலில் உள்ள நான்கு துறைமுகங்கள் இருப்பதை நீங்கள் கண்டுபிடிப்பீர்கள், பின்னர் பொதுவாக நன்கு ஆவணப்படுத்தப்பட்ட ஹேக்கிங் வழிகாட்டுதல் உள்ளது, இது இந்த நான்கு துறைமுகங்களுக்கு அறியப்பட்ட பாதிப்புகள் என்ன, மேலும் இந்த ports.so மூலம் அமைப்புக்குள் நுழைய அல்லது தாக்க சிறந்த வழிகள் என்ன என்பதை உங்களுக்குச் சொல்கிறது, இந்த துறைமுக ஸ்கேனிங் என்பது செயலில் உள்ள துறைமுகங்கள் எது என்பதை அடையாளம் காணும் செயல்முறையாகும், பின்னர்","போர்ட்கள் கணினியில் இயங்கும் சில ப்ரோக்ராம்கள் அல்லது ப்ராசஸ்களுடன் உள்வரும் இணைப்புகளை இணைக்கும் சில நுழைவு புள்ளிகளைக் குறிக்கின்றன. ஒரு கணினி அமைப்பில் பல ப்ரோக்ராம்கள் இயங்கக்கூடும் என்று சொல்லுங்கள், மேலும் இந்த ப்ரோக்ராம்கள் ஒரு போர்ட் எண் என்று அழைக்கப்படுவதோடு தொடர்புடையதாக இருக்கலாம். நீங்கள் ஒரு அமைப்பைத் தாக்க முயற்சிக்கும்போதெல்லாம், பொதுவாக முதல் படி சில போலி பாக்கெட்டுகள் பிங் மூலம் ஸ்கேன் செய்வதாகும், இவை பிங் பாக்கெட்டுகள் என்று அழைக்கப்படுகின்றன, மேலும் கணினியில் உள்ள போர்ட் எண்கள் எது செயலில் உள்ளன என்பதைக் கண்டுபிடிக்க முயற்சிக்கவும். செயலில் உள்ள நான்கு போர்ட்கள் இருப்பதை நீங்கள் கண்டுபிடிப்பீர்கள் என்று வைத்துக்கொள்வோம், பின்னர் பொதுவாக நன்கு ஆவணப்படுத்தப்பட்ட ஹேக்கிங் வழிகாட்டுதல் உள்ளது, இது இந்த நான்கு போர்ட்களுக்கு அறியப்பட்ட பாதிப்புகள் என்ன, இந்த போர்ட்கள் மூலம் கணினியில் நுழைவதைத் தாக்க அல்லது பெற சிறந்த வழிகள் என்ன என்பதை உங்களுக்குக் கூறுகிறது. எனவே, இந்த போர்ட் ஸ்கேனிங் என்பது செயலில் உள்ள போர்ட்கள் எது என்பதை அடையாளம் காண்பது, பின்னர் அதனுடன் தொடர்புடைய பாதிப்புகளைத் தேடுவது, இதனால் நீங்கள் அவற்றை சரியாகப் பயன்படுத்தலாம். நீங்கள் கணினியில் நுழையக்கூடிய ஒரு சுரண்டலைக் கண்டுபிடிக்க முயற்சிக்கும் போர்ட்களை நீங்கள் அடையாளம் கண்டவுடன் இவை சுரண்டல்கள் என்று அழைக்கப்படுகின்றன, இது தோராயமாக யோசனை.","ఇది మునుపటి ఉదాహరణను మీరు ఎలా వ్రాస్తారో ఇలా ఉంటుంది – అంటే, 100కి లోపు సరి సంఖ్యల చదరపు విలువల జాబితా.ముందు , మేము ఒక map మరియు filter ఆధారిత పద్ధతిని చర్చించాం.అందులో, మేము ఒక range తీసుకుని దాన్ని క్రమంగా filter చేసి, చివరికి square అనే map ఉపయోగిస్తాము.Python లో, ఈ విధమైన పదజాలంలో ‘for’ కి ముందు ఒక నిలువు గీత (perpendicular line) ఉంటుంది, ఇది సెట్ సంజ్ఞామానం ( notation) నుండి వచ్చింది.ఇది కేవలం x యొక్క square (x^2) తీసుకుంటుంది కానీ – x ఒక సరి సంఖ్య అయినప్పుడు మాత్రమే, ఇక్కడ x అనే విలువలు i in range(100) నుండి వస్తాయి.ఇక్కడ మొత్తం మూడు భాగాలున్నాయి.మొదట, జనరేటర్, ఇది విలువలు ఎక్కడి నుండి వస్తాయో తెలియజేస్తుంది.గమనించండి, లిస్ట్ కంప్రెహెన్షన్ లేదా సెట్ కంప్రెహెన్షన్(LIst comprehension or set comprehension) అంటే, ఇప్పటికే ఉన్న జాబితా లేదా సెట్ నుండి విలువలను తీసుకోవడం.ఈ ఉదాహరణలో, మేము range(100) అనే జాబితా నుండి విలువలను తీసుకుంటున్నాం, కానీ ఇతర జాబితాలను కూడా వాడవచ్చు.అలాగే, i కోసం మనం మరే లిస్ట్ అయినా వాడవచ్చు – ఉదాహరణకు ' for ' మాదిరిగానే"
"Now, talking about gaining access into the system, there are different ways in which you can gain access to a system . One is you are entering the system through the front door . So, the name is also given front door access . Normally, a system, normally I am talking about whenever you try to access the system you try to log in you are validated with respect to some password or something similar to that . So, passwords are the most common ways of gaining entry or access to a system in the present day scenario ok . So, the first attempt through that front door channel will be to guess valid password or try and steal some password . There are many methods that are used for this purpose . During this course you will be seeing some of the tools through which you can try and do this ok . This is the front door . The second thing is a back door which normally a person coming is not able to see, but itis there . Those of you who know there is a back door, they can only enter through that back door . This is the basic idea.","இப்போது, கணினிக்கு அணுகலைப் பெறுவது பற்றி பேசுகையில், நீங்கள் ஒரு கணினிக்கு அணுகலைப் பெற பல்வேறு வழிகள் உள்ளன. ஒன்று நீங்கள் முன் கதவு வழியாக கணினிக்குள் நுழைகிறீர்கள். எனவே, முன் கதவு அணுகல் என்ற பெயரும் வழங்கப்படுகிறது. பொதுவாக, ஒரு அமைப்பு, பொதுவாக நான் பேசுகிறேன் நீங்கள் கணினியை அணுக முயற்சிக்கும் போதெல்லாம் நீங்கள் உள்நுழைய முயற்சிக்கும் போதெல்லாம் சில கடவுச்சொற்கள் அல்லது அது போன்ற ஏதாவது தொடர்பாக சரிபார்க்கப்படுகிறது. எனவே, கடவுச்சொற்கள் இன்றைய சூழ்நிலையில் ஒரு கணினிக்கு நுழைவு அல்லது அணுகலைப் பெறுவதற்கான மிகவும் பொதுவான வழிகள் சரி. எனவே, அந்த முன் கதவு சேனல் வழியாக முதல் முயற்சி செல்லுபடியாகும் கடவுச்சொல்லை யூகிக்க அல்லது சில கடவுச்சொல்லைத் திருட முயற்சிப்பதாகும். இந்த நோக்கத்திற்காக பல முறைகள் பயன்படுத்தப்படுகின்றன. இந்த பாடத்திட்டத்தின் போது நீங்கள் முயற்சி செய்து இதைச் செய்யக்கூடிய சில கருவிகளைக் காண்பீர்கள் சரி. இது முன் கதவு. இரண்டாவது விஷயம் ஒரு பின் கதவு, இது பொதுவாக வரும் நபரால் பார்க்க முடியாது, ஆனால் அது உள்ளது. உங்களில்","இப்போது, கணினியில் அணுகலைப் பெறுவது பற்றி பேசுகையில், நீங்கள் ஒரு கணினியில் அணுகலைப் பெற பல்வேறு வழிகள் உள்ளன. ஒன்று நீங்கள் முன் கதவு வழியாக அமைப்பில் நுழைகிறீர்கள் எனவே, பெயரும் முன் கதவு அணுகல் வழங்கப்படுகிறது. பொதுவாக, ஒரு கணினி, பொதுவாக நான் பேசுவது நீங்கள் உள்நுழைய முயற்சிக்கும் கணினியை அணுக முயற்சிக்கும் போதெல்லாம் நீங்கள் சில கடவுச்சொல் அல்லது அதற்கு ஒத்த ஏதாவது தொடர்பாக சரிபார்க்கப்படுகிறீர்கள். எனவே, கடவுச்சொற்கள் என்பது இன்றைய சூழ்நிலையில் ஒரு அமைப்புக்கு நுழைவு அல்லது அணுகலைப் பெறுவதற்கான மிகவும் பொதுவான வழிகள். எனவே, அந்த முன் கதவு சேனலின் மூலம் முதல் முயற்சி சரியான கடவுச்சொல்லை யூகிப்பது அல்லது சில கடவுச்சொல்லைத் திருட முயற்சிப்பது. இந்த நோக்கத்திற்காக பயன்படுத்தப்படும் பல முறைகள் உள்ளன இந்த பாடத்திட்டத்தின் போது நீங்கள் இதைச் செய்ய முயற்சிக்கும் சில கருவிகளைக் காண்பீர்கள். இது முன் கதவு. இரண்டாவது விஷயம் ஒரு பின் கதவு, இது பொதுவாக ஒரு நபர் வருவதைப் பார்க்க முடியாது, ஆனால் அது அங்கே உள்ளது. உங்களுக்கு தெரிந்தவர்கள் ஒரு பின் கதவு உள்ளது, அவர்கள் அந்த பின் கதவு வழியாக மட்டுமே நுழைய முடியும் இது அடிப்படை யோசனை.","போர்ட்கள் system-இல் சில entry points-ஐ குறிக்கின்றன, இது incoming connections-ஐ சில programs அல்லது processes-க்கு system-இல் connect செய்ய உதவும். Say computer system-இல் multiple programs run ஆகும், அவை ports-இன் மூலம் association பெறும். Attack-இல் நீங்கள் ஒரு system-ஐ hack செய்ய முயற்சிக்கும்போது, முதலில் dummy packets அல்லது ping packet அனுப்பு, எந்த port-இல் activity உள்ளது என்று கண்டுபிடிக்க முயற்சிக்கவும். நீங்கள், example-ஆக, நான்கு active ports கண்டுபிடித்தால், hacking guideline-ல் அந்த port-களின் vulnerabilities மற்றும் attack செய்யும் best way என்ன என்று documentation இருக்கும். Port scanning என்றால், system-இல் active ports-ஐ கண்டுபிடித்து, அதற்கான vulnerabilities-ஐ தேடி exploit செய்வது. Ports identified பின், exploit மூலமாக system-க்கு entry பெறலாம்; roughly this is the idea."
"So, back doors are some you can say entry points to a system which had deliberately kept by the developers . Well, I am giving an example suppose I buy a router a network router from some company, they give me some root password and access rights, I change the root password. So, I am, I am quite happy that means , I have sole access to it, I have changed the password , I am safe .But sometimes it may happen if something goes down, the company might automatically modify or configure reconfigure the router through that back door.They will not even ask you at times.They will automatically enter the router through that backdoor entry, there will be some special password through which they can possibly enter and they can make some changes inside. Such back doors are known to exist in many systems not only hardware systems also many of these software systems, software packages ok.Well, usually developers keep it as debugging or diagnostic tools, but sometimes these are also used for malicious purposes ok.","எனவே, பின்புற கதவுகள் டெவலப்பர்களால் வேண்டுமென்றே வைத்திருந்த ஒரு அமைப்பிற்கான நுழைவு புள்ளிகள் என்று நீங்கள் கூறக்கூடியவை. சரி, நான் ஒரு உதாரணம் தருகிறேன், நான் ஒரு நெட்வொர்க் திசைவி ஒரு சில நிறுவனத்திடமிருந்து ஒரு திசைவியை வாங்குகிறேன் என்று வைத்துக்கொள்வோம், அவர்கள் எனக்கு சில ரூட் கடவுச்சொல்லை வழங்குகிறார்கள் மற்றும் அணுகல் உரிமைகளை வழங்குகிறார்கள், நான் ரூட் கடவுச்சொல்லை மாற்றுகிறேன். எனவே, நான், நான் மிகவும் மகிழ்ச்சியாக இருக்கிறேன், அதாவது, எனக்கு ஒரே அணுகல் உள்ளது, நான் கடவுச்சொல்லை மாற்றியுள்ளேன், நான் பாதுகாப்பாக இருக்கிறேன். ஆனால் சில நேரங்களில் ஏதாவது கீழே சென்றால் அது நடக்கலாம், நிறுவனம் தானாகவே திருத்தலாம் அல்லது கட்டமைக்கலாம் அந்த பின்புற door.they மூலம் திசைவியை மறுகட்டமைக்கவும் அந்த பின்புற door நுழைவு மூலம் times.they தானாகவே திசைவியை உள்ளிடும் என்று கூட நீங்கள் கேட்க மாட்டீர்கள், சில சிறப்பு கடவுச்சொற்கள் இருக்கும், அதன் மூலம் அவர்கள் நுழையலாம் மற்றும் அவர்கள் உள்ளே சில மாற்றங்களைச் செய்யலாம். இத்தகைய பின்","எனவே, பின் கதவுகள் சில நீங்கள் ஒரு அமைப்புக்கு நுழைவு புள்ளிகள் என்று சொல்லலாம், இது டெவலப்பர்களால் வேண்டுமென்றே வைத்திருந்தது. நான் ஒரு எடுத்துக்காட்டைக் கொடுக்கிறேன், நான் ஒரு நிறுவனத்திடமிருந்து ஒரு ரௌட்டர் நெட்வொர்க் ரௌட்டர் வாங்குகிறேன் என்று வைத்துக்கொள்வோம், அவர்கள் எனக்கு சில ரூட் கடவுச்சொல் மற்றும் அணுகல் உரிமைகளைத் தருகிறார்கள், நான் ரூட் கடவுச்சொல்லை மாற்றுகிறேன். எனவே, நான் மிகவும் மகிழ்ச்சியடைகிறேன், அதாவது, எனக்கு அதற்கான ஒரே அணுகல் உள்ளது, நான் கடவுச்சொல்லை மாற்றியுள்ளேன், நான் பாதுகாப்பாக இருக்கிறேன். ஆனால் சில நேரங்களில் ஏதாவது குறைந்துவிட்டால், நிறுவனம் தானாகவே அந்த பின் கதவு வழியாக ரௌட்டர் ஐ மாற்றியமைக்கலாம் அல்லது மறு கட்டமைக்கலாம். அவர்கள் சில நேரங்களில் உங்களிடம் கேட்க மாட்டார்கள். அவர்கள் தானாகவே அந்த பேக் டோர் நுழைவு வழியாக ரௌட்டர் ல் நுழைவார்கள், சில சிறப்பு. கடவுச்சொல் இருக்கும், இதன் மூலம் அவர்கள் நுழைய முடியும், மேலும் அவர்கள் உள்ளே சில மாற்றங்களைச் செய்யலாம். இதுபோன்ற பேக் டோர்ஸ் பல கணினிகளில் உள்ளன, ஹார்ட்வர் சிஸ்டம்ஸ் மட்டுமல்ல, இந்த சாப்ட்வேர் சிஸ்டம்ஸ், சாப்ட்வேர் தொகுப்புகள் பலவற்றிலும் உள்ளன. பொதுவாக டெவலப்பர்கள் இதை டீபக்கிங் அல்லது கண்டறியும் கருவிகளாக வைத்திருக்கிறார்கள், ஆனால் சில நேரங்களில் இவை தீங்கிழைக்கும் நோக்கங்களுக்காகவும் பயன்படுத்தப்படுகின்றன.","எனவே, ""back doors"" என்பது சில system-இல் entry points-ஆக developers திட்டமிட்டு வைத்திருக்கிறார்கள். உதாரணமாக, நான் ஒரு router அல்லது network router வாங்கினால், company சில root password மற்றும் access rights கொடுக்கும்; நான் root password மாற்றினால், எனக்கு access உண்டு, நான் பாதுகாப்பாக இருக்கிறேன். ஆனால், சில நேரங்களில் company automatically router-க்கு மாற்றம் அல்லது configuration செய்யலாம் backdoor மூலமாக; அந்த நேரத்தில் company-ன் root access-ஐ பெற்றுக்கொள்வார்கள், நான் கேட்கவேண்டியதில்லை, அவர்கள் வாயிலாக உட்புகும். இதைப் பயன்படுத்த, company-க்கு சில special password இருக்கும். அவர்கள் system-க்கு backdoor வழியாக access பெறுவார்கள். இந்த back doors பல systems-இல் வந்திருக்கிறது; hardware systems மட்டுமல்ல, பல software systems, software packages-ம் உண்டு. Well, பொதுவாக developers debugging அல்லது diagnostic tools-க்காக வைத்திருப்பார்கள், ஆனால் சில நேரங்களில் malicious purposes-க்காகவும் பயன்படுத்தப்படுகின்றன."
"Then comes the Trojan Horses . Now, if you remember the story of the Trojan Horse where it is something which was hidden inside a horse, some warriors were hidden inside a horse . Suddenly some time one night, they they just comes out and start creating havoc . Trojan Horse is also in terms of a computer system something very similar . Here let us think of a software first . So, it is a software code that is hidden inside a larger software . Well, as a user you are not even aware that such a Trojan is there inside the software ok . Now, what happens sometimes that Trojan software can start running and can do lot of malicious things in your system.For example, they can install some back doors through which other persons or other packets can gain entry into your system . Nowadays, you will also learn as part of the course later Trojans can also exists in hardware . Whenever you built a chip, you fabricate a chip . Without your knowledge, some additional circuitry can get fabricated which can allow unauthorized access or use of your chip of your system during its actual runtime ok.","பின்னர் ட்ரோஜன் குதிரைகள் வருகின்றன. இப்போது, ட்ரோஜன் குதிரையின் கதை உங்களுக்கு நினைவிருந்தால், அது ஒரு குதிரைக்குள் மறைக்கப்பட்ட ஒன்று, சில போர்வீரர்கள் ஒரு குதிரைக்குள் மறைக்கப்பட்டனர். திடீரென்று ஒரு இரவில் சில நேரங்களில், அவர்கள் வெளியே வந்து பேரழிவை உருவாக்கத் தொடங்குகிறார்கள். ட்ரோஜன் குதிரை என்பது ஒரு கணினி அமைப்பைப் பொறுத்தவரை மிகவும் ஒத்த ஒன்றாகும். இங்கே முதலில் ஒரு மென்பொருளைப் பற்றி சிந்திப்போம். எனவே, இது ஒரு பெரிய மென்பொருளுக்குள் மறைக்கப்பட்டிருக்கும் மென்பொருள் குறியீடு. சரி, ஒரு பயனராக அத்தகைய ட்ரோஜன் மென்பொருளுக்குள் உள்ளது என்பது கூட உங்களுக்குத் தெரியாது சரி. இப்போது, சில நேரங்களில் என்ன நடக்கிறது என்றால் ட்ரோஜன் மென்பொருள் இயக்கத் தொடங்கலாம் மற்றும் உங்கள் system.for இல் பல தீங்கிழைக்கும் விஷயங்களைச் செய்யலாம், எடுத்துக்காட்டாக, அவர்கள் சில பின் கதவுகளை நிறுவலாம், இதன் மூலம் மற்ற நபர்கள் அல்லது பிற பாக்கெட்டுகள் உங்கள் அமைப்பிற்குள் நுழையலாம். இப்போதெல்லாம், பின்னர் பாடத்திட்டத்தின் ஒரு பகுதியாக நீங்கள் கற்றுக்கொ","பின்னர் ட்ரோஜன் ஹார்ஸ் வருகிறது இப்போது, ட்ரோஜன் குதிரையின் கதையை நீங்கள் நினைவில் வைத்திருந்தால், அது ஒரு குதிரையின் உள்ளே மறைக்கப்பட்ட ஒன்று, சில போர்வீரர்கள் ஒரு குதிரையின் உள்ளே மறைக்கப்பட்டனர். திடீரென்று ஒரு இரவு, அவர்கள் வெளியே வந்து பேரழிவை உருவாக்கத் தொடங்குகிறார்கள் ட்ரோஜன் ஹார்ஸ் ஒரு கணினி அமைப்பின் அடிப்படையில் மிகவும் ஒத்த ஒன்று. இங்கே முதலில் ஒரு மென்பொருளைப் பற்றி சிந்திக்கலாம். எனவே, இது ஒரு பெரிய மென்பொருளுக்குள் மறைக்கப்பட்ட ஒரு மென்பொருள் குறியீடு ஆகும். ஒரு பயனராக, மென்பொருளுக்குள் இதுபோன்ற ட்ரோஜன் இருப்பதை நீங்கள் அறிந்திருக்கவில்லை. இப்போது, சில நேரங்களில் என்ன நடக்கிறது என்றால், ட்ரோஜன் மென்பொருள் இயங்கத் தொடங்கலாம் மற்றும் உங்கள் கணினியில் தீங்கிழைக்கும் விஷயங்களைச் செய்யலாம். எடுத்துக்காட்டாக, அவர்கள் சில பின் கதவுகளை நிறுவலாம், இதன் மூலம் மற்ற நபர்கள் அல்லது பிற பாக்கெட்டுகள் உங்கள் கணினியில் நுழைய முடியும். இப்போதெல்லாம், பாடத்தின் ஒரு பகுதியாகவும் நீங்கள் கற்றுக்கொள்வீர்கள், ட்ரோஜான்கள் ஹார்ட்வர் -ல் கூட இருக்கலாம். நீங்கள் ஒரு சிப்பை உருவாக்கும் போதெல்லாம், நீங்கள் ஒரு சிப்பை உருவாக்குகிறீர்கள் உங்கள் அறிவு இல்லாமல், சில கூடுதல் சர்க்யூட் புனைகதை செய்யப்படலாம், இது உங்கள் சிஸ்டத்தின் சிப்பின் உண்மையான இயக்க நேரத்தில் அங்கீகரிக்கப்படாத அணுகல் அல்லது பயன்பாட்டை அனுமதிக்கும்.","பின்னர் Trojan Horses வருகிறார்கள். இப்போது, Trojan horse கதை உங்களுக்கு நினைவில் இருந்தால், அது ஒரு குதிரைகளின் உள்ளே மறைக்கப்பட்ட ஒன்று, சில warriors உள்ளே மறைக்கப்பட்டனர். சில நாள்களில் ஒருநாள், அவர்கள் வெளியே வந்து havoc உருவாக்குகிறார்கள். Trojan Horse என்பது computer system-இல் இருக்கும் Trojan-க்கும் ஒத்தது. ஒரு software-க்கு எடுத்துக்கொள்வோம், small code-ன் உள்ளே பெரிய software. நீங்கள் user-ஆ இருந்தால், Trojan அந்த software-ல் இருப்பதை முழுமையாக அறிய முடியாது. இப்போது, Trojan software run ஆனால், malicious activities system-இல் செய்யக்கூடும். ตัวอย่าง நமக்கு தெரியாத பின்தலைவு back doors வைத்து, மற்றவர்கள் system-க்கு unauthorized access பெறலாம். இப்போது, Trojans hardware-இல் கூட இருக்கலாம். நீங்கள் chip fabricate செய்தால், அந்த chip-ல் சில additional circuitry fabricate செய்யலாம், அதுகுறித்து தெரியாமல் unauthorized access system-க்கு கிடைக்கலாம்."
"And lastly come software vulnerabilities exploitation. Well, when a software is developed by a company that software is sold with time some vulnerabilities might get detected. Normally, those vulnerabilities are published in the website of that company that well, these are the vulnerabilities please install this patch to stop or overcome that vulnerability. But everyone do not see that message and do not install the patch. But as a hacker if you go there and see that well these are the vulnerabilities in that software, you try to find out where all that software is installed, and you try to break into those in using those vulnerable points ok. And this kind of software vulnerabilities are typically used, you can say as a playground for the first time hackers. Sometimes they are called script kiddies.The hackers who are just learning how to hack and that is the best place means already in some website it is mentioned that these are the vulnerabilities, they just try to hack and see that whether they are able to do it or not ok all right.","கடைசியாக மென்பொருள் பாதிப்புகள் சுரண்டல் வருகிறது. சரி, ஒரு நிறுவனம் ஒரு மென்பொருளை உருவாக்கும்போது அந்த மென்பொருள் காலப்போக்கில் விற்கப்படும்போது சில பாதிப்புகள் கண்டறியப்படலாம். பொதுவாக, அந்த பாதிப்புகள் அந்த நிறுவனத்தின் வலைத்தளத்தில் வெளியிடப்படுகின்றன, இவைதான் பாதிப்புகள் தயவுசெய்து அந்த பாதிப்பை நிறுத்த அல்லது சமாளிக்க இந்த தொகுப்பை நிறுவவும். ஆனால் எல்லோரும் அந்த செய்தியைப் பார்க்கவில்லை, தொகுப்பை நிறுவவில்லை. ஆனால் ஒரு ஹேக்கராக நீங்கள் அங்கு சென்று இந்த மென்பொருளில் உள்ள பாதிப்புகள் இவை என்பதைப் பார்த்தால், அந்த மென்பொருள் அனைத்தும் எங்கு நிறுவப்பட்டுள்ளன என்பதைக் கண்டறிய முயற்சிக்கிறீர்கள், மேலும் அந்த பாதிக்கப்படக்கூடிய புள்ளிகளைப் பயன்படுத்துவதில் அவற்றை உடைக்க முயற்சிக்கிறீர்கள் சரி. இந்த வகையான மென்பொருள் பாதிப்புகள் பொதுவாக பயன்படுத்தப்படுகின்றன, முதல் முறையாக ஹேக்கர்களுக்கு ஒரு விளையாட்டு மைதானமாக நீங்கள் சொல்லலாம். சில நேரங்களில் அவை ஸ்கிரிப்ட் kiddies.the ஹேக்கர்கள் என்று அழைக்கப்படுகின்றன, அவர்கள் ஹேக் செய்வதைக் கற்றுக்கொள்கிறார்கள், அதுதான் சிறந்த இடம், அதாவது ஏற்கன","கடைசியாக மென்பொருள் பாதிப்புகளின் சுரண்டல் வருகிறது. ஒரு நிறுவனத்தால் ஒரு மென்பொருள் உருவாக்கப்படும்போது, அந்த மென்பொருள் விற்கப்படும் நேரத்தில் சில பாதிப்புகள் கண்டறியப்படலாம். பொதுவாக, அந்த பாதிப்புகள் அந்த நிறுவனத்தின் இணையதளத்தில் வெளியிடப்படுகின்றன, இவைதான் பாதிப்புகள், தயவுசெய்து இந்த பாதிப்பை நிறுத்த அல்லது சமாளிக்க இந்த பேட்சை நிறுவவும். ஆனால் எல்லோரும் அந்த செய்தியைப் பார்க்கவில்லை மற்றும் பேட்சை நிறுவ வேண்டாம் ஆனால் ஒரு ஹேக்கராக நீங்கள் அங்கு சென்று அந்த மென்பொருளில் உள்ள பாதிப்புகள் இவை என்பதைக் கண்டால், அந்த மென்பொருள் எங்கு நிறுவப்பட்டுள்ளது என்பதைக் கண்டுபிடிக்க முயற்சிக்கிறீர்கள், மேலும் அந்த பாதிப்புள்ள புள்ளிகளைப் பயன்படுத்தி அவற்றை உடைக்க முயற்சிக்கிறீர்கள். இந்த வகையான மென்பொருள் பாதிப்புகள் பொதுவாகப் பயன்படுத்தப்படுகின்றன, முதல். முறையாக ஹேக்கர்கள் ஒரு விளையாட்டு மைதானமாக நீங்கள் கூறலாம். சில நேரங்களில் அவை ஸ்கிரிப்ட். கிட்ஸ் என்று அழைக்கப்படுகின்றன. ஹேக் செய்வது எப்படி என்பதைக் கற்றுக். கொள்ளும் ஹேக்கர்கள் மற்றும் அது சிறந்த இடம் என்றால் ஏற்கனவே சில வலைத்தளங்களில் இவை பாதிப்புகள் என்று குறிப்பிடப்பட்டுள்ளது, அவர்கள் ஹேக் செய்து பார்க்க. முயற்சிக்கிறார்கள், அவர்கள் அதைச் செய்ய முடியுமா இல்லையா. என்பதைப் பார்க்கவும்.","கடைசியாக மென்பொருள் vulnerabilities சாண்டல் வருகிறது. ஒரு company ஒரு மென்பொருள் develop செய்து அவை time-க்கு vulnerabilities கண்டுபிடிக்கப்படும். பொதுவாக, அந்த vulnerabilities அந்த company-யின் website-ல் வெளியிடப்படும், அவை vulnerabilities published, அவை patch செய்யவும் install செய்ய சொல்லுவார்கள். ஆனால், எல்லோரும் அந்த message-ஐ install செய்ய மாட்டார்கள். Hacker என்றால், அந்த vulnerabilities software-இல் உள்ளவை என்று பார்த்துவிட்டு, software-யின் vulnerabilities-ஐ exploit செய்து, system-க்கு unauthorized access பெற முயற்சிப்பார். இந்த software vulnerabilities script kiddies (first time hackers) ஆகியோரால் playground-ஆகப் பயன்படுத்தப்படும், அவர்கள் hacking கற்றுக்கொள்ளும் இடங்கள். Websites-ல் vulnerabilities list-ஆக இருக்கும், அவர்கள் just hack செய்து exploit செய்கிறார்கள், செய் முடியுமா இல்லையா என்று பார்க்க அவர்கள் முயற்சிப்பார்கள்."
"Now, once a hacker gains access inside a system, there can be a number of things that can be done. For example, every system usually has a log which monitors that who is logging into the system at what time, what commands they are running and so on and so forth. So, if the hacker gets into the system the first thing he or she will will possibly try to do is modify the log, so that their tracks are erased. So, if the system administrator looks at the log later on, they will not understand that well an hacking actually happened or not. So, some entries in the log file can get deleted can be deleted, some files may be stolen,sometimes after stealing the files can be destroyed also ok, some files might get modified like you have heard of defacement of websites some hackers, break into website and changethe contents of the page to something malicious, so that people know that well we came herewe hacked your system ok just to cause mischief well. Installing backdoors is more dangerous.","இப்போது, ஒரு ஹேக்கர் ஒரு கணினிக்குள் அணுகலைப் பெற்றவுடன், பல விஷயங்களைச் செய்ய முடியும். எடுத்துக்காட்டாக, ஒவ்வொரு கணினியிலும் பொதுவாக ஒரு பதிவு உள்ளது, இது எந்த நேரத்தில் யார் கணினியில் உள்நுழைகிறார்கள், அவர்கள் எந்த கட்டளைகளை இயக்குகிறார்கள் மற்றும் பலவற்றைக் கண்காணிக்கிறது. எனவே, ஹேக்கர் கணினிக்குள் நுழைந்தால், அவர் அல்லது அவள் செய்ய முயற்சிக்கும் முதல் விஷயம் பதிவை மாற்றியமைப்பதாகும், இதனால் அவர்களின் தடங்கள் அழிக்கப்படும். எனவே, கணினி நிர்வாகி பின்னர் பதிவைப் பார்த்தால், ஒரு ஹேக்கிங் உண்மையில் நடந்ததா இல்லையா என்பதை அவர்கள் புரிந்து கொள்ள மாட்டார்கள். எனவே, பதிவு கோப்பில் உள்ள சில உள்ளீடுகள் நீக்கப்படலாம், சில கோப்புகள் திருடப்படலாம், சில நேரங்களில் கோப்புகளைத் திருடிய பிறகு அழிக்கப்படலாம், சில ஹேக்கர்கள் வலைத்தளங்களை சிதைப்பது பற்றி நீங்கள் கேள்விப்பட்டதைப் போல சில கோப்புகள் மாற்றியமைக்கப்படலாம், வலைத்தளத்திற்குள் நுழைந்து பக்கத்தின் உள்ளடக்கங்களை தீங்கிழைக்கும் ஒன்றாக மாற்றலாம், இதனால் மக்கள் நன்கு அறிவார்கள் நாங்கள் இங்கு வந்தோம் உங்கள் அமைப்பை ஹே","இப்போது, ஒரு ஹேக்கர் ஒரு சிஸ்டமுக்குள் அணுகலைப் பெற்றவுடன், பல விஷயங்களைச் செய்ய முடியும். எடுத்துக்காட்டாக, ஒவ்வொரு கணினியிலும் பொதுவாக ஒரு பதிவு உள்ளது, இது கணினியில் யார் எந்த நேரத்தில் உள்நுழைகிறார்கள், அவர்கள் என்ன கட்டளைகளை இயக்குகிறார்கள் மற்றும் பலவற்றை கண்காணிக்கிறது. எனவே, ஹேக்கர் கணினியில் நுழைந்தால், அவர் அல்லது அவள் செய்ய முயற்சிக்கும். முதல் விஷயம் பதிவுகளை மாற்றியமைப்பதாகும், இதனால் அவற்றின் தடங்கள் அழிக்கப்படும். எனவே, கணினி நிர்வாகி பின்னர் பதிவுகளைப் பார்த்தால், ஹேக்கிங் உண்மையில். நடந்ததா இல்லையா என்பதை அவர்கள் புரிந்து கொள்ள மாட்டார்கள். எனவே, லாக் பைலில் உள்ள சில உள்ளீடுகள் நீக்கப்படலாம், சில பைல்கள் திருடப்படலாம், சில சமயங்களில் பைல்களைத் திருடியபின் அழிக்கப்படலாம், சில பைல்கள் மாற்றியமைக்கப்படலாம், நீங்கள் வலைத்தளங்களை சிதைப்பதைப் பற்றி கேள்விப்பட்டிருப்பீர்கள், சில ஹேக்கர்கள், வலைத்தளத்தை உடைத்து, பக்கத்தின் உள்ளடக்கங்களை தீங்கிழைக்கும் ஒன்றாக மாற்றுகிறார்கள், இதனால் மக்கள் நன்கு அறிவார்கள் நாங்கள் இங்கு வந்தோம், உங்கள் கணினியை மோசடி செய்ய நாங்கள் ஹேக் செய்தோம். பேக் டோர்ஸ் நிறுவுவது மிகவும் ஆபத்தானது","ஒரு hacker ஒரு system-க்கு access பெற்றவுடன், பல விஷயங்களை செய்ய முடியும். ஒவ்வொரு system-இலும் பொதுவாக log இருக்கும், எந்த நேரத்தில் யார் login செய்கிறார்கள், என்ன commands செயல்படும் என்று காண்பிக்கும். Hacker system-க்கு உள்நுழைந்ததும், முதலில் செய்யப்போவது log modify செய்வது, அதனால் tracks disappear ஆகும். System administrator பின்பு log பார்த்தாலும், hacking நடந்ததா அல்லது இல்லையா என்பதைப் புரிந்து கொள்ள முடியாது. Log file-இல் உள்ள entries delete செய்யப்படலாம், சில filesஎதிர்மறையாக delete செய்யப்படலாம், சில files செய்வதற்கு முன்னர் அவை திருடப்படலாம், சில files-இல் malicious content எழுத hackers website hack செய்து message மாற்றும். இதனால், public-க்கு hacking நடந்தது என்பதைக் காட்ட hackers contents change செய்பவர்கள். Backdoors நிறுவுவது மிகவும் ஆபத்தானது."
"So, you will not understand what has happened, but someone has opened a back door through which anyone can enter into a system whenever they want ok. And from your system, some other systems can be attacked. Suppose in a network, there are 100 computers, someone gains entry into one of the systemsone of the computers; from there the other 99 computers can be attacked if they want to right ok .Now, talking about the roles of the testers, who are carrying out the security testingand penetration testing. Well, I talked about script kiddies the beginners who have just learned how to break into systems.They are typically young or inexperienced hackers.So, usually what they do, they look at some existing websites lot of such hacking documentations are there, from there the typically copy codes, run them on the system and see that whetheractually the attacks are happening as it has been published or discussed in those websites right. But experienced penetration testers they do not copy codes from such other places , they usually develop scripts, they use a set of tools, and they run a set of scripts using which they run those tools in some specific ways to carry out specific things.","எனவே, என்ன நடந்தது என்று உங்களுக்குப் புரியாது, ஆனால் யாரோ ஒருவர் ஒரு பின் கதவைத் திறந்துள்ளார், இதன் மூலம் யார் வேண்டுமானாலும் ஒரு அமைப்பிற்குள் நுழையலாம். உங்கள் அமைப்பிலிருந்து, வேறு சில அமைப்புகள் தாக்கப்படலாம். ஒரு நெட்வொர்க்கில், 100 கணினிகள் உள்ளன என்று வைத்துக்கொள்வோம், கணினியின் அமைப்புகளில் ஒன்றில் யாரோ ஒருவர் நுழைகிறார்; அங்கிருந்து மற்ற 99 கணினிகள் அவர்கள் விரும்பினால் தாக்கப்படலாம் சரி. இப்போது, பாதுகாப்பு சோதனை மற்றும் ஊடுருவல் சோதனையை மேற்கொள்ளும் சோதனையாளர்களின் பாத்திரங்களைப் பற்றி பேசுகிறேன். சரி, நான் ஸ்கிரிப்ட் குழந்தைகளைப் பற்றி பேசினேன், அவர்கள் எப்படி நுழைவது என்பதைக் கற்றுக்கொண்ட தொடக்கக்காரர்கள் systems.they பொதுவாக இளைஞர்கள் அல்லது அனுபவமற்ற hackers.so, பொதுவாக அவர்கள் என்ன செய்கிறார்கள், அவர்கள் ஏற்கனவே உள்ள சில வலைத்தளங்களைப் பார்க்கிறார்கள் அத்தகைய ஹேக்கிங் ஆவணங்கள் நிறைய உள்ளன, அங்கிருந்து பொதுவாக நகலெடுக்கப்பட்ட குறியீடுகள், அவற்றை கணினியில் இயக்கவும், தாக்குதல்கள் உண்மையில் நடக்கிறதா என்று பார்க்கவும் அது வெளியிடப்பட்ட","எனவே, என்ன நடந்தது என்பதை நீங்கள் புரிந்து கொள்ள மாட்டீர்கள், ஆனால் யாரோ ஒரு பின் கதவைத் திறந்துள்ளனர், இதன் மூலம் அவர்கள் விரும்பும் போதெல்லாம் ஒரு அமைப்புக்குள் நுழைய முடியும். உங்கள் கணினியிலிருந்து, வேறு சில கணினிகள் தாக்கப்படலாம் ஒரு நெட்வொர்க்கில், 100 கம்ப்யூட்டர்கள் உள்ளன என்று வைத்துக்கொள்வோம், யாரோ கணினிகளில் ஒன்றில் நுழைகிறார்கள்; அங்கிருந்து மற்ற 99 கம்ப்யூட்டர்கள் தாக்கப்படலாம். இப்போது, செக்யூரிட்டி டெஸ்டிங் மற்றும் பெனிட்ரேஷன் டெஸ்டிங் ஆகியவற்றை மேற்கொள்ளும் டெஸ்டர்களின் பாத்திரங்களைப் பற்றி பேசுகிறோம். நான் ஸ்கிரிப்ட். கிட்ஸைப் பற்றி பேசினேன், ஆரம்பத்தில் சிஸ்டம்களை. எவ்வாறு உடைப்பது என்பதைக் கற்றுக்கொண்டவர்கள் அவர்கள் பொதுவாக இளம் அல்லது அனுபவமற்ற ஹேக்கர்கள் எனவே, வழக்கமாக அவர்கள் என்ன செய்கிறார்கள், அவர்கள் ஏற்கனவே இருக்கும் சில வலைத்தளங்களைப் பார்க்கிறார்கள், இதுபோன்ற ஹேக்கிங் ஆவணங்கள் நிறைய உள்ளன, அங்கிருந்து பொதுவாக நகல் குறியீடுகள், அவற்றை கணினியில் இயக்கி, அந்த வலைத்தளங்களில் வெளியிடப்பட்ட அல்லது விவாதிக்கப்பட்டபடி தாக்குதல்கள் உண்மையில். நடக்கிறதா என்று பாருங்கள். ஆனால் அனுபவம் வாய்ந்த ஊடுருவல் சோதனையாளர்கள் அவர்கள் அத்தகைய பிற இடங்களிலிருந்து குறியீடுகளை நகலெடுக்க மாட்டார்கள், அவர்கள் வழக்கமாக ஸ்கிரிப்ட்களை. உருவாக்குகிறார்கள், அவர்கள் ஒரு கருவிகளின் தொகுப்பைப் பயன்படுத்துகிறார்கள், மேலும் அவர்கள் அந்த கருவிகளை சில குறிப்பிட்ட வழிகளில் இயக்கும். ஸ்கிரிப்ட்களின். தொகுப்பை இயக்குகிறார்கள்.","எனவே, என்ன நடந்தது என்பது முழுமையாக புரியாத படி இருக்கும், ஆனால் யாரோ ஒருவர் ஒரு back door-ஐ திறந்துவிட்டார், அதனால் எந்த நேரத்திலும் system-க்கு யாரும் உள்நுழையலாம். உங்கள் system-இல் இருந்து, வேறு systems-ஐ attack செய்யலாம். எடுத்துக்கொள்ளுங்கள், 100 computers உள்ள network-ல் ஒருவர் ஒரு system-க்கு access பெற்றால், மேலும் மற்ற 99 computers-ம் attack செய்யலாம். Security testing, penetration testing செய்வோர் testers-ன் பங்கும் பற்றிப் பேசுகிறேன். Script kiddies என்றால், basic hacking தெரிந்த beginners, அவர்களின் primary approach, hacking documentation-ஐ website-இல் பார்த்து copy செய்து, system-ல் run செய்து attack நடந்துவிட்டதா என்று காண்பது. Experienced penetration testers, outsider hacking codes-ஐ மட்டும் பயன்படுத்தமாட்டார்கள்; அவர்கள் சொந்தமாக scripts எழுதி, தனிப்பட்ட set of tools மூலம் execute செய்வார்கள், ஒரு சில tools-ஐ use பண்ணி specific task-ஐ run செய்வார்கள்."
"And these tools or these scripts are typically written in different scripting language like Perl, Python, JavaScript, they can be written also in language like C, C plus plus and soon. Now, broadly the penetration testing methodologies if you think about, first thing is that the person who is doing penetration testing he or she must have all the set of tools at his or her disposal .This is sometimes called a tiger box. Tiger box basically is a collection of operating systems and hacking tools which typically is is installed in a portable system like a laptop, from there wherever the person wants to carry out penetration testing he or she can run the correct tool from there and try to mount a virtual attack on that system, and see whether there are any vulnerabilities or not. So, this kind of tools helps penetration testers and security tester to conduct vulnerability assessment and attacks. This tiger box contains a set of all useful tools that are required for that ok. Now, for doing this penetration testing, from the point of view of the tester, the best thing is white box model. Where the company on whose behalf you are doing the testing tells the tester everything about the network and the network infrastructure, they provide you with a circuit diagram with all the details ok, means about the network topology, what kind of new technologies are used in the network everything.","இந்த கருவிகள் அல்லது இந்த ஸ்கிரிப்ட்கள் பொதுவாக பெர்ல், பைத்தான், ஜாவாஸ்கிரிப்ட் போன்ற வெவ்வேறு ஸ்கிரிப்டிங் மொழியில் எழுதப்படுகின்றன, அவை சி, சி பிளஸ் பிளஸ் மற்றும் விரைவில் போன்ற மொழியிலும் எழுதப்படலாம். இப்போது, பரவலாக ஊடுருவல் சோதனை முறைகள் பற்றி நீங்கள் நினைத்தால், முதல் விஷயம் என்னவென்றால், ஊடுருவலைச் சோதிக்கும் நபர் அவர் அல்லது அவள் வசம் உள்ள அனைத்து கருவிகளையும் வைத்திருக்க வேண்டும். இது சில நேரங்களில் புலி பெட்டி என்று அழைக்கப்படுகிறது. புலி பெட்டி அடிப்படையில் இயக்க முறைமைகள் மற்றும் ஹேக்கிங் கருவிகளின் தொகுப்பாகும், இது பொதுவாக மடிக்கணினி போன்ற சிறிய அமைப்பில் நிறுவப்படுகிறது, அங்கிருந்து அந்த நபர் ஊடுருவல் சோதனையைச் செய்ய விரும்பும் இடத்தில் அவர் அல்லது அவள் அங்கிருந்து சரியான கருவியை இயக்கலாம் மற்றும் அந்த அமைப்பின் மீது மெய்நிகர் தாக்குதலை நடத்த முயற்சிக்கலாம், மேலும் ஏதேனும் பாதிப்புகள் உள்ளதா இல்லையா என்பதைப் பார்க்கலாம். எனவே, இந்த வகையான கருவிகள் ஊடுருவல் சோதனையாளர்கள் மற்றும் பாதுகாப்பு சோதனையாள","இந்த கருவிகள் அல்லது ஸ்கிரிப்ட்கள் பொதுவாக பெர்ல், பைதான், ஜாவாஸ்கிரிப்ட் போன்ற வெவ்வேறு ஸ்கிரிப்டிங் மொழியில் எழுதப்படுகின்றன, அவை சி, சி பிளஸ் பிளஸ் மற்றும் விரைவில் போன்ற மொழியிலும் எழுதப்படலாம். இப்போது, பெனிட்ரேஷன் டெஸ்டிங் முறைகளைப் பற்றி நீங்கள் சிந்தித்தால், முதல் விஷயம் என்னவென்றால், பெனிட்ரேஷன் டெஸ்டிங் செய்யும் நபர் அவர் அல்லது அவள் தனது வசம் அனைத்து கருவிகளையும் வைத்திருக்க வேண்டும். இது சில நேரங்களில் டைகர் பாக்ஸ் என்று அழைக்கப்படுகிறது. டைகர் பாக்ஸ் என்பது ஆப்பரேட்டிங் சிஸ்டம் மற்றும் ஹேக்கிங் கருவிகளின் தொகுப்பாகும், இது பொதுவாக ஒரு லேப்டாப் போன்ற போர்ட்டபிள் சிஸ்டத்தில் நிறுவப்பட்டுள்ளது, அங்கிருந்து அந்த நபர் ஊடுருவல் சோதனையை மேற்கொள்ள விரும்பும் இடத்திலிருந்து அவர் அல்லது அவள் சரியான கருவியை இயக்கலாம். மற்றும் அந்த அமைப்பில் ஒரு விர்ச்சுவல் தாக்குதலை ஏற்ற முயற்சிக்கவும், ஏதேனும் பாதிப்புகள் உள்ளதா இல்லையா என்பதைப் பார்க்கவும். எனவே, இந்த வகையான கருவிகள் ஊடுருவல் சோதனையாளர்கள் மற்றும் பாதுகாப்பு சோதனையாளர்களுக்கு பாதிப்பு மதிப்பீடு மற்றும் தாக்குதல்களை நடத்த உதவுகின்றன. இந்த டைகர் பெட்டியில் அதற்குத் தேவையான அனைத்து பயனுள்ள கருவிகளின் தொகுப்பு உள்ளது. இப்போது, இந்த ஊடுருவல் சோதனையைச் செய்வதற்கு, சோதனையாளரின் பார்வையில், வெள்ளை பெட்டி மாதிரி சிறந்த விஷயம். நீங்கள் யாருடைய சார்பில் சோதனை செய்கிறீர்கள் என்பது நெட்வொர்க். மற்றும் நெட்வொர்க் உள்கட்டமைப்பைப் பற்றிய அனைத்தையும் சோதனையாளரிடம் சொல்கிறது, அவை உங்களுக்கு அனைத்து விவரங்களுடனும் ஒரு சர்க்யூட் வரைபடத்தை வழங்குகின்றன, அதாவது நெட்வொர்க். டோபாலஜி பற்றி, நெட்வொர்க்கில். என்ன வகையான புதிய தொழில்நுட்பங்கள் பயன்படுத்தப்படுகின்றன.","இந்த scripts பொதுவாக Perl, Python, JavaScript போன்ற scripting language-களில் எழுதப்படலாம். அவை C, C++ போன்ற மொழிகளிலும் எழுதப்பட வாய்ப்பு உள்ளது. Penetration testing methodologies-ஐ பற்றி சிந்தித்தால், tester-க்கு தேவையான அனைத்து tools ඔர் tiger box-ல் இருக்க வேண்டும். Tiger box என்பது operating systems மற்றும் hacking tools தொகுப்பு, பொதுவாக portable system (laptop) இல் நிறுவப்படுகிறது. Tester test செய்யும் போது, tiger box-ல் இருந்து தேவையான tool-ஐ பயன்படுத்தி, virtual attack செய்து, vulnerabilities உள்ளதா என்று காண்கிறார். இவ்வகை tools, penetration testers-க்கும் security testers-க்கும் vulnerability assessment, attack conduct செய்ய உதவுகிறது. White box model-ல் company tester-க்கு network, network infrastructure பற்றிய முழுமையான தகவல்களை circuit diagram உடன் topology என்ற விவரங்களுடன் வழங்குகிறது. Network-ல் பயன்படுத்தப்படும் technologies பற்றிய தகவல்களும் கிடைக்கும்."
"And also the tester if they require whenever they require, they are authorized to inter view the IT personnel. Many times it is required in a company if you interview people you will get to know a lot of things that how the information processing is carried out inside the company, what are the possible vulnerabilities that they feel there are ok .So, this white box model makes the testers job a lot easier, because all the information about the network whatever is available is made available or given to the tester ok. Now, the exact reverse is the black box model. Black box model says that tester is not given details about the network. So, it is not that the person who is asking the tester to test is deliberately, deliberately not giving, maybe the person is not competent enough and does not know the relevant information to be shared with the tester. So, tester will have to dig into the environment and find out whatever relevant information is required. So, the burden is on the tester to find out all the details that may be required.","மேலும் சோதனையாளர் அவர்கள் தேவைப்படும்போது தேவைப்பட்டால், அதன் பணியாளர்களை நேர்காணல் செய்ய அவர்களுக்கு அதிகாரம் அளிக்கப்படுகிறது. ஒரு நிறுவனத்தில் பல முறை இது தேவைப்படுகிறது, நீங்கள் நபர்களை நேர்காணல் செய்தால், நிறுவனத்திற்குள் தகவல் செயலாக்கம் எவ்வாறு மேற்கொள்ளப்படுகிறது என்பதைப் பற்றி நீங்கள் நிறைய விஷயங்களை அறிந்து கொள்வீர்கள், சாத்தியமான பாதிப்புகள் என்ன என்று அவர்கள் உணர்கிறார்கள் சரி. எனவே, இந்த வெள்ளை பெட்டி மாதிரி சோதனையாளர்களின் வேலையை மிகவும் எளிதாக்குகிறது, ஏனென்றால் நெட்வொர்க்கைப் பற்றிய அனைத்து தகவல்களும் கிடைக்கின்றன அல்லது சோதனையாளருக்கு வழங்கப்படுகின்றன சரி. இப்போது, சரியான தலைகீழ் கருப்பு பெட்டி மாதிரி. கருப்பு பெட்டி மாதிரி சோதனையாளருக்கு நெட்வொர்க் பற்றிய விவரங்கள் வழங்கப்படவில்லை என்று கூறுகிறது. எனவே, சோதனையாளரை சோதனை செய்யச் சொல்லும் நபர் வேண்டுமென்றே, வேண்டுமென்றே கொடுக்கவில்லை என்று அல்ல, ஒருவேளை அந்த நபர் போதுமான திறமையானவர் அல்ல, சோதனையாளருடன் பகிர்ந்து கொள்ள வேண்டிய பொருத்தமான தகவல்களை அவர் அறியவில்லை. எனவே, சோதனையாளர் சுற்றுச்சூழலை","மேலும் சோதனையாளருக்கு தேவைப்படும் போதெல்லாம், அவர்கள் ஐ. டி பணியாளர்களை நேர்காணல் செய்ய அங்கீகாரம் பெற்றவர்கள். ஒரு நிறுவனத்தில் பல முறை தேவைப்படுகிறது, நீங்கள் மக்களை நேர்காணல் செய்தால், நிறுவனத்திற்குள் தகவல் செயலாக்கம் எவ்வாறு மேற்கொள்ளப்படுகிறது, அவர்கள் உணரும் சாத்தியமான பாதிப்புகள் என்ன என்பதை நீங்கள் அறிந்து கொள்வீர்கள். எனவே, இந்த வெள்ளை பெட்டி மாதிரி சோதனையாளர்களின் வேலையை மிகவும் எளிதாக்குகிறது, ஏனென்றால் நெட்வொர்க்கைப் பற்றிய அனைத்து தகவல்களும் கிடைக்கின்றன அல்லது சோதனையாளருக்கு வழங்கப்படுகின்றன. இப்போது, சரியான தலைகீழ் கருப்பு பெட்டி மாதிரி பிளாக் பாக்ஸ் மாடல் சோதனையாளருக்கு நெட்வொர்க் பற்றிய விவரங்கள் கொடுக்கப்படவில்லை என்று கூறுகிறது. எனவே, சோதனையாளரிடம் சோதனை செய்யக் கேட்கும் நபர் வேண்டுமென்றே, வேண்டுமென்றே கொடுக்கவில்லை என்பது அல்ல, ஒருவேளை அந்த நபர் போதுமான திறன் கொண்டவர் அல்ல, சோதனையாளருடன் பகிரப்பட வேண்டிய தொடர்புடைய தகவல்கள் அவருக்குத் தெரியாது. சோதனையாளர் சூழலில் தோண்டி, தேவையான தொடர்புடைய தகவல்களைக் கண்டுபிடிக்க வேண்டும். எனவே, தேவையான அனைத்து விவரங்களையும் கண்டுபிடிக்க சோதனையாளரின் மீது பாரம் உள்ளது.","ஒரு tester-க்கு தேவைப்படும்போது, அவர்கள் IT personnel-ஐ interview செய்ய அனுமதிக்கப்படுவார்கள். ஒரு நிறுவனத்தில் interview மூலம், எண்ணிக்கையற்ற விடயங்களை தெரிந்து கொள்ள முடியும்; organization-ல் information எப்படி process செய்யப்படுகிறது, எங்கு vulnerabilities இருக்கலாம் என்பதைக்கூட அறிய முடியும். White box model-ல், network தொடர்பான அனைத்து தகவல்களும் tester-க்கு வழங்கப்படுவதால், அவர்களுக்கு வேலை மிக எளிதாக மாறும். ஆனால், black box model-ல் tester-க்கு network பற்றிய எந்தவொரு detail-உம் வழங்கப்படாது. அதை கேட்கும் நபர் வல்லுநரல்லது, அல்லது organization relevant information வழங்க தயாராக இல்லாவிட்டால், tester தனியாக environment-ஐ பார்த்து தேவையான அனைத்து தகவல்களையும் தேடி கண்டுபிடிக்க வேண்டும். எனவே, burden tester-க்கு மேல் உள்ளது."
"In practice usually we have something in between we do not have white box, we do not also have black box, we have something called the gray box model. What is grey box model ? It is some kind of a hybrid of the white box and black box model. The company will provide the tester with partial information about the network and the otherthings. Well, why partial, because the company may be knowing the details of some of the subsystems,but for some other subsystem the details may not be available to them also.So, they cannot provide any detail for that ok.They have just bought it and installed it something like that . So, these are broadly the approaches . Now, there are some legal issues also.Well, it varies from country to country.Well, in our country it is not that rigid there are some other countries where it is extremely rigid, that means you are not possibly allowed to install some kind of software on your computers. So, these laws that involve technologies particularly IT, they are changing and developing very fast with time.","நடைமுறையில் பொதுவாக நமக்கு இடையில் ஏதோ ஒன்று இருக்கிறது, நம்மிடம் வெள்ளை பெட்டி இல்லை, நம்மிடம் கருப்பு பெட்டி கூட இல்லை, சாம்பல் பெட்டி மாதிரி என்று அழைக்கப்படும் ஒன்று இருக்கிறது. சாம்பல் பெட்டி மாதிரி என்றால் என்ன? இது வெள்ளை பெட்டி மற்றும் கருப்பு பெட்டி மாதிரியின் ஒரு வகையான கலப்பினமாகும். நிறுவனம் சோதனையாளருக்கு நெட்வொர்க் மற்றும் பிற விஷயங்களைப் பற்றிய பகுதி தகவல்களை வழங்கும். சரி, ஏன் ஓரளவு, ஏனென்றால் நிறுவனம் சில துணை அமைப்புகளின் விவரங்களை அறிந்திருக்கலாம், ஆனால் வேறு சில துணை அமைப்புகளுக்கான விவரங்கள் அவர்களுக்கு கூட கிடைக்காமல் போகலாம். எனவே, இவை பரவலாக அணுகுமுறைகள். இப்போது, சில சட்ட சிக்கல்கள் உள்ளன also.well, இது நாட்டிற்கு நாடு மாறுபடும், நம் நாட்டில் அது அவ்வளவு கடுமையானது அல்ல, இது மிகவும் கடுமையான சில நாடுகள் உள்ளன, அதாவது உங்கள் கணினிகளில் ஒருவித மென்பொருளை நிறுவ நீங்கள் அனுமதிக்கப்பட மாட்டீர்கள். எனவே, தொழில்நுட்பங்களை குறிப்பாக உள்ளடக்கிய இந்த சட்டங்கள், அவை காலப்போக்கில் மிகவும் வேகமாக மாறி வளர்ந்து வருகின்றன.","நடைமுறையில் பொதுவாக நமக்கு இடையில் ஒன்று உள்ளது, நமக்கு வெள்ளை பெட்டி இல்லை, நமக்கு கருப்பு பெட்டியும் இல்லை, சாம்பல் பெட்டி மாதிரி என்று ஒன்று உள்ளது. க்ரே பாக்ஸ் மாடல் என்றால் என்ன?. இது வெள்ளை பெட்டி மற்றும் கருப்பு பெட்டி மாதிரியின் கலப்பினமாகும். நிறுவனம் சோதனையாளருக்கு நெட்வொர்க் மற்றும் பிற விஷயங்களைப் பற்றிய பகுதி தகவல்களை வழங்கும். சரி, ஏன் பகுதி, ஏனென்றால் நிறுவனம் சில துணை அமைப்புகளின் விவரங்களை அறிந்திருக்கலாம், ஆனால் வேறு சில துணை அமைப்புகளுக்கு விவரங்கள் அவர்களுக்கு கிடைக்காமல் போகலாம். எனவே, அவர்கள் அதற்கு எந்த விவரத்தையும் வழங்க முடியாது. அவர்கள் அதை வாங்கி அதை போன்ற ஏதாவது நிறுவியுள்ளனர் எனவே, இவை பரவலாக அணுகுமுறைகள். இப்போது, சில சட்ட சிக்கல்களும் உள்ளன. சரி, இது ஒவ்வொரு நாட்டிற்கும் மாறுபடும். நம் நாட்டில் இது மிகவும் கடினமானதல்ல, வேறு சில நாடுகளில் இது மிகவும் கடினமானது, அதாவது உங்கள் கணினிகளில் சில வகையான மென்பொருளை நிறுவ அனுமதிக்கப்படுவதில்லை. எனவே, தொழில்நுட்பங்களை உள்ளடக்கிய இந்த சட்டங்கள் குறிப்பாக தகவல் தொழில்நுட்பம், அவை காலப்போக்கில் மிக வேகமாக மாறி வருகின்றன.","బదులుగా, ఈ intialisation ని రెండు దశలుగా విభజించినట్లుగా ఊహించండి. మొదట, zerolist అనే పేరుతో మూడు సున్నాల జాబితాను సృష్టిస్తాము — ఇది range(3)లో i కోసం zero (0) అని చెప్పే లిస్ట్. ఇది మూడు సున్నాల జాబితాను తయారుచేస్తుంది. తరువాత, ఈ జాబితాను నాలుగు వరుసలుగా నాలుగు సార్లు కాపీ చేస్తాము. అంటే అసలు matrix lb లో zerolist అనే జాబితా నాలుగు కాపీలు ఉంటాయని మనం చెబుతున్నాము. ఇప్పుడు, మేము ఒక ఎంట్రీని మార్చుద్దాం. ఉదాహరణకు, మేము వరుస 1లో ఎంట్రీ 1ని మార్చుతాము — పై నుండి చూసినప్పుడు ఇది రెండవ వరుస, రెండవ column కాబట్టి, మేము లిస్ట్ 1ని తీసుకుంటాము, అది రెండవ లిస్ట్ అవుతుంది. ఇప్పుడు దీని ఫలితంగా ఏమి జరుగుతుందో చూద్దాం. అక్కడ మనకు సున్నా జాబితాలు ఉన్నాయి, తరువాత range(4)లో j కోసం, l అనేది zerolist అనే జాబితాకు నాలుగు కాపీలు అని చెప్పబడుతుంది."
"It is very difficult to keep track of these changes what is the latest law of the land ok. Now, it is always good to know the exact set of rules that pertain in the place of your work, where you are working what are the laws what are the rules ok . So, that you should be know what is allowed and what is not allowed maybe you are using something or doing something in good faith, but possibly it is illegal in that state or that country ok, maybe you may be in trouble later on, all right . So, the laws of the land are very important to know. Some of the tools you are using on your computer may be illegal in that country. So, you must be know about these things. The cyber crimes punishment on cyber crime these are becoming more and more crucial and severe with every passing day .So, these are a few things people should be extremely cautious about. But certain things are quite obvious that you should not do certain things legally that everyone understands that accessing a computer without permission is clear .So, it is my computer, why you are we accessing without my permission that is something illegal . Installing worms or viruses that is also supposed to be illegal, I have not installed worm sand viruses, so I have also not asked you to install.","இந்த மாற்றங்களைக் கண்காணிப்பது மிகவும் கடினம் நிலத்தின் சமீபத்திய சட்டம் என்ன சரி. இப்போது, உங்கள் வேலை செய்யும் இடத்தில் தொடர்புடைய சரியான விதிகளை அறிவது எப்போதும் நல்லது, நீங்கள் வேலை செய்யும் இடத்தில் என்ன சட்டங்கள் என்ன விதிகள் சரி. எனவே, எது அனுமதிக்கப்படுகிறது, எது அனுமதிக்கப்படவில்லை என்பதை நீங்கள் தெரிந்து கொள்ள வேண்டும் ஒருவேளை நீங்கள் ஏதாவது பயன்படுத்துகிறீர்கள் அல்லது நல்ல நம்பிக்கையுடன் ஏதாவது செய்கிறீர்கள், ஆனால் அது அந்த மாநிலத்தில் அல்லது அந்த நாட்டில் சட்டவிரோதமானது சரி, ஒருவேளை நீங்கள் பின்னர் சிக்கலில் இருக்கலாம், சரி. எனவே, நாட்டின் சட்டங்களை அறிந்து கொள்வது மிகவும் முக்கியம். உங்கள் கணினியில் நீங்கள் பயன்படுத்தும் சில கருவிகள் அந்த நாட்டில் சட்டவிரோதமாக இருக்கலாம். எனவே, இந்த விஷயங்களை நீங்கள் தெரிந்து கொள்ள வேண்டும். சைபர் கிரைம் மீதான சைபர் கிரைம் தண்டனை ஒவ்வொரு நாளும் மேலும் மேலும் முக்கியமானதாகவும் கடுமையானதாகவும் மாறி வருகிறது. எனவே, மக்கள் மிகவும் கவனமாக இருக்க வேண்டிய சில விஷயங்கள் இவை. ஆனால் சில விஷயங்கள் மிகவும் வெளிப்படையானவை, நீங்கள் சில விஷயங்களை சட்டப்பூர்வமாக செய்யக்கூடாது, அனுமதியின்றி கணினியை அணுகுவது தெளிவாக உள்ளது என்பதை அனைவரும் புரிந்து","இந்த மாற்றங்களைக் கண்காணிப்பது மிகவும் கடினம், நிலத்தின் சமீபத்திய சட்டம் என்ன? இப்போது, உங்கள் பணியிடத்தில் தொடர்புடைய சரியான விதிகளின் தொகுப்பை அறிந்து கொள்வது எப்போதும் நல்லது, நீங்கள் எங்கு வேலை செய்கிறீர்கள், சட்டங்கள் என்ன, விதிகள் என்ன? எனவே, நீங்கள் எதை அனுமதிக்கிறீர்கள், எதை அனுமதிக்கவில்லை என்பதை நீங்கள் அறிந்து கொள்ள வேண்டும், ஒருவேளை நீங்கள் எதையாவது பயன்படுத்துகிறீர்கள் அல்லது நல்ல நம்பிக்கையுடன். ஏதாவது செய்கிறீர்கள், ஆனால் அது அந்த மாநிலத்தில் அல்லது அந்த நாட்டில் சட்டவிரோதமாக இருக்கலாம், பின்னர் நீங்கள் சிக்கலில் இருக்கலாம், சரி. எனவே, நிலத்தின் சட்டங்கள் தெரிந்து கொள்ள மிகவும் முக்கியம் உங்கள் கணினியில் நீங்கள் பயன்படுத்தும் சில கருவிகள் அந்த நாட்டில் சட்டவிரோதமாக இருக்கலாம் எனவே, இந்த விஷயங்களைப் பற்றி நீங்கள் அறிந்திருக்க வேண்டும். சைபர் குற்றங்கள் மீது சைபர் குற்றங்கள் தண்டனை இவை ஒவ்வொரு நாளும் மேலும் மேலும் முக்கியமான மற்றும் கடுமையானதாகி வருகின்றன எனவே, மக்கள் மிகவும் கவனமாக இருக்க வேண்டிய சில விஷயங்கள் இவை. ஆனால் சில விஷயங்கள் மிகவும் வெளிப்படையானவை, நீங்கள் சில விஷயங்களை சட்டப்பூர்வமாக செய்யக்கூடாது, அனுமதியின்றி ஒரு கணினியை அணுகுவது தெளிவாக உள்ளது என்பதை அனைவரும் புரிந்துகொள்கிறார்கள். எனவே, இது எனது கணினி, எனது அனுமதியின்றி ஏன் அணுகுகிறோம், அது சட்டவிரோதமானது. சட்டவிரோதமாக கருதப்படும் கரடுமுரடான அல்லது வைரஸ்களை நிறுவுதல், நான் கரடுமுரடான சாண்ட் வைரஸ்களை நிறுவவில்லை, எனவே நீங்கள் நிறுவவும் நான் கேட்கவில்லை.","இந்த மாற்றங்களை கண்காணிப்பது மிகவும் கடினம், நிலவுகின்ற சுமந்திய சட்டம் என்ன? நீங்கள் பணியிடத்தில் அல்லது தொடர்புடைய சரியான விதிகளை நறும்போது, அந்த இடம் படி சட்டங்கள் மற்றும் விதிகள் புரிந்திருக்க வேண்டும். எது சட்டபூர்வம், எது சட்டவிரோதம் என்பது தெரியாமல், நீங்கள் நன்மையுடன் செய்கிறீர்கள் என்றாலும் அது அந்த மாநிலம், நாடு படி சட்டவிரோதமாக இருக்கலாம். எனவே, நாட்டின் சட்டங்கள் மிகவும் முக்கியமானவை. நீங்கள் compute-ஐ பயன்படுத்தும் செலவுகளில் சில tools அந்த நாட்டில் சட்டவிரோதமாக இருக்கலாம்; அதற்காக நீங்கள் அவற்றை அறிந்து பயன்படுத்த வேண்டும். Cyber crime-க்கு தண்டனை நாளுக்கு நாள் கடுமையாகிறது. எல்லோரும் தெரிந்து கொள்ள வேண்டிய விஷயம் ஒன்று தான் — யாரும் ஒருவருக்கு அனுமதியின்றி computer-ஐ பயன்படுத்தக்கூடாது. Worms, viruses போன்றவை சட்டப்படி நிறுவ வேண்டாம்; நான் install செய்ய சொல்லவில்லை."
"So, why have you installed or injected these kind of worms or viruses in my computer ok .Denial of service attacks well hackers do mount this kind of attacks, but these are illegal, some services or servers are installed to provide some service to customers. So, if someone tries to deny those services that is something which is not permissible right.Then something similar to that denying users access to some networking resources, becauseyou should be aware whatever you are doing maybe as part of ethical hacking, maybe aspart of the work which company has asked you to do, maybe you are doing something insideyour the network of the company, but you should be careful you should not prevent the customers of that company from doing their job, this is very important ok.So, your, your action should not be disruptive in terms of their business ok . So, in a nutshell to summarize, this ethical hacking well if you are a security tester, so what are the things you need to know or you need to do. Well, the first thing clearly is you should have a sound knowledge of networking and computer technology.","எனவே, எனது கணினியில் இந்த வகையான புழுக்கள் அல்லது வைரஸ்களை நீங்கள் ஏன் நிறுவியுள்ளீர்கள் அல்லது செலுத்தியுள்ளீர்கள் சரி.சேவை தாக்குதல்களை மறுப்பது நல்லது ஹேக்கர்கள் இந்த வகையான தாக்குதல்களை நடத்துகிறார்கள், ஆனால் இவை சட்டவிரோதமானவை, வாடிக்கையாளர்களுக்கு சில சேவையை வழங்க சில சேவைகள் அல்லது சேவையகங்கள் நிறுவப்பட்டுள்ளன. எனவே, யாராவது அந்த சேவைகளை மறுக்க முயற்சித்தால், அது அனுமதிக்கப்படாத ஒன்று right.then சில நெட்வொர்க்கிங் வளங்களை அணுக பயனர்களை மறுப்பது போன்ற ஒன்று, ஏனென்றால் நீங்கள் என்ன செய்கிறீர்களோ அது நெறிமுறை ஹேக்கிங்கின் ஒரு பகுதியாக இருக்கலாம், ஒருவேளை நிறுவனம் உங்களிடம் கேட்ட வேலையின் ஒரு பகுதியாக இருக்கலாம், ஒருவேளை நீங்கள் நிறுவனத்தின் நெட்வொர்க்கிற்குள் ஏதாவது செய்கிறீர்கள், ஆனால் நீங்கள் கவனமாக இருக்க வேண்டும் அந்த நிறுவனத்தின் வாடிக்கையாளர்கள் தங்கள் வேலையைச் செய்வதைத் தடுக்கக்கூடாது, இது மிகவும் முக்கியமானது ok.so, உங்கள், உங்கள் நடவடிக்கை அவர்களின் வணிகத்தின் அடிப்படையில் இடையூறு விளைவிக்கக்கூடாது சரி. எனவே, சுருக்கமாக, நீங்கள் ஒரு பாதுகாப்பு சோதனையாள","எனவே, இந்த வகையான வார்ம்கள் அல்லது வைரஸ்களை எனது கணினியில் ஏன் நிறுவியுள்ளீர்கள் அல்லது செலுத்தியுள்ளீர்கள்? சேவை தாக்குதல்களை மறுத்தல் ஹேக்கர்கள் இந்த வகையான தாக்குதல்களைச் செய்கிறார்கள், ஆனால் இவை சட்டவிரோதமானவை, வாடிக்கையாளர்களுக்கு சில சேவைகளை வழங்க சில சேவைகள் அல்லது சேவையகங்கள் நிறுவப்பட்டுள்ளன. எனவே, யாராவது அந்த சேவைகளை மறுக்க முயற்சித்தால் அது அனுமதிக்கப்படாத ஒன்று. பின்னர் சில நெட்வொர்க்கிங் வளங்களுக்கான பயனர்களின் அணுகலை மறுப்பது போன்றது, ஏனென்றால் நீங்கள் என்ன செய்கிறீர்கள் என்பதை நீங்கள் அறிந்திருக்க வேண்டும், ஒருவேளை நெறிமுறை ஹேக்கிங்கின் ஒரு பகுதியாக, நிறுவனம் உங்களிடம் கேட்கும் வேலையின் ஒரு பகுதியாக இருக்கலாம், ஒருவேளை நீங்கள் நிறுவனத்தின் நெட்வொர்க்கிற்குள் ஏதாவது செய்கிறீர்கள், ஆனால் அந்த நிறுவனத்தின் வாடிக்கையாளர்கள் தங்கள் வேலையைச் செய்வதை நீங்கள் தடுக்கக்கூடாது என்பதில் கவனமாக இருக்க வேண்டும், இது மிகவும் முக்கியமானது. எனவே, உங்கள் நடவடிக்கை அவர்களின் வணிகத்தின் அடிப்படையில் சீர்குலைக்கக்கூடாது. எனவே, சுருக்கமாக, நீங்கள் ஒரு பாதுகாப்பு சோதனையாளராக இருந்தால் இந்த நெறிமுறை ஹேக்கிங், எனவே நீங்கள் தெரிந்து கொள்ள வேண்டிய விஷயங்கள் என்ன அல்லது நீங்கள் செய்ய வேண்டியவை என்ன? முதலாவது விஷயம் என்னவென்றால், உங்களுக்கு நெட்வொர்க்கிங் மற்றும் கம்ப்யூட்டர் டெக்னாலஜி பற்றிய நல்ல அறிவு இருக்க வேண்டும்.","எனவே, உங்கள் கணினியில் இந்த வகையான worms அல்லது viruses போன்றவற்றை why install செய்திருக்க வேண்டும்? Denial of service attack-ஐ hackers illegal-ஆக செய்கின்றனர்; சில services, servers அந்த service-ஐ customers-க்கு வழங்க அமைக்கப்பட்டுள்ளன. யாராவது அந்த services-ஐ deny செய்ய முயன்றால், அந்த act சட்டபூர்வமல்ல. நீங்கள் network resources-க்கு user access deny செய்கிறீர்கள் என்றால், எது permissible ஆகும், எது அல்ல என்று தெரிய வேண்டும். Ethical hacking இல், company-க்கு தேவையானபடி நீங்கள் செய்கிறீர்கள், ஆனால் அந்த செயல்கள் customer-க்கு problem ஆகாது; company-யின் business disrupt செய்யக் கூடாது, இது மிகவும் முக்கியம். சுருக்கமாக summary: Ethical hacking-ல் security tester-ஆக வேண்டும் என்றால், networking மற்றும் computer technology பற்றித் திட்டவட்டமான அறிவு இருக்க வேண்டும். Only Tamil and English technical/domain words (worms, viruses, denial of service, attack, hackers, services, customers, network, resources, company, business, ethical hacking, security tester, networking, computer technology) are included. No mixing of other languages."
"So, you see as part of this course, we will devote a significant amount of time discussing or brushing up the relevant backgrounds of networking technology, because these are very important in actually understanding what you are doing, how are you doing and why are you doing. And also you cannot do everything yourself on your own, you need to communicate with other people that art is also something to be mastered. You need to interact with other people.This quality is also very important. And of course, I have mentioned the laws of the land are very important to understand and you should have the necessary tools at your disposal. Some of the tools may be freely available; some of the tools may have to be purchased some you may develop on your own.So, you should have the entire set of tools at your disposal before you can qualify yourself to be a good network you can say ethical hacker penetration tester or a security tester ok, fine.","எனவே, இந்த பாடத்திட்டத்தின் ஒரு பகுதியாக நீங்கள் பார்க்கிறீர்கள், நெட்வொர்க்கிங் தொழில்நுட்பத்தின் பொருத்தமான பின்னணிகளைப் பற்றி விவாதிப்பதற்கோ அல்லது துடைப்பதற்கோ நாங்கள் கணிசமான நேரத்தை ஒதுக்குவோம், ஏனென்றால் நீங்கள் என்ன செய்கிறீர்கள், நீங்கள் எப்படி இருக்கிறீர்கள், ஏன் செய்கிறீர்கள் என்பதை உண்மையில் புரிந்துகொள்வதில் இவை மிகவும் முக்கியமானவை. மேலும் நீங்கள் எல்லாவற்றையும் நீங்களே செய்ய முடியாது, கலை என்பது தேர்ச்சி பெற வேண்டிய ஒன்று என்று மற்றவர்களுடன் தொடர்பு கொள்ள வேண்டும். நீங்கள் மற்ற people.this தரத்துடன் தொடர்பு கொள்ள வேண்டும், இது மிகவும் முக்கியமானது. நிச்சயமாக, நாட்டின் சட்டங்கள் புரிந்துகொள்வது மிகவும் முக்கியம் என்றும் தேவையான கருவிகள் உங்களிடம் இருக்க வேண்டும் என்றும் நான் குறிப்பிட்டுள்ளேன். சில கருவிகள் இலவசமாகக் கிடைக்கக்கூடும்; சில கருவிகள் வாங்கப்பட வேண்டியிருக்கலாம், அவற்றில் சில நீங்கள் உங்கள் சொந்த.so இல் உருவாக்கலாம், நெறிமுறை ஹேக்கர் ஊடுருவல் சோதனைக் குழு அல்லது பாதுகாப்பு சோதனைக் குழு என்று நீங்கள் சொல்லக்கூடிய ஒரு நல்ல நெட்வொர்க்காக உங்களைத் தகுதிப்படுத்துவதற்கு முன்பு முழு கருவிகள","எனவே, இந்த பாடத்திட்டத்தின் ஒரு பகுதியாக, நெட்வொர்க்கிங் தொழில்நுட்பத்தின் தொடர்புடைய பின்னணியைப் பற்றி விவாதிப்பதற்கும் அல்லது துலக்குவதற்கும் நாங்கள் கணிசமான நேரத்தை செலவிடுவோம், ஏனென்றால் நீங்கள் என்ன செய்கிறீர்கள், எப்படி செய்கிறீர்கள், ஏன் செய்கிறீர்கள் என்பதைப் புரிந்துகொள்வதில் இவை மிகவும் முக்கியம். மேலும் நீங்கள் எல்லாவற்றையும் சொந்தமாக செய்ய முடியாது, கலை என்பது மாஸ்டர் செய்ய வேண்டிய ஒன்று என்பதையும் மற்றவர்களுடன் தொடர்பு கொள்ள வேண்டும் நீங்கள் மற்றவர்களுடன் தொடர்பு கொள்ள வேண்டும். இந்த. தரம் மிகவும் முக்கியமானது. நிச்சயமாக, நிலத்தின் சட்டங்கள் புரிந்துகொள்வது மிகவும் முக்கியமானது என்றும், தேவையான கருவிகள் உங்களிடம் இருக்க வேண்டும் என்றும் நான் குறிப்பிட்டுள்ளேன். சில கருவிகள் இலவசமாகக் கிடைக்கக்கூடும்; சில கருவிகளை நீங்கள் சொந்தமாக. உருவாக்கலாம். எனவே, நீங்கள் ஒரு நல்ல நெட்வொர்க்காக. தகுதி பெறுவதற்கு முன்பு, நெறிமுறை ஹேக்கர் ஊடுருவல் சோதனையாளர் அல்லது பாதுகாப்பு சோதனையாளர் என்று சொல்லக்கூடிய. முழு கருவிகளையும் நீங்கள் வைத்திருக்க வேண்டும்.","எனவே, இந்த பாடத்தின் ஒரு பகுதியாக, networking technology பற்றி முக்கியமான discussion நடைபெறும், இது நீங்கள் என்ன செய்கிறீர்கள், எப்படிச் செய்கிறீர்கள், ஏன் செய்கிறீர்கள் என்பதைக் கண்டறிய மிக முக்கியமானது. நீங்கள் ஒன்றைச் செய்யும்போது மற்றவர்கள் உடன் communicate செய்ய வேண்டும், ஒருவருடன் interactivity வேண்டும், இதுவும் மிக முக்கியமானது. நாட்டு சட்டங்கள் புரிந்து கொள்ள வேண்டும், உங்கள் disposal-இல் தேவையான tools இருக்க வேண்டும். சில tools இலவசமாக கிடைக்கும், சில tools வாங்க வேண்டும், develop செய்ய வேண்டும். முழு tool set-ஐ தயாராக வைத்திருப்பின் மட்டுமே, ஒரு நல்ல network-ல் hacker, penetration tester, security tester என வரிசையாக தகுதி பெற முடியும்."
"Then we shall be looking at unconventional attacks, some of the attacks which are hardware based attacks which are very interesting and very recent, and they are very unconventional. We shall be discussing about such kind of attacks .And a significant part of this course, we will concentrate on demonstrating various tools how we can actually mount this kind of penetration testing and other kind of attacks on your system on your network and so on and so forth ok. So, with this I come to the end of this first lecture. And I would expect that the lectures that are yet to come would be very useful for you in understanding the broad subject of ethical hacking, and motivate you in the subject to possibly become an ethical hacker in the future. Thank you.","பின்னர் நாம் வழக்கத்திற்கு மாறான தாக்குதல்களைப் பார்ப்போம், வன்பொருள் அடிப்படையிலான தாக்குதல்களில் சில மிகவும் சுவாரஸ்யமானவை மற்றும் மிக சமீபத்தியவை, மேலும் அவை மிகவும் வழக்கத்திற்கு மாறானவை. இதுபோன்ற தாக்குதல்களைப் பற்றி நாங்கள் விவாதிப்போம். மேலும் இந்த பாடத்திட்டத்தின் குறிப்பிடத்தக்க பகுதி, இந்த வகையான ஊடுருவல் சோதனை மற்றும் உங்கள் நெட்வொர்க்கில் உங்கள் கணினியில் பிற வகையான தாக்குதல்களை எவ்வாறு செலுத்தலாம் என்பதை நிரூபிப்பதில் பல்வேறு கருவிகளில் நாங்கள் கவனம் செலுத்துவோம். எனவே, இதனுடன் நான் இந்த முதல் விரிவுரையின் முடிவுக்கு வருகிறேன். நெறிமுறை ஹேக்கிங்கின் பரந்த தலைப்பைப் புரிந்துகொள்வதிலும், எதிர்காலத்தில் ஒரு நெறிமுறை ஹேக்கராக மாற இந்த தலைப்பில் உங்களை ஊக்குவிப்பதிலும் இன்னும் வரவிருக்கும் விரிவுரைகள் உங்களுக்கு மிகவும் பயனுள்ளதாக இருக்கும் என்று நான் எதிர்பார்க்கிறேன். நன்றி.","பின்னர் வழக்கத்திற்கு மாறான தாக்குதல்களைப் பார்ப்போம், ஹார்ட்வர் அடிப்படையிலான தாக்குதல்களான சில தாக்குதல்கள் மிகவும் சுவாரஸ்யமானவை மற்றும் மிக சமீபத்தியவை, அவை மிகவும் வழக்கத்திற்கு மாறானவை. இதுபோன்ற தாக்குதல்களைப் பற்றி நாம் விவாதிப்போம். இந்த பாடத்திட்டத்தின் ஒரு குறிப்பிடத்தக்க பகுதி, இந்த வகையான ஊடுருவல் சோதனை. மற்றும் உங்கள் கணினியில் உங்கள் நெட்வொர்க்கில் பிற வகையான தாக்குதல்களை எவ்வாறு உண்மையில். ஏற்ற முடியும் என்பதை பல்வேறு கருவிகளைக். காண்பிப்பதில் கவனம் செலுத்துவோம். எனவே, இதன் மூலம் இந்த முதல் விரிவுரையின் முடிவுக்கு வருகிறேன். நெறிமுறை ஹேக்கிங் என்ற பரந்த விஷயத்தைப் புரிந்துகொள்வதற்கு இன்னும் வரவிருக்கும் விரிவுரைகள் உங்களுக்கு மிகவும் பயனுள்ளதாக இருக்கும் என்றும், எதிர்காலத்தில். ஒரு நெறிமுறை ஹேக்கராக மாற இந்த விஷயத்தில் உங்களை ஊக்குவிக்கும் என்றும் நான் எதிர்பார்க்கிறேன். நன்றி","பின்னர் நாம் வழக்கத்திற்கு மாறான தாக்குதல்கள் பற்றிப் பார்ப்போம், hardware அடிப்படையிலான தாக்குதல்கள் சில மிகவும் சுவாரஸ்யமானவை மற்றும் மிக மாறானவை. இது போன்ற attacks பற்றிய விவாதம் நடக்கும். பாடத்தின் ஒரு பெரிய பகுதியாக penetration testing மற்றும் system, network மீது எப்படித் தாக்குதல் நடத்த வேண்டும், இதற்கான tools பயன்படுத்துவதையும் நாங்கள் விளக்குவோம். இந்த lecture முடிவாகிறது; இனியும் வரும் lectures ethical hacking-ன் broad subject-ஐ புரிந்து கொள்ள உதவும், எதிர்காலத்தில் ethical hacker ஆக உருவாக உங்களை ஊக்குவிக்கும். நன்றி."
"Now, we will look at the overview of Online Social Media. Social media is of different types, and different types of content are getting generated in our social media. One popular type of social media is social networks, which includes Facebook, Twitter, LinkedIn, and others that fall into this category. There are also many different ways in which social media content is generated. For example, publishing platforms like Wikipedia and other crowd-sourced ways of creating content. In addition, there are social games, virtual worlds, and other services through which content is being generated.","இப்போது, ஆன்லைன் சமூக ஊடகங்களின் கண்ணோட்டத்தைப் பார்ப்போம். சமூக ஊடகங்கள் வெவ்வேறு வகைகளாகும், மேலும் நமது சமூக ஊடகங்களில் வெவ்வேறு வகையான உள்ளடக்கங்கள் உருவாக்கப்படுகின்றன. ஒரு பிரபலமான சமூக ஊடக வகை சமூக வலைப்பின்னல்கள் ஆகும், இதில் ஃபேஸ்புக், ட்விட்டர், லிங்க்ட்இன் மற்றும் இந்த பிரிவில் வரும் பிற சேர்க்கப்பட்டுள்ளன. சமூக ஊடக உள்ளடக்கம் உருவாக்கப்படுவதற்கு பல வெவ்வேறு வழிகளும் உள்ளன. எடுத்துக்காட்டாக, விக்கிப்பீடியா போன்ற தளங்களை வெளியிடுதல் மற்றும் உள்ளடக்கத்தை உருவாக்குவதற்கான பிற கூட்டம் ஆதார வழிகள். கூடுதலாக, சமூக விளையாட்டுகள், மெய்நிகர் உலகங்கள் மற்றும் உள்ளடக்கம் உருவாக்கப்படும் பிற சேவைகள் உள்ளன.","இப்போது, ஆன்லைன் சமூக ஊடகத்தின் கண்ணோட்டத்தைப் பார்ப்போம். சமூக ஊடகம் பல்வேறு வகைகளில் உள்ளது, மேலும் நமது சமூக ஊடகங்களில் பல்வேறு வகையான உள்ளடக்கங்கள் உருவாக்கப்படுகின்றன. ஒரு பிரபலமான வகை சமூக ஊடகங்கள் சமூக வலைப்பின்னல்கள் ஆகும், இதில் பேஸ்புக், ட்விட்டர், லிங்க்டென் மற்றும் இந்த பிரிவில் விழும் மற்றவை அடங்கும். சமூக ஊடக உள்ளடக்கம் உருவாக்கப்படும் பல்வேறு வழிகளும் உள்ளன. எடுத்துக்காட்டாக, விக்கிபீடியா போன்ற வெளியீட்டு தளங்கள் மற்றும் உள்ளடக்கத்தை உருவாக்குவதற்கான பிற கூட்டம்-மூல வழிகள் கூடுதலாக, சமூக விளையாட்டுகள், மெய்நிகர் உலகங்கள் மற்றும் உள்ளடக்கம் உருவாக்கப்படும் பிற சேவைகள் உள்ளன","இப்போது நாம் Online Social Media பற்றிய ஒரு மேலோட்டத்தைப் பார்ப்போம். Social media பலவிதமானது, அதில் பலவிதமான உள்ளடக்கங்கள் உருவாகிக் கொண்டிருக்கின்றன. Social media வின் ஒரு முக்கியமான வகை social networks ஆகும். இதில் பேஸ்புக், ட்விட்டர், லிங்க்ட்இன் போன்றவை அடங்கும். மேலும், social media உள்ளடக்கங்கள் உருவாக பல்வேறு வழிகளும் உள்ளன. எடுத்துக்காட்டாக, Wikipedia போன்ற வெளியீட்டு (publish) தளங்கள் மற்றும் crowd-sourced முறைகள். இதைத் தவிர, social games, virtual worlds போன்ற சேவைகள் மூலமாகவும் உள்ளடக்கங்கள் உருவாக்கப்படுகின்றன."
"Here are some examples of popular social networks in different categories. For instance, YouTube is one of the most popular video-sharing services, Flickr is for images, Foursquare is location-based, LinkedIn is for professional services, and Facebook is a combination of many types of content. Instagram is focused on images, while Twitter is a micro-blog platform with short posts but also supports multiple content types. These networks generate content specific to their category. For example, Foursquare is focused entirely on location, LinkedIn on professional connections, and so on.","பல்வேறு பிரிவுகளில் பிரபலமான சமூக வலைப்பின்னல்களின் சில எடுத்துக்காட்டுகள் இங்கே. எடுத்துக்காட்டாக, யூடியூப் மிகவும் பிரபலமான வீடியோ பகிர்வு சேவைகளில் ஒன்றாகும், ஃப்ளிக்கர் படங்களுக்கானது, ஃபோர்ஸ்க்வேர் இருப்பிட அடிப்படையிலானது, லிங்க்ட்இன் தொழில்முறை சேவைகளுக்கானது, மேலும் ஃபேஸ்புக் பல வகையான உள்ளடக்கங்களின் கலவையாகும். இன்ஸ்டாகிராம் படங்களில் கவனம் செலுத்துகிறது, அதே நேரத்தில் ட்விட்டர் குறுகிய இடுகைகளுடன் ஒரு மைக்ரோ-வலைப்பதிவு தளமாகும், ஆனால் பல உள்ளடக்க வகைகளையும் ஆதரிக்கிறது. இந்த நெட்வொர்க்குகள் அவற்றின் வகைக்கு குறிப்பிட்ட உள்ளடக்கத்தை உருவாக்குகின்றன. எடுத்துக்காட்டாக, ஃபோர்ஸ்க்வேர் முற்றிலும் இருப்பிடத்தில் கவனம் செலுத்துகிறது, தொழில்முறை இணைப்புகளில் லிங்க்ட்இன் மற்றும் பல.","வெவ்வேறு பிரிவுகளில் பிரபலமான சமூக வலைப்பின்னல்களின் சில எடுத்துக்காட்டுகள் இங்கே உதாரணமாக, யூடியூப் மிகவும் பிரபலமான வீடியோ பகிர்வு சேவைகளில் ஒன்றாகும், பிளிக்கர் படங்களுக்கானது, ஃபோர்ஸ்கொயர் இருப்பிட அடிப்படையானது, லிங்க்டெய்ன் தொழில்முறை சேவைகளுக்கானது, மற்றும் பேஸ்புக் பல வகையான உள்ளடக்கங்களின் கலவையாகும் இன்ஸ்டாகிராம் படங்களில் கவனம் செலுத்துகிறது, அதே நேரத்தில் ட்விட்டர் குறுகிய இடுகைகளைக் கொண்ட மைக்ரோ-பிளாக்கிங் தளமாகும், ஆனால் பல உள்ளடக்க வகைகளையும் ஆதரிக்கிறது இந்த நெட்வொர்க்குகள். அவற்றின் வகைக்கு. குறிப்பிட்ட. உள்ளடக்கத்தை உருவாக்குகின்றன எடுத்துக்காட்டாக, ஃபோர்ஸ்கொயர். முற்றிலும். இருப்பிடத்தில் கவனம் செலுத்துகிறது, தொழில்முறை இணைப்புகளில் லிங்க்டெய்ன். மற்றும் பல","இங்கு சில பிரபலமான சமூக வலைப்பின்னல் எடுத்துக்காட்டுகள் உள்ளன. எடுத்துக்காட்டாக, யூடியூப் என்பது மிகப்பெரிய வீடியோ பகிர்வு சேவை. ஃப்ளிக்கர் படங்களுக்கானது, ஃபோர்ஸ்குவேர் இடம் சார்ந்தது, லிங்க்ட்இன் தொழில் சார்ந்த சேவைகளுக்கானது, பேஸ்புக் பல்வேறு வகையான உள்ளடக்கங்களின் கலவையாகும். இன்ஸ்டாகிராம் படங்களுக்கு முக்கியமானது, ட்விட்டர் சிறு உள்ளடக்கங்களுக்கான மைக்ரோ-பிளாக்கிங் தளம், ஆனால் அதில் பல்வேறு உள்ளடக்கங்களையும் சேர்க்க முடியும். ஒவ்வொரு வலைப்பின்னலும் தன் தனித்துவமான உள்ளடக்கத்தை உருவாக்குகிறது. எடுத்துக்காட்டாக, ஃபோர்ஸ்குவேர் முற்றிலும் இடம் சார்ந்தது, லிங்க்ட்இன் தொழில்முறை தொடர்புகளுக்கானது."
"Recently, newer networks like Pinterest, Vine, Tumblr, Tinder, Whisper, Snapchat, and WeChat have become popular. Some of these are “ephemeral social networks,” where content disappears after a short time (e.g., Snapchat). Others are “anonymous social networks,” such as Whisper, where the identity of the content creator is hidden and hard to trace. This shows how diverse social networks are becoming. Currently, there are around 215–220 popular social networks in existence, though only a handful are highlighted here to show the variety of content they support.","சமீபத்தில், Pinterest, Vine, Tumblr, Tinder, Whisper, Snapchat மற்றும் WeChat போன்ற புதிய நெட்வொர்க்குகள் பிரபலமாகியுள்ளன. இவற்றில் சில ""தற்காலிக சமூக வலைப்பின்னல்கள்"", அங்கு உள்ளடக்கம் ஒரு குறுகிய காலத்திற்குப் பிறகு மறைந்துவிடும் (எ. கா., ஸ்னாப்சாட்). மற்றவை கிசுகிசுத்தல் போன்ற ""அநாமதேய சமூக வலைப்பின்னல்கள்"", அங்கு உள்ளடக்க படைப்பாளரின் அடையாளம் மறைக்கப்பட்டுள்ளது மற்றும் கண்டுபிடிப்பது கடினம். பல்வேறு சமூக வலைப்பின்னல்கள் எவ்வாறு உருவாகி வருகின்றன என்பதை இது காட்டுகிறது. தற்போது, சுமார் 215-220 பிரபலமான சமூக வலைப்பின்னல்கள் உள்ளன, இருப்பினும் அவர்கள் ஆதரிக்கும் பல்வேறு வகையான உள்ளடக்கங்களைக் காண்பிப்பதற்காக ஒரு சில மட்டுமே இங்கே முன்னிலைப்படுத்தப்பட்டுள்ளன.","சமீபத்தில், Pinterest, Vine, Tumblr, Tinder, Whisper, Snapchat மற்றும் WeChat போன்ற புதிய நெட்வொர்க்குகள் பிரபலமாகிவிட்டன. இவற்றில் சில 'நாடடட்களுக்கான சமூக வலைப்பின்னல்கள்' ஆகும், அங்கு உள்ளடக்கம் சிறிது நேரத்திற்குப் பிறகு மறைந்துவிடும் (எ. கா. g , Snapchat) மற்றவை ""அனானிமிஸ் சமூக வலைப்பின்னல்கள்"", அதாவது விஸ்பர் போன்றவை, அங்கு உள்ளடக்க உருவாக்கியவரின் அடையாளம் மறைக்கப்பட்டு, கண்டுபிடிக்க கடினமாக உள்ளது. இது சமூக வலைப்பின்னல்கள் எவ்வளவு மாறுபட்டவை என்பதைக் காட்டுகிறது தற்போது, சுமார் 215220 பிரபலமான சமூக வலைப்பின்னல்கள் உள்ளன, இருப்பினும் அவை ஆதரிக்கும் பல்வேறு உள்ளடக்கங்களைக் காட்ட ஒரு சில மட்டுமே இங்கே முன்னிலைப்படுத்தப்பட்டுள்ளன","சமீபத்தில், பின்டரஸ்ட், வைன், டம்ப்ளர், டிண்டர், விஸ்பர், ஸ்னாப்சாட், வீசாட் போன்ற புதிய சமூக வலைப்பின்னல்கள் மிகவும் பிரபலமாகி வருகின்றன. சில குறுகிய கால சமூக வலைப்பின்னல்கள், உதாரணமாக ஸ்னாப்சாட், இங்கு பதிவேற்றப்படும் உள்ளடக்கம் சிறிது நேரத்திற்குப் பிறகு தானாக அழிக்கப்படுகிறது. சில பெயரில்லா சமூக வலைப்பின்னல்கள், உதாரணமாக விஸ்பர், இங்கு பதிவேற்றப்படும் உள்ளடக்கத்தை யார் உருவாக்கினார்கள் என்பதை கண்டுபிடிப்பது கடினம். இவை அனைத்தும் சமூக வலைப்பின்னல்கள் பல்வகைப்படும் என்பதை காட்டுகின்றன. இன்று சுமார் 215–220 பிரபலமான சமூக வலைப்பின்னல்கள் உள்ளன, ஆனால் இங்கு சில முக்கியமானவை மட்டும் எடுத்துக்காட்டாகக் காட்டப்படுகின்றன."
"Even in this course, there are around 1,500 people interested, largely due to the proliferation of online social networks and mobile phones. In India alone, earlier it was said that 1 in every 13 people accessed social networks, and now it is closer to 1 in every 9 or 10. This rapid growth is driving massive amounts of content creation on social media.","இந்த பாடத்திட்டத்தில் கூட, சுமார் 1,500 பேர் ஆர்வமாக உள்ளனர், பெரும்பாலும் ஆன்லைன் சமூக வலைப்பின்னல்கள் மற்றும் மொபைல் போன்களின் பெருக்கம் காரணமாக. இந்தியாவில் மட்டும், ஒவ்வொரு 13 பேரில் 1 பேர் சமூக வலைப்பின்னல்களை அணுகுவதாக முன்பு கூறப்பட்டது, இப்போது இது ஒவ்வொரு 9 அல்லது 10 பேரில் 1 க்கு அருகில் உள்ளது. இந்த விரைவான வளர்ச்சி சமூக ஊடகங்களில் ஏராளமான உள்ளடக்க உருவாக்கத்தைத் தூண்டுகிறது.","இந்த பாடத்திட்டத்தில் கூட, ஆன்லைன் சமூக வலைப்பின்னல்கள் மற்றும் மொபைல் போன்களின் பெருக்கம் காரணமாக, சுமார் 1,500 பேர் ஆர்வமாக உள்ளனர். இந்தியாவில் மட்டும், முன்பு 13 பேரில் 1 பேர் சமூக வலைப்பின்னல்களை அணுகியதாக கூறப்பட்டது, இப்போது அது ஒவ்வொரு 9 அல்லது 10 பேருக்கும் 1 க்கு நெருக்கமாக உள்ளது. இந்த விரைவான வளர்ச்சி சமூக ஊடகங்களில் உள்ளடக்கத்தை உருவாக்குவதற்கான பெரும் அளவுகளை உந்துகிறது.","இந்தப் பாடத்திட்டத்தில் மட்டும் கூட சுமார் 1500 பேர் ஆர்வம் கொண்டுள்ளனர், இது ஆன்லைன் சமூக வலைப்பின்னல்கள் மற்றும் கைபேசிகள் பரவலாகப் பயன்படுவதால். இந்தியாவில், முன்பு 13 பேரில் ஒருவர் சமூக வலைப்பின்னல் பயன்படுத்துவதாகக் கூறப்பட்டது, ஆனால் இப்போது சுமார் 9 அல்லது 10 பேரில் ஒருவர் பயன்படுத்துகிறார். இந்த விரைவான வளர்ச்சியே சமூக ஊடகங்களில் மிகப்பெரிய அளவில் உள்ளடக்கங்கள் உருவாக காரணமாகிறது."
"Consider what happens online in just 60 seconds. In 2013, Facebook had 2.5 million posts every 60 seconds, but now it has 3.5 million. Twitter had 278,000 posts every 60 seconds in 2013, and today it is around 420,000. YouTube had about 100 hours of video uploaded every 60 seconds in 2013, but now it is 400 hours. This illustrates how much information is being uploaded continuously—Google searches, Instagram photos, WordPress posts, WhatsApp messages, emails, and more.","வெறும் 60 விநாடிகளில் ஆன்லைனில் என்ன நடக்கிறது என்பதைக் கவனியுங்கள். 2013 ஆம் ஆண்டில், ஃபேஸ்புக் ஒவ்வொரு 60 விநாடிகளுக்கும் 25 லட்சம் இடுகைகளைக் கொண்டிருந்தது, ஆனால் இப்போது அதில் 35 லட்சம் உள்ளன. ட்விட்டர் 2013 ஆம் ஆண்டில் ஒவ்வொரு 60 விநாடிகளுக்கும் 278,000 இடுகைகளைக் கொண்டிருந்தது, இன்று அது சுமார் 420,000 ஆகும். யூடியூப் 2013 ஆம் ஆண்டில் ஒவ்வொரு 60 விநாடிகளுக்கும் சுமார் 100 மணிநேர வீடியோவைப் பதிவேற்றியது, ஆனால் இப்போது அது 400 மணிநேரமாகும். கூகிள் தேடல்கள், இன்ஸ்டாகிராம் புகைப்படங்கள், வேர்ட்பிரஸ் இடுகைகள், வாட்ஸ்அப் செய்திகள், மின்னஞ்சல்கள் மற்றும் பல-எவ்வளவு தகவல் தொடர்ந்து பதிவேற்றப்படுகிறது என்பதை இது விளக்குகிறது.","வெறும் 60 வினாடிகளில் ஆன்லைனில் என்ன நடக்கிறது என்பதைக் கவனியுங்கள். 2013 ஆம் ஆண்டில், பேஸ்புக்கில் 2 ஒவ்வொரு 60 வினாடிகளுக்கும் 5 மில்லியன் பதிவுகள், ஆனால் இப்போது அது 3 5 மில்லியன் 2013 ஆம் ஆண்டில் ட்விட்டரில் ஒவ்வொரு 60 வினாடிகளுக்கும் 278,000 பதிவுகள் இருந்தன, இன்று அது சுமார் 420,000 ஆகும். 2013 ஆம் ஆண்டில் ஒவ்வொரு 60 வினாடிகளுக்கும் சுமார் 100 மணிநேர வீடியோக்கள் யூடியூப்பில் பதிவேற்றப்பட்டன, ஆனால் இப்போது அது 400 மணிநேரமாக உள்ளது இது தொடர்ந்து எவ்வளவு தகவல்கள் பதிவேற்றம் செய்யப்படுகின்றன என்பதை விளக்குகிறது - கூகிள் தேடல்கள், இன்ஸ்டாகிராம் புகைப்படங்கள், வேர்ட்பிரஸ் பதிவுகள், வாட்ஸ்அப் செய்திகள், மின்னஞ்சல்கள் மற்றும் பல","இணையத்தில் வெறும் 60 விநாடிகளில் என்ன நடக்கிறது என்பதைப் பாருங்கள். 2013-இல், பேஸ்புக் ஒவ்வொரு 60 விநாடிகளிலும் 2.5 மில்லியன் பதிவுகள் இருந்தன, ஆனால் இன்று அது 3.5 மில்லியனாக உள்ளது. ட்விட்டர் 2013-இல் 278,000 பதிவுகளை பெற்றது, ஆனால் இன்று அது 420,000 ஆக உள்ளது. யூடியூப் 2013-இல் ஒவ்வொரு 60 விநாடிகளுக்கும் 100 மணிநேர வீடியோக்கள் பதிவேற்றப்பட்டன, ஆனால் இன்று அது 400 மணிநேரமாக உள்ளது. இதனால் கூகுள் சர்ச், இன்ஸ்டாகிராம் படங்கள், வேர்ட்பிரஸ் பதிவுகள், வாட்ஸ்அப் செய்திகள், மின்னஞ்சல்கள் போன்றவற்றின் அளவு எவ்வளவு பெரிது என்பதை அறியலாம்."
"In big data, and similarly in online social media, there is often discussion around the “V’s.” The first is Velocity—the speed at which content is generated. The second is Variety—the different types of content across platforms. The third is Veracity—the reliability or truthfulness of the content. The fourth is Volume—the sheer size of content being generated (e.g., hundreds of hours of video every minute). Finally, the fifth is Value—if the content does not provide value, then volume, velocity, variety, and veracity alone do not matter.","பெரிய தரவுகளிலும், ஆன்லைன் சமூக ஊடகங்களிலும், ""வி"" களைச் சுற்றி அடிக்கடி விவாதம் நடைபெறுகிறது. முதலாவது வேகம்-உள்ளடக்கம் உருவாக்கப்படும் வேகம். இரண்டாவது பன்முகத்தன்மை-தளங்கள் முழுவதும் பல்வேறு வகையான உள்ளடக்கம். மூன்றாவது உண்மைத்தன்மை-உள்ளடக்கத்தின் நம்பகத்தன்மை அல்லது உண்மைத்தன்மை. நான்காவது தொகுதி-உருவாக்கப்படும் உள்ளடக்கத்தின் முற்றிலும் அளவு (எ. கா., ஒவ்வொரு நிமிடத்திற்கும் நூற்றுக்கணக்கான மணிநேர வீடியோ). இறுதியாக, ஐந்தாவது மதிப்பு-உள்ளடக்கம் மதிப்பை வழங்கவில்லை என்றால், தொகுதி, வேகம், பன்முகத்தன்மை மற்றும் உண்மைத்தன்மை மட்டுமே முக்கியமல்ல.","பெரிய தரவுகளில், அதேபோல் ஆன்லைன் சமூக ஊடகங்களில், 'V' ஐப் பற்றி அடிக்கடி விவாதம் நடைபெறுகிறது. முதலாவது திசைவேகம் - உள்ளடக்கம் உருவாக்கப்படும் வேகம் இரண்டாவது வெரைட்டி - தளங்களில் உள்ள பல்வேறு வகையான உள்ளடக்கம் மூன்றாவது உண்மைத்தன்மை - உள்ளடக்கத்தின் நம்பகத்தன்மை அல்லது உண்மைத்தன்மை நான்காவது தொகுதி - உருவாக்கப்பட்ட உள்ளடக்கத்தின் முழு அளவு (e g , ஒவ்வொரு நிமிடமும் நூற்றுக்கணக்கான மணிநேர வீடியோக்கள்) இறுதியாக, ஐந்தாவது மதிப்பு - உள்ளடக்கம் மதிப்பை வழங்கவில்லை என்றால், அளவு, வேகம், வகை. மற்றும். உண்மைத்தன்மை. மட்டும் ஒரு பொருட்டல்ல.","பிக் டேட்டாவில் போல், ஆன்லைன் சமூக ஊடகத்திலும் “V”கள் குறித்த விவாதம் உள்ளது. முதல் V என்பது வேகம்—உள்ளடக்கம் உருவாகும் வேகம். இரண்டாவது பல்வகைமை—பல்வேறு தளங்களில் உருவாகும் உள்ளடக்க வகைகள். மூன்றாவது நம்பகத்தன்மை—பதிவேற்றப்படும் தகவல் உண்மையா என்பதை அறிதல், இது மிகவும் சிரமமானது. நான்காவது அளவு—உள்ளடக்கத்தின் பரிமாணம் (எ.கா., யூடியூப்-வில் ஒவ்வொரு நிமிடமும் நூற்றுக்கணக்கான மணி நேர வீடியோக்கள்). ஐந்தாவது மதிப்பு—உள்ளடக்கம் மதிப்பில்லாததாக இருந்தால், மற்ற V-களுக்கெல்லாம் அர்த்தமில்லை."
"Now let’s look at some popular social networks, starting with Facebook. Many of you may already have an account. The building blocks of Facebook include the feed (posts from friends), posts (which can be text, image, or video), likes, comments, and shares. All of this content is stored in a graph structure—users and content as nodes, and edges representing friendships. Facebook is a bidirectional network—both people must accept the connection to become friends. Apart from this, there are pages (which you like or join) and groups (public or private) that allow communities to form.","இப்போது ஃபேஸ்புக்கில் தொடங்கி சில பிரபலமான சமூக வலைப்பின்னல்களைப் பார்ப்போம். உங்களில் பலருக்கு ஏற்கனவே ஒரு கணக்கு இருக்கலாம். ஃபேஸ்புக்கின் கட்டமைப்பு தொகுதிகளில் ஃபீட் (நண்பர்களிடமிருந்து இடுகைகள்), இடுகைகள் (உரை, படம் அல்லது வீடியோவாக இருக்கலாம்), லைக்குகள், கருத்துகள் மற்றும் பகிர்வுகள் ஆகியவை அடங்கும். இந்த உள்ளடக்கம் அனைத்தும் ஒரு வரைபட கட்டமைப்பில் சேமிக்கப்படுகிறது-பயனர்கள் மற்றும் உள்ளடக்கம் முனைகளாக, மற்றும் நட்புகளைக் குறிக்கும் விளிம்புகள். ஃபேஸ்புக் ஒரு இருதரப்பு நெட்வொர்க்-இருவரும் நண்பர்களாக மாற இணைப்பை ஏற்றுக்கொள்ள வேண்டும். இது தவிர, சமூகங்களை உருவாக்க அனுமதிக்கும் பக்கங்கள் (நீங்கள் விரும்பும் அல்லது சேரும்) மற்றும் குழுக்கள் (பொது அல்லது தனியார்) உள்ளன.","இப்போது பேஸ்புக்கிலிருந்து தொடங்கி சில பிரபலமான சமூக வலைப்பின்னல்களைப் பார்ப்போம். உங்களில் பலருக்கு ஏற்கனவே ஒரு கணக்கு இருக்கலாம். ஃபேஸ்புக்கின் கட்டிடத் தொகுதிகள் ஊட்டம் (நண்பர்களிடமிருந்து இடுகைகள்), பதிவுகள் (இது உரை, படம் அல்லது வீடியோவாக இருக்கலாம்), விருப்பங்கள், கருத்துகள் மற்றும் பங்குகள் ஆகியவை அடங்கும். இந்த உள்ளடக்கம் அனைத்தும் ஒரு வரைபட கட்டமைப்பில் சேமிக்கப்படுகிறது - பயனர்கள் மற்றும் உள்ளடக்கம் முனைகள் மற்றும் நட்பைக் குறிக்கும் விளிம்புகள் பேஸ்புக் இருவழி நெட்வொர்க் - இருவரும் நண்பர்களாக மாற இணைப்பை ஏற்றுக்கொள்ள வேண்டும் இது தவிர, சமூகங்களை உருவாக்க அனுமதிக்கும் பக்கங்கள் (நீங்கள் விரும்பும் அல்லது சேரலாம்) மற்றும் குழுக்கள் (பொது அல்லது தனியார்) உள்ளன","இப்போது பிரபலமான சமூக வலைப்பின்னல்கள் பற்றி விரிவாகப் பார்ப்போம், முதலில் பேஸ்புக். உங்களில் பலருக்கும் ஏற்கனவே கணக்கு இருக்கும். பேஸ்புக் இன் அடிப்படை கூறுகள்: ஃபீடு (நண்பர்கள் பதிவுகள்), பதிவுகள் (உரைகள், படங்கள், வீடியோக்கள்), லைக்குகள், கருத்துகள், பகிர்வுகள். இவை அனைத்தும் ஒரு கிராஃப் அமைப்பில் சேமிக்கப்படுகின்றன—பயனர்கள் மற்றும் உள்ளடக்கங்கள் நொடுகள் ஆகவும், நட்புறவுகள் இணைப்புகள் ஆகவும். பேஸ்புக் ஒரு இருதரப்பு வலைப்பின்னல்—இருவரும் ஒப்புக்கொண்டால் மட்டுமே நண்பர்களாக முடியும். இதைத் தவிர, பக்கங்கள் (நீங்கள் விரும்பும் அல்லது சேரும் பக்கங்கள்), குழுக்கள் (பொது அல்லது தனியார் குழுக்கள்) என்பவையும் உள்ளன."
"Twitter, in contrast, is a unidirectional network. You can follow anyone, and they don’t need to follow you back. Twitter is a micro-blogging site, limited to 140 characters (earlier). It includes followers and followings, tweets, retweets, replies, likes, and hashtags. Trends on Twitter highlight popular topics in a location. For example, hashtags like #PSOSMNPTEL can be used by the class to collect data. Twitter interactions are shorter and faster, but highly influential.","இதற்கு மாறாக, ட்விட்டர் ஒரு திசை நெட்வொர்க் ஆகும். நீங்கள் யாரையும் பின்தொடரலாம், அவர்கள் உங்களை மீண்டும் பின்தொடர வேண்டிய அவசியமில்லை. ட்விட்டர் ஒரு மைக்ரோ-பிளாக்கிங் தளமாகும், இது 140 எழுத்துக்களுக்கு (முன்பு) வரையறுக்கப்பட்டுள்ளது. இதில் பின்தொடர்பவர்கள் மற்றும் பின்தொடர்பவர்கள், ட்வீட்கள், மறு ட்வீட்கள், பதில்கள், லைக்குகள் மற்றும் ஹேஷ்டேக்குகள் ஆகியவை அடங்கும். ட்விட்டரில் உள்ள போக்குகள் ஒரு இடத்தில் பிரபலமான தலைப்புகளை முன்னிலைப்படுத்துகின்றன. எடுத்துக்காட்டாக, #psosmnptel போன்ற ஹேஷ்டேக்குகளை தரவை சேகரிக்க வகுப்பு பயன்படுத்தலாம். ட்விட்டர் தொடர்புகள் குறுகியதாகவும் வேகமாகவும் உள்ளன, ஆனால் மிகவும் செல்வாக்கு மிக்கவை.","இதற்கு மாறாக ட்விட்டர் ஒரு ஒருமுக நெட்வொர்க் நீங்கள் யாரையும் பின்பற்றலாம், அவர்கள் உங்களைப் பின்தொடர வேண்டியதில்லை. ட்விட்டர் ஒரு மைக்ரோ-பிளாக்கிங் தளம், 140 எழுத்துக்களுக்கு மட்டுப்படுத்தப்பட்டுள்ளது (முன்னர்) இது பின்தொடர்பவர்கள் மற்றும் பின்தொடர்தல்கள், ட்வீட்ஸ், ரீட்வீட்ஸ், பதில்கள், விருப்பங்கள் மற்றும் ஹேஷ்டேக்குகளை உள்ளடக்கியது. ட்விட்டரில் உள்ள போக்குகள் ஒரு இடத்தில் பிரபலமான தலைப்புகளை முன்னிலைப்படுத்துகின்றன எடுத்துக்காட்டாக, #PSOSMNPTEL போன்ற ஹேஷ்டேக்குகளை தரவுகளை சேகரிக்க வகுப்பால் பயன்படுத்தலாம் ட்விட்டர் தொடர்புகள் குறுகிய மற்றும் வேகமானவை, ஆனால் மிகவும். செல்வாக்கு மிக்கவை.","ட்விட்டர் ஒரு ஒருதரப்பு வலைப்பின்னல். நீங்கள் யாரையும் பின்தொடரலாம், அவர்களால் உங்களைப் பின்தொடர வேண்டிய அவசியமில்லை. இது ஒரு மைக்ரோ-பிளாக்கிங் தளம், அதிகபட்சம் 140 எழுத்துகள் மட்டுமே அனுமதிக்கப்படுகிறது (முன்பு). இதில் பின்தொடர்பவர்கள், பின்தொடர்பவை, ட்வீட்டுகள், ரீட்வீட்டுகள், பதில்கள், லைக்குகள், ஹாஷ்டேக்குகள் ஆகியவை உள்ளன. Trends பகுதியில், ஒரு இடத்தில் பிரபலமாக இருக்கும் தலைப்புகள் தெரியும். எடுத்துக்காட்டாக, #PSOSMNPTEL என்ற ஹாஷ்டேக் வகுப்பில் பயன்படுகிறது. இங்கு உள்ள தொடர்புகள் சுருக்கமாக இருந்தாலும் மிகுந்த தாக்கம் செலுத்துகின்றன."
"LinkedIn is a professional network built on connections rather than friends or followers. The focus is on jobs, recruitment, and professional updates. Foursquare is a location-based social network, where users “check in” at places like restaurants or airports, allowing friends to know their location. It also supports ratings and tips. Google Plus (less popular now) had “circles” instead of friends or followers, and offered similar interactions like posts, comments, and +1’s.","லிங்க்ட்இன் என்பது நண்பர்கள் அல்லது பின்தொடர்பவர்களை விட இணைப்புகளில் கட்டமைக்கப்பட்ட ஒரு தொழில்முறை நெட்வொர்க் ஆகும். வேலைகள், ஆட்சேர்ப்பு மற்றும் தொழில்முறை புதுப்பிப்புகளில் கவனம் செலுத்தப்படுகிறது. ஃபோர்ஸ்க்வேர் என்பது ஒரு இருப்பிட அடிப்படையிலான சமூக வலைப்பின்னலாகும், அங்கு பயனர்கள் உணவகங்கள் அல்லது விமான நிலையங்கள் போன்ற இடங்களில் ""செக் இன்"" செய்கிறார்கள், இது நண்பர்கள் தங்கள் இருப்பிடத்தை அறிய அனுமதிக்கிறது. இது மதிப்பீடுகள் மற்றும் உதவிக்குறிப்புகளையும் ஆதரிக்கிறது. கூகிள் பிளஸ் (இப்போது குறைவான பிரபலம்) நண்பர்கள் அல்லது பின்தொடர்பவர்களுக்கு பதிலாக ""வட்டங்களை"" கொண்டிருந்தது, மேலும் இடுகைகள், கருத்துகள் மற்றும் + 1 போன்ற ஒத்த தொடர்புகளை வழங்கியது.","லிங்க்டெய்ன் என்பது நண்பர்கள் அல்லது பின்தொடர்பவர்களை விட இணைப்புகளில் கட்டப்பட்ட ஒரு தொழில்முறை நெட்வொர்க் வேலைகள், ஆட்சேர்ப்பு மற்றும் தொழில்முறை புதுப்பிப்புகள் ஆகியவற்றில் கவனம் செலுத்துகிறது Foursquare என்பது ஒரு இருப்பிட அடிப்படையிலான சமூக வலைப்பின்னலாகும், அங்கு பயனர்கள் உணவகங்கள் அல்லது விமான நிலையங்கள் போன்ற இடங்களில் ""செக்-இன்"" செய்கிறார்கள், நண்பர்கள் தங்கள் இருப்பிடத்தை அறிய அனுமதிக்கிறார்கள் இது மதிப்பீடுகள் மற்றும் உதவிக்குறிப்புகளையும் ஆதரிக்கிறது. கூகுள் பிளஸ் (இப்போது குறைவாக பிரபலமானது) நண்பர்கள் அல்லது பின்தொடர்பவர்களுக்கு பதிலாக வட்டங்கள் கொண்டிருந்தது, மேலும் இடுகைகள், கருத்துகள் மற்றும் +1 கள் போன்ற ஒத்த தொடர்புகளை வழங்கியது","லிங்க்ட்இன் என்பது தொழில்முறை வலைப்பின்னல், இது கானெக்ஷன்கள் மீது அமைந்துள்ளது, நண்பர்கள் அல்லது பின்தொடர்பவர்கள் அல்ல. இது வேலைகள், ஆட்சேர்ப்பு, தொழில் புதுப்பிப்புகள் போன்றவற்றில் கவனம் செலுத்துகிறது. ஃபோர்ஸ்குவேர் என்பது இடம் சார்ந்த சமூக வலைப்பின்னல், இதில் பயனர்கள் செக்-இன் செய்வார்கள், உதாரணமாக உணவகம் அல்லது விமான நிலையம். இதனால் நண்பர்கள் உங்கள் இருப்பிடத்தை அறிய முடியும். கூகுள் ப்ளஸ் (இப்போது அதிகம் பிரபலமில்லை) “சர்கிள்ஸ்” என்ற கருத்தைக் கொண்டிருந்தது, இதில் உரைகள், படங்கள், வீடியோக்கள், +1 (பேஸ்புக் லைக் போல) ஆகியவை இருந்தன."
"YouTube is a major video-sharing site where users upload, like, share, and comment on videos. Pinterest is image-based, built around “boards” where images are pinned and shared. Periscope focused on live video streaming rather than uploading. Tinder is a location-based dating app, where users swipe left or right to connect with people nearby. Whisper is an anonymous social network where posts are not linked to identities, making it impossible to trace who posted.","யூடியூப் என்பது ஒரு முக்கிய வீடியோ பகிர்வு தளமாகும், அங்கு பயனர்கள் வீடியோக்களில் பதிவேற்றுகிறார்கள், விரும்புகிறார்கள், பகிர்ந்து கொள்கிறார்கள் மற்றும் கருத்து தெரிவிக்கிறார்கள். Pinterest என்பது பட அடிப்படையிலானது, இது ""பலகைகளை"" சுற்றி கட்டப்பட்டுள்ளது, அங்கு படங்கள் முத்திரையிடப்பட்டு பகிரப்படுகின்றன. பெரிஸ்கோப் பதிவேற்றுவதை விட நேரடி வீடியோ ஸ்ட்ரீமிங்கில் கவனம் செலுத்துகிறது. டிண்டர் என்பது ஒரு இருப்பிட அடிப்படையிலான டேட்டிங் பயன்பாடாகும், அங்கு பயனர்கள் அருகிலுள்ள மக்களுடன் இணைக்க இடது அல்லது வலதுபுறம் ஸ்வைப் செய்கிறார்கள். கிசுகிசுப்பது என்பது ஒரு அநாமதேய சமூக வலைப்பின்னலாகும், அங்கு இடுகைகள் அடையாளங்களுடன் இணைக்கப்படவில்லை, இதனால் யார் இடுகையிட்டனர் என்பதைக் கண்டுபிடிக்க முடியாது.","யூடியூப் என்பது பயனர்கள் வீடியோக்களைப் பதிவேற்றும், விரும்பும், பகிர்ந்து கொள்ளும் மற்றும் கருத்து தெரிவிக்கும் ஒரு முக்கிய வீடியோ பகிர்வு தளமாகும். Pinterest என்பது பட அடிப்படையிலானது, படங்கள் பின் செய்யப்பட்டு பகிரப்படும் 'போர்டுகள்' ஐச் சுற்றி கட்டப்பட்டுள்ளது பெரிஸ்கோப் பதிவேற்றுவதை விட நேரடி வீடியோ ஸ்ட்ரீமிங்கில் கவனம் செலுத்துகிறது டிண்டர் என்பது ஒரு இருப்பிட அடிப்படையிலான டேட்டிங் பயன்பாடாகும், அங்கு பயனர்கள் அருகிலுள்ள மக்களுடன் இணைக்க இடது அல்லது வலதுபுறமாக ஸ்வைப் செய்கிறார்கள் விஸ்பர் என்பது ஒரு அநாமதேய சமூக வலைப்பின்னலாகும், அங்கு பதிவுகள் அடையாளங்களுடன் இணைக்கப்படவில்லை, இது யார் பதிவிட்டதைக் கண்டுபிடிக்க முடியாது.","யூடியூப் மிகப் பெரிய வீடியோ பகிர்வு தளம். இதில் பயனர்கள் வீடியோக்களை பதிவேற்ற, விருப்பமிட, பகிர, கருத்துரைக்க முடியும். பின்டரஸ்ட் படங்களுக்கானது, இதில் போர்டு என்ற அமைப்பில் படங்களை பின் செய்யலாம். பேரிஸ்கோப் நேரடி வீடியோ ஸ்ட்ரீமிங் வழங்கியது. டிண்டர் இடம் சார்ந்த டேட்டிங் பயன்பாடு, இதில் பயனர்கள் இடது/வலது swipe மூலம் தொடர்புகளை ஏற்படுத்துகிறார்கள். விஸ்பர் ஒரு பெயரில்லா சமூக வலைப்பின்னல், இதில் பதிவேற்றப்படும் உள்ளடக்கம் யாருடையது என்று கண்டறிவது இயலாது."
"Finally, it’s important to remember the difference between reality and perception in social media. What people post may not reflect their real life. For example, someone may post about a great meal, while in reality it wasn’t so impressive. Or post that a presentation went well when people were actually bored. Social media posts can create impressions that are very different from reality, so it is essential to view them critically.","இறுதியாக, சமூக ஊடகங்களில் யதார்த்தத்திற்கும் கருத்துக்கும் உள்ள வித்தியாசத்தை நினைவில் கொள்வது முக்கியம். மக்கள் என்ன இடுகையிடுகிறார்கள் என்பது அவர்களின் நிஜ வாழ்க்கையை பிரதிபலிக்காமல் போகலாம். உதாரணமாக, யாராவது ஒரு சிறந்த உணவைப் பற்றி இடுகையிடலாம், அதே நேரத்தில் உண்மையில் அது அவ்வளவு சுவாரஸ்யமாக இல்லை. அல்லது மக்கள் உண்மையில் சலிப்படைந்தபோது ஒரு விளக்கக்காட்சி நன்றாக சென்றது என்று இடுகையிடவும். சமூக ஊடக இடுகைகள் யதார்த்தத்திலிருந்து மிகவும் வேறுபட்ட எண்ணங்களை உருவாக்கலாம், எனவே அவற்றை விமர்சன ரீதியாக பார்ப்பது அவசியம்.","இறுதியாக, சமூக ஊடகங்களில் யதார்த்தத்திற்கும் கருத்துக்கும் உள்ள வித்தியாசத்தை நினைவில் கொள்வது முக்கியம். மக்கள் எதைப் பதிவிடுகிறார்கள் என்பது அவர்களின் உண்மையான வாழ்க்கையை பிரதிபலிக்காது. உதாரணமாக, யாராவது ஒரு சிறந்த உணவைப் பற்றி இடுகையிடலாம், உண்மையில் அது அவ்வளவு ஈர்க்கக்கூடியதாக இல்லை அல்லது மக்கள் உண்மையில் சலித்துக்கொண்டிருந்தபோது ஒரு விளக்கக்காட்சி நன்றாக சென்றது என்று இடுகையிடவும் சமூக ஊடக பதிவுகள் யதார்த்தத்திலிருந்து மிகவும். வித்தியாசமான. பதிவுகளை உருவாக்க முடியும், எனவே அவற்றை விமர்சன ரீதியாகப் பார்ப்பது. அவசியம்.","இறுதியாக, சமூக ஊடகங்களில் உண்மையும் கற்பனையும் வேறுபடுவதை நினைவில் கொள்வது முக்கியம். மக்கள் பதிவேற்றுவது, அவர்கள் வாழும் உண்மை நிலையைப் பிரதிபலிக்காமல் இருக்கலாம். எடுத்துக்காட்டாக, ஒருவர் சிறந்த உணவுப் பற்றிப் பதிவிடலாம், ஆனால் உண்மையில் அது அதுவாக இருக்காது. அல்லது, ஒரு விளக்கவுரை சிறப்பாக நடந்தது என்று கூறலாம், ஆனால் மக்கள் சலித்திருந்திருக்கலாம். அதுபோல், ஓடிவிட்டேன் என்று பேஸ்புக் இல் பதிவிட்டாலும், உண்மையில் கார் ஓட்டி இருந்திருக்கலாம். எனவே, சமூக ஊடகங்களில் காணும் பதிவுகள் எப்போதும் உண்மையைச் சுட்டிக்காட்டாது, எனவே அவற்றை விமர்சனமாக பார்க்க வேண்டும்."
"Welcome back. Until now in the course, we have seen some logistics about the course — what online social media is, its impact and numbers, some ways in which we can actually use these social media services, and some examples of these social media services. What I will cover today is actually looking at some of the incidences, both positive and negative, where social media has played a role.","மீண்டும் வரவேற்கிறோம். பாடத்திட்டத்தில் இதுவரை, பாடத்திட்டத்தைப் பற்றிய சில தளவாடங்களை நாம் பார்த்தோம்-ஆன்லைன் சமூக ஊடகம் என்றால் என்ன, அதன் தாக்கம் மற்றும் எண்கள், இந்த சமூக ஊடக சேவைகளை நாம் உண்மையில் பயன்படுத்தக்கூடிய சில வழிகள் மற்றும் இந்த சமூக ஊடக சேவைகளின் சில எடுத்துக்காட்டுகள். இன்று நான் உள்ளடக்கும் உண்மையில் சமூக ஊடகங்கள் ஒரு பங்கைக் கொண்ட சில நிகழ்வுகளை நேர்மறையான மற்றும் எதிர்மறையான இரண்டையும் பார்க்கிறது.","மீண்டும் வருக. இதுவரை பாடத்திட்டத்தில், பாடத்திட்டத்தைப் பற்றிய சில தளவாடங்களைக் கண்டோம். - ஆன்லைன் சமூக ஊடகம் என்றால் என்ன, அதன் தாக்கம் மற்றும் எண்கள், இந்த சமூக ஊடக சேவைகளை நாம் உண்மையில் பயன்படுத்தக்கூடிய சில வழிகள் மற்றும் இந்த சமூக ஊடக சேவைகளின் சில எடுத்துக்காட்டுகள். இன்று நான் மறைக்கப் போவது உண்மையில் நேர்மறை மற்றும் எதிர்மறை இரண்டையும் உள்ளடக்கிய சில சம்பவங்களைப் பார்ப்பது, அங்கு சமூக ஊடகங்கள் ஒரு பங்கைக் கொண்டுள்ளன.","மீண்டும் வரவேற்கின்றேன். இதுவரை இந்த course-ல், நாங்கள் course பற்றிய சில logistics பற்றி பார்த்துள்ளோம் — online social media என்பது என்ன, அதன் தாக்கம் மற்றும் எண்ணிக்கைகள், social media சேவைகளை நாங்கள் உண்மையில் எவ்வாறு பயன்படுத்தலாம் என்பதற்கான சில வழிகள் மற்றும் அந்த social media சேவைகளின் சில எடுத்துக்காட்டுகள். இன்று நான் பார்க்கப்போகும் விஷயம் social media பங்கு பெற்ற சில positive மற்றும் negative incidences-ஐப் பற்றியது."
"Here is a first one: as I have put in the slide, it happened in 2009. This is the first time ever a social media service like Twitter was actually used for crisis management. Here is a tweet which jkrums actually posted, which reads: “There is a plane in the Hudson. I am on the ferry going to pick up the people. Crazy.” Until then, Twitter was basically used for conversations, like saying what I am doing in life in the morning — “Morning Monday”, “I am having coffee”, “I am traveling here,” and things like that.","இங்கே முதல் ஒன்று உள்ளதுஃ நான் ஸ்லைடில் வைத்தது போல், இது 2009 இல் நடந்தது. ட்விட்டர் போன்ற சமூக ஊடக சேவை உண்மையில் நெருக்கடி மேலாண்மைக்கு பயன்படுத்தப்படுவது இதுவே முதல் முறையாகும். ஜே. கே. ஆர். எம். எஸ் உண்மையில் வெளியிட்ட ஒரு ட்வீட் இங்கே உள்ளது, அதில் எழுதப்பட்டுள்ளதுஃ ""ஹட்சனில் ஒரு விமானம் உள்ளது. நான் மக்களை அழைத்துச் செல்ல படகில் இருக்கிறேன். பைத்தியம் "". அதுவரை, ட்விட்டர் அடிப்படையில் உரையாடல்களுக்கு பயன்படுத்தப்பட்டது, காலையில் நான் வாழ்க்கையில் என்ன செய்கிறேன் என்று சொல்வது போல்-""காலை திங்கள்"", ""நான் காபி குடிக்கிறேன்"", ""நான் இங்கே பயணம் செய்கிறேன்"", மற்றும் அது போன்ற விஷயங்கள்.","இங்கே முதல் ஒன்று: நான் ஸ்லைடில் வைத்திருப்பது போல், இது 2009 இல் நடந்தது. ட்விட்டர் போன்ற சமூக ஊடக சேவை உண்மையில் நெருக்கடி மேலாண்மைக்கு பயன்படுத்தப்பட்டது. இதுவே முதல் முறை இங்கே jkrums உண்மையில் posted என்று ஒரு ட்வீட் உள்ளது, இது படிக்கிறது: ""ஹட்சன் ஒரு விமானம் உள்ளது. நான் மக்களை அழைத்துச் செல்லும் படகில் இருக்கிறேன் பைத்தியம். அதுவரை, ட்விட்டர் அடிப்படையில் உரையாடல்களுக்குப் பயன்படுத்தப்பட்டது, காலையில் நான் வாழ்க்கையில் என்ன செய்கிறேன் என்று சொல்வது. போன்றது திங்கள் காலை, நான் காபி சாப்பிடுகிறேன், நான் இங்கு பயணம் செய்கிறேன் மற்றும் அது. போன்ற விஷயங்கள்","முதலாவது எடுத்துக்காட்டு இதோ: நான் slide-ல் காட்டியதுபோல், இது 2009-ல் நடந்தது. இது social media சேவையில் முதன்முறையாக, ட்விட்டர் போன்றவை crisis management-க்காக பயன்படுத்தப்பட்ட நேரம். இதோ ஒரு tweet, jkrums பதிவு செய்தது, அதில் எழுதப்பட்டது: “There is a plane in the Hudson. I am on the ferry going to pick up the people. Crazy.” அப்பொழுது வரை, ட்விட்டர் conversations-க்காக மட்டுமே பயன்படுத்தப்பட்டது, உதாரணமாக நான் காலை என்ன செய்கிறேன் என்பதைக் கூறுவது — “Morning Monday”, “I am having coffee”, “I am traveling here” போன்றவை."
"Whereas, for the first time in 2009, jkrums actually posted this tweet when the US Airways flight landed in the Hudson River. Before the first responders could reach, there were actually citizens who were helping in the situation. Therefore, Twitter and social media services started being used in many different ways. I am going to talk to you about some examples where social media played both positive and negative roles. In this case, it is very positive because it helps in actually solving a crisis and helps first responders.","அதேசமயம், 2009 ஆம் ஆண்டில் முதல் முறையாக, அமெரிக்க விமானப் போக்குவரத்து விமானம் ஹட்சன் ஆற்றில் தரையிறங்கியபோது ஜே. கே. ஆர். எம். எஸ் உண்மையில் இந்த ட்வீட்டை வெளியிட்டது. முதல் பதிலளிப்பவர்கள் வருவதற்கு முன்பு, உண்மையில் இந்த சூழ்நிலையில் உதவும் குடிமக்கள் இருந்தனர். எனவே, ட்விட்டர் மற்றும் சமூக ஊடக சேவைகள் பல வழிகளில் பயன்படுத்தப்படத் தொடங்கின. சமூக ஊடகங்கள் நேர்மறையான மற்றும் எதிர்மறையான பாத்திரங்களை வகித்த சில எடுத்துக்காட்டுகளைப் பற்றி நான் உங்களுடன் பேசப் போகிறேன். இந்த விஷயத்தில், இது மிகவும் சாதகமானது, ஏனெனில் இது உண்மையில் ஒரு நெருக்கடியைத் தீர்க்க உதவுகிறது மற்றும் முதல் பதிலளிப்பவர்களுக்கு உதவுகிறது.","அதேசமயம், 2009 ஆம் ஆண்டில் முதல் முறையாக, அமெரிக்கன் ஏர்வேஸ் விமானம் ஹட்சன் ஆற்றில் தரையிறங்கியபோது ஜே. க்ரூம்ஸ் இந்த ட்வீட்டை வெளியிட்டார். முதல் பதிலளிப்பவர்கள் அடையும் முன், உண்மையில் அந்த சூழ்நிலையில் உதவி செய்த குடிமக்கள் இருந்தனர். எனவே, ட்விட்டர் மற்றும் சமூக ஊடக சேவைகள் பலவிதங்களில் பயன்படுத்தத் தொடங்கின. சமூக ஊடகங்கள் நேர்மறை மற்றும் எதிர்மறை பாத்திரங்களை வகித்த சில எடுத்துக்காட்டுகளைப் பற்றி நான் உங்களுடன் பேசப் போகிறேன் இந்த விஷயத்தில், இது. மிகவும் நேர்மறையானது, ஏனெனில் இது. உண்மையில். ஒரு நெருக்கடியைத். தீர்க்க உதவுகிறது மற்றும் முதல். பதிலளிப்பவர்களுக்கு உதவுகிறது.","ஆனால் 2009-ல் முதன்முறையாக, jkrums இந்த tweet-ஐ பதிவு செய்தார், US Airways விமானம் ஹட்ஸன் நதியில் இறங்கியபோது. முதலாவது responders வருவதற்குமுன், சில பொதுமக்கள் அந்த சூழலில் உதவி செய்தனர். அதனால், ட்விட்டர் மற்றும் social media சேவைகள் பல்வேறு வழிகளில் பயன்படுத்தப்படத் தொடங்கின. நான் social media positive மற்றும் negative roles-ஐ விளக்கும் சில எடுத்துக்காட்டுகளைப் பேசப் போகிறேன். இந்த எடுத்துக்காட்டு மிகவும் positive, ஏனெனில் இது crisis-ஐ தீர்க்கவும் மற்றும் first responders-ஐ உதவவும் உதவுகிறது."
"Here is an example where in India there was a kid who was actually lost in a railway station, and somebody took a picture of this kid with a railway police officer. In 20 minutes, she was actually able to connect with her parents. The primary way by which it was done was posting the picture on social media, particularly tagging, mentioning the concerned people. Therefore, this tweet got viral, and the kid was able to connect with her parents within 20 minutes.","இந்தியாவில் ஒரு ரயில் நிலையத்தில் உண்மையில் காணாமல் போன ஒரு குழந்தை இருந்ததற்கு இது ஒரு எடுத்துக்காட்டு, மேலும் யாரோ ஒருவர் இந்த குழந்தையை ஒரு ரயில்வே போலீஸ் அதிகாரியுடன் புகைப்படம் எடுத்தார். 20 நிமிடங்களில், அவள் உண்மையில் தனது பெற்றோருடன் இணைக்க முடிந்தது. இது செய்யப்பட்ட முதன்மை வழி சமூக ஊடகங்களில் படத்தை வெளியிடுவதாகும், குறிப்பாக குறிச்சொல், சம்பந்தப்பட்ட மக்களைக் குறிப்பிடுவதாகும். எனவே, இந்த ட்வீட் வைரலாகியது, மேலும் குழந்தை 20 நிமிடங்களுக்குள் தனது பெற்றோருடன் இணைக்க முடிந்தது.","இந்தியாவில் ஒரு ரயில் நிலையத்தில் உண்மையில் தொலைந்து போன ஒரு குழந்தை இருந்த ஒரு உதாரணம் இங்கே உள்ளது, யாரோ ஒருவர் இந்த குழந்தையை ஒரு ரயில்வே காவல் அதிகாரியுடன் படமெடுத்தார். 20 நிமிடங்களில், அவளால் உண்மையில் அவளுடைய பெற்றோருடன் இணைக்க முடிந்தது. இது செய்யப்பட்ட முதன்மை வழி, சமூக ஊடகங்களில் படத்தை வெளியிடுவது, குறிப்பாக குறிச்சொல் செய்தல், சம்பந்தப்பட்ட நபர்களைக் குறிப்பிடுதல். எனவே, இந்த ட்வீட் வைரலாகி, அந்த குழந்தை தனது பெற்றோருடன் 20. நிமிடங்களுக்குள் தொடர்பு கொள்ள. முடிந்தது","இந்தியாவில் நடந்த ஒரு எடுத்துக்காட்டு இதோ: ஒரு குழந்தை ரயில்வே ஸ்டேஷனில் தொலைந்து போனது, ஒருவர் அந்த குழந்தையின் படத்தை ஒரு ரயில்வே காவல் அதிகாரியுடன் எடுத்தார். 20 நிமிடங்களில், அந்த குழந்தை தனது பெற்றோருடன் தொடர்பு கொள்ள முடிந்தது. இதற்கான முதன்மையான வழி social media-ல் அந்த படத்தை பதிவு செய்வதாகும், குறிப்பாக tagging செய்து, சம்பந்தப்பட்ட நபர்களை குறிப்பிடுவது. இதனால், அந்த tweet viral ஆனது, குழந்தை 20 நிமிடங்களில் பெற்றோருடன் தொடர்பு கொண்டது."
"Keeping some of these examples, particularly with missing children, there has also been organizations which have been started only to help finding missing children and parents through social media. One example is ""Find Your Missing Child,"" which uses only social media services and provides tips on how one can connect with children to find missing children.","இந்த உதாரணங்களில் சிலவற்றை வைத்திருப்பது, குறிப்பாக காணாமல் போன குழந்தைகளுடன், காணாமல் போன குழந்தைகள் மற்றும் பெற்றோர்களை சமூக ஊடகங்கள் மூலம் கண்டுபிடிக்க உதவும் வகையில் மட்டுமே தொடங்கப்பட்ட அமைப்புகளும் உள்ளன. ஒரு எடுத்துக்காட்டு ""காணாமல் போன உங்கள் குழந்தையைக் கண்டுபிடிப்பது"", இது சமூக ஊடக சேவைகளை மட்டுமே பயன்படுத்துகிறது மற்றும் காணாமல் போன குழந்தைகளைக் கண்டுபிடிக்க குழந்தைகளுடன் எவ்வாறு இணைக்கலாம் என்பது குறித்த உதவிக்குறிப்புகளை வழங்குகிறது.","இந்த எடுத்துக்காட்டுகளில் சிலவற்றை வைத்து, குறிப்பாக காணாமல் போன குழந்தைகளுடன், சமூக ஊடகங்கள் மூலம் காணாமல் போன குழந்தைகள் மற்றும் பெற்றோரைக் கண்டுபிடிக்க உதவும் நிறுவனங்களும் தொடங்கப்பட்டுள்ளன. ஒரு எடுத்துக்காட்டு ""உங்கள் காணாமல் போன குழந்தையைக் கண்டுபிடி"", இது சமூக ஊடக சேவைகளை மட்டுமே பயன்படுத்துகிறது மற்றும் காணாமல் போன குழந்தைகளைக் கண்டுபிடிக்க குழந்தைகளுடன் எவ்வாறு இணைக்க முடியும் என்பதற்கான உதவிக்குறிப்புகளை வழங்குகிறது","இந்த எடுத்துக்காட்டுகளை கருத்தில் கொண்டு, குறிப்பாக காணாமல் போன குழந்தைகள் சம்பந்தப்பட்டதாக, social media மூலம் காணாமல் போன குழந்தைகள் மற்றும் பெற்றோர்களை கண்டுபிடிப்பதில் உதவும் அமைப்புகள் தொடங்கப்பட்டுள்ளன. ஒரு எடுத்துக்காட்டு “Find Your Missing Child,” இது social media சேவைகளை மட்டுமே பயன்படுத்துகிறது மற்றும் காணாமல் போன குழந்தைகளை கண்டுபிடிப்பதற்கான வழிகள் எப்படி செய்வது என்பதை வழங்குகிறது."
"Now, here is another example where a teenager was found dead just days after posting a message on social media. This is a negative example, where the girl posted information on her Facebook account about being bullied. Cyberbullying is a big problem on social media. Because of cyberbullying, people have actually killed themselves, and many times they leave a message on their own social networks. In this case, she posted about being cyberbullied and eventually gave her life.","இப்போது, சமூக ஊடகங்களில் ஒரு செய்தியை வெளியிட்ட சில நாட்களுக்குப் பிறகு ஒரு இளைஞன் இறந்து கிடந்ததற்கான மற்றொரு உதாரணம் இங்கே. இது ஒரு எதிர்மறையான எடுத்துக்காட்டு, அங்கு சிறுமி தனது ஃபேஸ்புக் கணக்கில் கொடுமைப்படுத்தப்பட்டது பற்றிய தகவல்களை வெளியிட்டார். சைபர் கொடுமைப்படுத்துதல் என்பது சமூக ஊடகங்களில் ஒரு பெரிய பிரச்சினையாகும். சைபர் கொடுமைப்படுத்துதல் காரணமாக, மக்கள் உண்மையில் தங்களைக் கொன்றுவிட்டனர், மேலும் பல முறை அவர்கள் தங்கள் சொந்த சமூக வலைப்பின்னல்களில் ஒரு செய்தியை விட்டுச் செல்கிறார்கள். இந்த வழக்கில், அவர் சைபர் கொடுமைப்படுத்தப்படுவதைப் பற்றி வெளியிட்டார், இறுதியில் தனது உயிரைக் கொடுத்தார்.","இப்போது, சமூக ஊடகங்களில் ஒரு செய்தியை வெளியிட்ட சில நாட்களுக்குப் பிறகு ஒரு இளைஞன் இறந்து கிடந்த மற்றொரு உதாரணம் இங்கே இது ஒரு எதிர்மறை எடுத்துக்காட்டு, அங்கு அந்த பெண் தனது பேஸ்புக் கணக்கில் கொடுமைப்படுத்துவது பற்றிய தகவலை வெளியிட்டார். சைபர் புல்லிங் சமூக ஊடகங்களில் ஒரு பெரிய பிரச்சினை. சைபர் புல்லிங் காரணமாக, மக்கள் உண்மையில் தங்களைக் கொன்றுள்ளனர், மேலும் பல முறை அவர்கள் தங்கள் சொந்த சமூக வலைப்பின்னல்களில் ஒரு செய்தியை விட்டு விடுகிறார்கள் இந்த வழக்கில், அவர் சைபர் புல்லிடுதல் பற்றி பதிவிட்டார், இறுதியில் தனது உயிரைக் கொடுத்தார்.","இப்போது மற்றொரு எடுத்துக்காட்டு: ஒரு இளம் பெண் social media-ல் ஒரு message பதிவு செய்த சில நாட்களுக்குப் பிறகு இறந்த நிலையில் கண்டுபிடிக்கப்பட்டார். இது ஒரு negative எடுத்துக்காட்டு, அந்த பெண் தனது ஃபேஸ்புக் கணக்கில் bullied செய்யப்பட்டதாக தகவல் பதிவுசெய்தார். Cyberbullying social media-ல் பெரிய பிரச்சினையாக உள்ளது. Cyberbullying காரணமாக, சிலர் தாங்களே உயிரை இழந்துள்ளனர், மற்றும் பலமுறை அவர்கள் தங்கள் சொந்த social networks-ல் ஒரு message-ஐ விடுவார்கள். இந்த எடுத்துக்காட்டில், அந்த பெண் cyberbullied ஆனதைப் பற்றி பதிவு செய்தார் மற்றும் இறுதியில் தன் உயிரை இழந்தார்."
"Also, in the world, when social media started being used for crises, the first time it was used to propagate an incident was different. For example, the 2009 Hudson River incident was used to solve a problem, whereas in other cases, like the UK riots, social media like Twitter and Facebook made situations worse by organizing mobs and spreading messages such as “let’s go to this street.”","மேலும், உலகில், சமூக ஊடகங்கள் நெருக்கடிகளுக்கு பயன்படுத்தத் தொடங்கியபோது, முதல் முறையாக ஒரு சம்பவத்தை பரப்ப பயன்படுத்தப்பட்டது வேறுபட்டது. எடுத்துக்காட்டாக, 2009 ஹட்சன் நதி சம்பவம் ஒரு பிரச்சினையைத் தீர்க்கப் பயன்படுத்தப்பட்டது, அதே நேரத்தில் மற்ற சந்தர்ப்பங்களில், இங்கிலாந்து கலவரங்களைப் போலவே, ட்விட்டர் மற்றும் ஃபேஸ்புக் போன்ற சமூக ஊடகங்களும் கும்பல்களை ஒழுங்கமைப்பதன் மூலமும் ""இந்த தெருவுக்குச் செல்வோம்"" போன்ற செய்திகளைப் பரப்புவதன் மூலமும் நிலைமைகளை மோசமாக்கின.","மேலும், உலகில், சமூக ஊடகங்கள் நெருக்கடிகளுக்குப் பயன்படுத்தத் தொடங்கியபோது, ஒரு சம்பவத்தை பரப்புவதற்குப் பயன்படுத்தப்பட்ட முதல் முறை வித்தியாசமானது. உதாரணமாக, 2009 ஹட்சன் நதி சம்பவம் ஒரு சிக்கலைத் தீர்க்கப் பயன்படுத்தப்பட்டது, அதேசமயம் மற்ற சந்தர்ப்பங்களில், இங்கிலாந்து கலவரங்களைப் போல, ட்விட்டர் மற்றும் பேஸ்புக் போன்ற சமூக ஊடகங்கள் கூட்டங்களை ஏற்பாடு செய்வதன் மூலமும், இந்த தெருவுக்குச் செல்வோம். போன்ற செய்திகளை பரப்புவதன் மூலமும் நிலைமைகளை. மோசமாக்கியது","மேலும், உலகளாவிய அளவில், social media crises-க்காக பயன்படுத்தப்பட்ட போது, முதன்முறையாக ஒரு incident-ஐ பரப்ப பயன்படுத்தப்பட்டது வேறுபட்டது. உதாரணமாக, 2009 ஹட்ஸன் நதி incident ஒரு பிரச்சினையை தீர்க்க பயன்படுத்தப்பட்டது, ஆனால் மற்ற எடுத்துக்காட்டுகளில், UK riots போன்றவை, ட்விட்டர் மற்றும் ஃபேஸ்புக் போன்ற social media-கள் mobs-ஐ அமைத்து “இந்த தெருவுக்கு செல்லலாம்” போன்ற message-களை பரப்பி சூழலை மோசமாக்கின."
"In another example, news articles talked about “Nepal earthquake: Government using social media to connect and provide relief.” Particularly in India, there is much more usage of social media for interacting with citizens. Over the last year or year and a half, social networks have proliferated, and the government has been using these networks to organize themselves and interact with citizens.","மற்றொரு உதாரணத்தில், செய்தி கட்டுரைகள் ""நேபாள பூகம்பம்ஃ அரசாங்கம் இணைக்க மற்றும் நிவாரணம் வழங்க சமூக ஊடகங்களைப் பயன்படுத்துகிறது"" பற்றி பேசின. குறிப்பாக இந்தியாவில், குடிமக்களுடன் தொடர்புகொள்வதற்கு சமூக ஊடகங்கள் அதிகம் பயன்படுத்தப்படுகின்றன. கடந்த ஆண்டு அல்லது ஒன்றரை ஆண்டுகளில், சமூக வலைப்பின்னல்கள் பெருகியுள்ளன, மேலும் அரசாங்கம் இந்த வலைப்பின்னல்களைப் பயன்படுத்தி தங்களை ஒழுங்கமைத்து குடிமக்களுடன் தொடர்பு கொண்டுள்ளது.","மற்றொரு உதாரணத்தில், செய்தி கட்டுரைகள் நேபாள பூகம்பம்: சமூக ஊடகங்களைப் பயன்படுத்தி இணைக்கவும் நிவாரணத்தை வழங்கவும் அரசாங்கம் பற்றி பேசின. குறிப்பாக இந்தியாவில், குடிமக்களுடன் தொடர்புகொள்வதற்கு சமூக ஊடகங்களின் பயன்பாடு அதிகம். கடந்த ஆண்டு அல்லது ஒன்றரை ஆண்டுகளில், சமூக வலைப்பின்னல்கள் பெருகிவிட்டன, மேலும் அரசாங்கம் இந்த வலைப்பின்னல்களைத் தங்களை ஒழுங்கமைத்து குடிமக்களுடன் தொடர்பு கொள்ள பயன்படுத்துகிறது.","மற்றொரு எடுத்துக்காட்டில், செய்தி கட்டுரைகள் கூறியது: “நேபாள் earthquake: அரசு social media-ஐ பயன்படுத்தி தொடர்பு கொண்டு உதவி வழங்குகிறது.” குறிப்பாக இந்தியாவில், பொதுமக்களுடன் தொடர்பு கொள்ள social media-ஐ அதிகமாக பயன்படுத்துகிறார்கள். கடந்த ஒரு வருடம் அல்லது ஒரு வருடத்தையும் கடந்த காலத்தில், social networks விரிவடைந்து, அரசு தங்களைக் கையாளவும் பொதுமக்களுடன் தொடர்பு கொள்ளவும் இந்த networks-ஐ பயன்படுத்துகிறது."
"Another phenomenal example in the world was during revolutions where Twitter was used to connect with citizens and organize movements, which went viral through services like Twitter and Facebook.","உலகின் மற்றொரு அசாதாரண எடுத்துக்காட்டு புரட்சிகளின் போது இருந்தது, அங்கு ட்விட்டர் குடிமக்களுடன் இணைக்கவும் இயக்கங்களை ஒழுங்கமைக்கவும் பயன்படுத்தப்பட்டது, இது ட்விட்டர் மற்றும் ஃபேஸ்புக் போன்ற சேவைகள் மூலம் வைரலாகியது.","உலகில் மற்றொரு அசாதாரண உதாரணம் புரட்சிகளின் போது, ட்விட்டர் குடிமக்களுடன் இணைக்கவும், இயக்கங்களை ஒழுங்கமைக்கவும் பயன்படுத்தப்பட்டது, இது ட்விட்டர் மற்றும் பேஸ்புக் போன்ற சேவைகள் மூலம் வைரலாகியது.","உலகில் மற்றொரு அதிசயமான எடுத்துக்காட்டு, சில புரட்சிகள் நடந்த போது, ட்விட்டர் பயன்படுத்தி பொதுமக்களுடன் தொடர்பு கொண்டு இயக்கங்களை அமைத்தனர், இது ட்விட்டர் மற்றும் ஃபேஸ்புக் போன்ற சேவைகளில் viral ஆனது."
"It is not only that social media services are being used or misused in situations like Egypt or finding kids. There is also a lot of misinformation floating on social media. For example, during the Boston Bombing, there was a tweet claiming, “RIP to the 8-year-old boy who died in Boston’s explosions while running for the Sandy Hook kids.” There was no such 8-year-old boy in the Boston Marathon. Another tweet claimed, “Please RT this tweet, we will pay $1 to Boston Marathon.” No money was transferred, yet these tweets went viral. Studying misinformation is one of the main focuses of this course.","எகிப்து அல்லது குழந்தைகளைக் கண்டுபிடிப்பது போன்ற சூழ்நிலைகளில் சமூக ஊடக சேவைகள் பயன்படுத்தப்படுகின்றன அல்லது தவறாகப் பயன்படுத்தப்படுகின்றன என்பது மட்டுமல்ல. சமூக ஊடகங்களிலும் நிறைய தவறான தகவல்கள் பரவி வருகின்றன. எடுத்துக்காட்டாக, பாஸ்டன் குண்டுவெடிப்பின் போது, ""மணல் கொக்கி குழந்தைகளுக்காக ஓடும் போது பாஸ்டனின் குண்டுவெடிப்புகளில் இறந்த 8 வயது சிறுவனுக்கு ரிப்"" என்று ஒரு ட்வீட் இருந்தது. பாஸ்டன் மராத்தானில் அத்தகைய 8 வயது சிறுவன் யாரும் இல்லை. மற்றொரு ட்வீட், ""தயவுசெய்து இந்த ட்வீட்டை ரத்து செய்யுங்கள், பாஸ்டன் மராத்தானுக்கு $1 செலுத்துவோம்"" என்று கூறியது. எந்த பணமும் மாற்றப்படவில்லை, இருப்பினும் இந்த ட்வீட்கள் வைரலாகின. தவறான தகவல்களைப் படிப்பது இந்த பாடத்திட்டத்தின் முக்கிய கவனங்களில் ஒன்றாகும்.","எகிப்து அல்லது குழந்தைகளைக் கண்டுபிடிப்பது போன்ற சூழ்நிலைகளில் சமூக ஊடக சேவைகள் பயன்படுத்தப்படுவது அல்லது தவறாகப் பயன்படுத்தப்படுவது மட்டுமல்ல சமூக ஊடகங்களில் நிறைய தவறான தகவல்களும் மிதக்கின்றன. உதாரணமாக, பாஸ்டன் குண்டுவெடிப்பின் போது, சாண்டி ஹூக் குழந்தைகளுக்காக ஓடும்போது பாஸ்டனின் குண்டுவெடிப்புகளில் இறந்த 8 வயது சிறுவனுக்கு RIP என்று ஒரு ட்வீட் இருந்தது போஸ்டன் மராத்தானில் அத்தகைய 8 வயது சிறுவன் இல்லை மற்றொரு ட்வீட், இந்த ட்வீட்டை. மீண்டும் ட்வீட். செய்யுங்கள், நாங்கள் பாஸ்டன் மராத்தானுக்கு 1. டாலர் செலுத்துவோம் பணம் எதுவும் மாற்றப்படவில்லை, ஆனால் இந்த ட்வீட்கள். வைரலாகின தவறான தகவல்களைப் படிப்பது இந்த பாடத்திட்டத்தின் முக்கிய கவனங்களில் ஒன்றாகும்","Social media சேவைகள் Egypt போன்ற சூழல்களில் அல்லது குழந்தைகளை கண்டுபிடிப்பதில் மட்டுமே பயன்படுத்தப்படுவதில்லை அல்லது தவறாக பயன்படுத்தப்படுவதில்லை. Social media-ல் misinformation அதிகமாக பரவி வருகிறது. உதாரணமாக, Boston Bombing-க்கு போது, ஒரு tweet கூறியது: “RIP to the 8-year-old boy who died in Boston’s explosions while running for the Sandy Hook kids.” Boston Marathon-ல் எந்த 8 வயது பையன் இல்லாமல் இருந்தார். மற்றொரு tweet கூறியது: “Please RT this tweet, we will pay $1 to Boston Marathon.” எந்த பணமும் பரிமாறப்படவில்லை, ஆனால் இந்த tweets viral ஆனது. Misinformation-ஐ ஆய்வு செய்வது இந்த course-இன் முக்கிய பாகங்களில் ஒன்றாகும்"
"Cyberbullying will also be discussed later in the course. We will look at cases like the Egypt revolution, collect data, and analyze it. The Indian government’s use of social media to interact with citizens and the use by police organizations will also be studied.","சைபர் கொடுமைப்படுத்துவதும் பின்னர் பாடத்திட்டத்தில் விவாதிக்கப்படும். எகிப்து புரட்சி போன்ற வழக்குகளைப் பார்த்து, தரவுகளைச் சேகரித்து பகுப்பாய்வு செய்வோம். குடிமக்களுடன் தொடர்பு கொள்ள இந்திய அரசு சமூக ஊடகங்களைப் பயன்படுத்துவது மற்றும் போலீஸ் அமைப்புகளின் பயன்பாடு குறித்தும் ஆய்வு செய்யப்படும்.","சைபர் புல்லிங்க் பற்றியும் பின்னர் பாடத்திட்டத்தில் விவாதிக்கப்படும். எகிப்து புரட்சி போன்ற நிகழ்வுகளைப் பார்ப்போம், தரவுகளைச் சேகரித்து அதை பகுப்பாய்வு செய்வோம். இந்திய அரசின் சமூக ஊடகங்களை குடிமக்களுடன் தொடர்புகொள்வதற்கும், காவல்துறை அமைப்புகளின் பயன்பாட்டிற்கும் ஆய்வு செய்யப்படும்.","Cyberbullying பற்றிய விவாதம் course-ல் பின்னர் இடம்பெறும். Egypt புரட்சிகள் போன்ற சம்பவங்களைப் பார்க்கவும், தரவை சேகரித்து அதனை ஆய்வு செய்யவும் செய்வோம். இந்திய அரசின் பொதுமக்களுடன் தொடர்பு கொள்ள social media பயன்படுத்தும் வழிகளையும், காவல் நிறுவனங்கள் social networks-ஐ பயன்படுத்தும் வழிகளையும் ஆய்வு செய்யப்படும்."
"Another problem is verified accounts being compromised. For example, The Associated Press (a verified Twitter account) posted a tweet: “Breaking: Two explosions in the White House and Barack Obama is injured.” People assumed it was legitimate, but the account was compromised briefly. Therefore, not only unverified content is a problem; verified accounts can also be compromised.","சைபர் கொடுமைப்படுத்துவதும் பின்னர் பாடத்திட்டத்தில் விவாதிக்கப்படும். எகிப்து புரட்சி போன்ற வழக்குகளைப் பார்த்து, தரவுகளைச் சேகரித்து பகுப்பாய்வு செய்வோம். குடிமக்களுடன் தொடர்பு கொள்ள இந்திய அரசு சமூக ஊடகங்களைப் பயன்படுத்துவது மற்றும் போலீஸ் அமைப்புகளின் பயன்பாடு குறித்தும் ஆய்வு செய்யப்படும்.","மற்றொரு சிக்கல் சரிபார்க்கப்பட்ட கணக்குகள் சமரசம் செய்யப்படுகின்றன. உதாரணமாக, அசோசியேட்டட் பிரஸ் (சரிபார்க்கப்பட்ட ட்விட்டர் கணக்கு) ஒரு ட்வீட்டை வெளியிட்டது: பிரேக்கிங்: வெள்ளை மாளிகையில் இரண்டு வெடிப்புகள் மற்றும் பராக் ஒபாமா காயமடைகிறார். மக்கள் அது முறையானது என்று கருதினார்கள், ஆனால் கணக்கு சுருக்கமாக சமரசம் செய்யப்பட்டது, எனவே, சரிபார்க்கப்படாத உள்ளடக்கம் மட்டுமல்ல சிக்கல்; சரிபார்க்கப்பட்ட கணக்குகளும் சமரசம். செய்யப்படலாம்","மற்றொரு பிரச்சினை verified accounts பாதிக்கப்படுவதாகும். உதாரணமாக, The Associated Press (ஒரு verified ட்விட்டர் கணக்கு) ஒரு tweet பதிவு செய்தது: “Breaking: Two explosions in the White House and Barack Obama is injured.” மக்கள் இதை உண்மையாக நினைத்தனர், ஆனால் அந்த account குறுகிய நேரம் பாதிக்கப்பட்டது. அதனால், verified அல்லாத உள்ளடக்கம் மட்டுமல்லாமல், verified accounts-ஐ கூட பாதிக்கலாம்."
"Other examples include Chennai floods (Nov-Dec 2015) where a fake image of a crocodile on the streets spread misinformation. Hurricane Sandy in the US had similar fake images, such as a shark in the water. Fake images can go viral and affect society.","தெருக்களில் ஒரு முதலை பற்றிய போலி படம் தவறான தகவல்களை பரப்பிய சென்னை வெள்ளம் (நவம்பர்-டிசம்பர் 2015) பிற எடுத்துக்காட்டுகளில் அடங்கும். அமெரிக்காவில் மணல் சூறாவளி தண்ணீரில் ஒரு சுறா போன்ற ஒத்த போலி படங்களைக் கொண்டிருந்தது. போலி படங்கள் வைரலாகி சமூகத்தை பாதிக்கலாம்.","சென்னை வெள்ளம் (நவம்பர்-டிசம்பர் 2015) போன்ற பிற உதாரணங்கள் தெருக்களில் முதலைகளின் போலி படம் தவறான தகவல்களை பரப்பியது. அமெரிக்காவில் உள்ள சண்டி சூறாவளி இதேபோன்ற போலி படங்களைக் கொண்டிருந்தது, தண்ணீரில் ஒரு சுறா போன்றது. போலி படங்கள் வைரலாகி சமூகத்தை பாதிக்கும்.","மற்ற எடுத்துக்காட்டுகளில் Chennai floods (Nov-Dec 2015) நிகழ்ச்சியில், தெருக்களில் முதலை இருப்பதாக ஒரு போலியான படம் misinformation-ஐ பரப்பியது. US-இல் Hurricane Sandy-க்கும் இதே மாதிரியான போலியான படங்கள் இருந்தன, உதாரணமாக நீரில் சுறா இருந்தது போன்றவை. போலியான படங்கள் viral ஆகி சமூகத்தில் தாக்கத்தை ஏற்படுத்த முடியும்."
"Another problem was the fake Facebook video claiming Robin Williams posted a goodbye message after his death. Similarly, McDonald’s tweet, shark image during Hurricane Sandy, and movie stills were all fake content used to propagate misinformation.","மற்றொரு சிக்கல் என்னவென்றால், ராபின் வில்லியம்ஸ் தனது மரணத்திற்குப் பிறகு விடைபெற்ற செய்தியை வெளியிட்டதாகக் கூறி போலி ஃபேஸ்புக் வீடியோ. இதேபோல், மெக்டொனால்டின் ட்வீட், மணல் சூறாவளியின் போது சுறா படம் மற்றும் திரைப்பட ஸ்டில்ஸ் அனைத்தும் தவறான தகவல்களை பரப்ப பயன்படுத்தப்படும் போலி உள்ளடக்கமாகும்.","மற்றொரு சிக்கல் என்னவென்றால், ராபின் வில்லியம்ஸ் தனது மரணத்திற்குப் பிறகு ஒரு விடைபெறும் செய்தியை வெளியிட்டதாகக் கூறும் போலி பேஸ்புக் வீடியோ. இதேபோல், மெக்டொனால்டின் ட்வீட், சேன்டி சூறாவளியின் போது சுறாவளி படம் மற்றும் திரைப்பட ஸ்டில்ஸ் அனைத்தும் தவறான தகவல்களை பரப்புவதற்குப் பயன்படுத்தப்படும் போலி உள்ளடக்கம்.","மற்றொரு பிரச்சினை, Robin Williams இறந்த பிறகு அவர் ஒரு goodbye message பதிவேற்றியதாக ஒரு போலியான ஃபேஸ்புக் வீடியோ. அதேபோல், McDonald’s tweet, Hurricane Sandy-க்கு போது சுறா படம், movie stills—all போலியான உள்ளடக்கம் misinformation பரப்ப பயன்படுத்தப்பட்டன."
"Privacy issues also arise. MI6 chief could not take his job because his wife posted some pictures on Facebook that became public. Social media reveals information about people and raises privacy concerns.","தனியுரிமை பிரச்சினைகளும் எழுகின்றன. அவரது மனைவி ஃபேஸ்புக்கில் சில படங்களை வெளியிட்டதால் எம்ஐ 6 தலைவரால் தனது வேலையை எடுக்க முடியவில்லை. சமூக ஊடகங்கள் மக்களைப் பற்றிய தகவல்களை வெளிப்படுத்துகின்றன மற்றும் தனியுரிமை கவலைகளை எழுப்புகின்றன.","தனியுரிமை சிக்கல்களும் எழுகின்றன. MI6 தலைவர் தனது வேலையை எடுக்க முடியவில்லை, ஏனெனில் அவரது மனைவி பேஸ்புக்கில் சில படங்களை வெளியிட்டார். சமூக ஊடகங்கள் மக்களைப் பற்றிய தகவல்களை வெளிப்படுத்துகின்றன மற்றும் தனியுரிமைக் கவலைகளை எழுப்புகின்றன.","Privacy பிரச்சினைகளும் ஏற்பட்டுள்ளன. MI6 chief தனது வேலைக்கு செல்ல முடியவில்லை, ஏனெனில் அவரது மனைவி ஃபேஸ்புக்-ல் சில படங்களை பதிவேற்றினார், அவை பொதுவாக கிடைத்தன. Social media மனிதர்கள் பற்றி தகவல்களை வெளிப்படுத்துகிறது மற்றும் privacy தொடர்பான கவலைகளை எழுப்புகிறது."
"Facebook data is important because it allows targeting relevant information to users. Understanding Facebook accounts is crucial for personalization, user behavior, and targeted advertisements.","ஃபேஸ்புக் தரவு முக்கியமானது, ஏனெனில் இது பயனர்களுக்கு பொருத்தமான தகவல்களை இலக்காகக் கொள்ள அனுமதிக்கிறது. ஃபேஸ்புக் கணக்குகளைப் புரிந்துகொள்வது தனிப்பயனாக்கம், பயனர் நடத்தை மற்றும் இலக்கு விளம்பரங்களுக்கு முக்கியமானது.","பயனர்களுக்கு தொடர்புடைய தகவல்களை இலக்கு வைப்பதற்கு இது அனுமதிப்பதால், பேஸ்புக் தரவு முக்கியமானது. தனிப்பயனாக்கம், பயனர் நடத்தை மற்றும் இலக்கு விளம்பரங்களுக்கு பேஸ்புக் கணக்குகளைப் புரிந்துகொள்வது முக்கியம்.","Facebook தரவு முக்கியம், ஏனெனில் அது பயனர்களுக்கு தொடர்புடைய தகவலை குறிக்க உதவுகிறது. Facebook கணக்குகளை புரிந்து கொள்ளுதல் personalization, user behavior, மற்றும் targeted advertisements-க்கு முக்கியம்."
"Excessive social media use has caused people to lose jobs. Employees posting sensitive company information can harm organizations. Companies may take strong action against such employees.","அதிகப்படியான சமூக ஊடக பயன்பாடு மக்கள் வேலையை இழக்க வழிவகுத்துள்ளது. முக்கியமான நிறுவனத் தகவல்களை இடுகையிடும் ஊழியர்கள் நிறுவனங்களுக்கு தீங்கு விளைவிக்கலாம். அத்தகைய ஊழியர்கள் மீது நிறுவனங்கள் கடுமையான நடவடிக்கை எடுக்கலாம்.","அதிகப்படியான சமூக ஊடக பயன்பாடு மக்கள் வேலை இழக்க காரணமாக உள்ளது. முக்கியமான நிறுவனத் தகவல்களைப் பதிவிடும் ஊழியர்கள் நிறுவனங்களுக்கு தீங்கு விளைவிக்கலாம். நிறுவனங்கள் அத்தகைய ஊழியர்களுக்கு எதிராக கடுமையான நடவடிக்கை எடுக்கலாம்.","அதிகமான social media பயன்பாடு காரணமாக சிலர் வேலைகளை இழந்துள்ளனர். நிறுவனங்கள் சம்பந்தப்பட்ட முக்கிய தகவல்களை ஊழியர்கள் பதிவு செய்வது நிறுவனங்களுக்கு பாதிப்பாகும். நிறுவனங்கள் அத்தகைய ஊழியர்களுக்கு கடுமையான நடவடிக்கை எடுக்கலாம்."
"Wrapping up Week 1: We covered the growth of online social media, content generation rate, 5 Vs — velocity, volume, variety, value, veracity — and different social networks like ஃபேஸ்புக், ட்விட்டர், லிங்க்டின், கோகிள் பிளஸ், பின்டரஸ்ட், வைன், டம்ப்ளர், டிண்டர், விஸ்பர், ஸ்னாப்சாட், வீசாட். We also discussed incidences with positive and negative implications.","வாரத்தை முடிப்பது 1: ஆன்லைன் சமூக ஊடகங்கள், உள்ளடக்க உருவாக்க விகிதம், 5 க்கு எதிராக-வேகம், அளவு, பன்முகத்தன்மை, மதிப்பு, உண்மைத்தன்மை-மற்றும் ஃபேஸ்புக், ட்விட்டர், லிங்க்ட்இன், கூகிள் பிளஸ், பின்டெரஸ்ட், ஒயின், டம்ப்ளர், டிண்டர், கிசுகிசு, ஸ்னாப்சாட், வீசாட் போன்ற பல்வேறு சமூக வலைப்பின்னல்களின் வளர்ச்சியையும் நாங்கள் உள்ளடக்கியுள்ளோம். சாதகமான மற்றும் எதிர்மறையான விளைவுகளுடன் சம்பவங்களையும் நாங்கள் விவாதித்தோம்.","வாரத்தை நிறைவு செய்தல் 1: ஆன்லைன் சமூக ஊடகத்தின் வளர்ச்சி, உள்ளடக்க உருவாக்கும் வீதம், 5 Vs - வேகம், அளவு, வகை, மதிப்பு, உண்மைத்தன்மை - மற்றும் பேஸ்புக், ட்விட்டர், லிங்க்டின், கூகிள் பிளஸ், பின்டரஸ்ட், வைன், டம்ப்ளர், டிண்டர், விஸ்பர், ஸ்னாப்சாட், விசாட் போன்ற பல்வேறு சமூக வலைப்பின்னல்கள் ஆகியவற்றை நாங்கள் உள்ளடக்கியுள்ளோம். நேர்மறை மற்றும் எதிர்மறை தாக்கங்களைக் கொண்ட நிகழ்வுகளையும் நாங்கள் விவாதித்தோம்","Week 1-ஐ முடிப்பதில்: Online social media வளர்ச்சி, content generation rate, 5 Vs — velocity, volume, variety, value, veracity — மற்றும் வெவ்வேறு social networks பற்றி பார்வை: ஃபேஸ்புக், ட்விட்டர், லிங்க்டின், கோகிள் பிளஸ், பின்டரஸ்ட், வைன், டம்ப்ளர், டிண்டர், விஸ்பர், ஸ்னாப்சாட், வீசாட். Positive மற்றும் negative implications-ஐ கொண்ட நிகழ்வுகளையும் நாம் ஆராய்ந்தோம்."
"Tutorials for setting up Linux and Python have been uploaded. These hands-on tutorials will help students write Python code to collect data from social media platforms","லினக்ஸ் மற்றும் பைத்தானை அமைப்பதற்கான பயிற்சிகள் பதிவேற்றப்பட்டுள்ளன. இந்த கையேடு பயிற்சிகள் சமூக ஊடக தளங்களிலிருந்து தரவை சேகரிக்க பைத்தான் குறியீட்டை எழுத மாணவர்களுக்கு உதவும்.","Linux மற்றும் Python அமைப்பதற்கான டுடோரியல்கள் பதிவேற்றப்பட்டுள்ளன. இந்த கைகளில் பயிற்சிகள் சமூக ஊடக தளங்களில் இருந்து தரவுகளை சேகரிக்க Python குறியீடு எழுத மாணவர்களுக்கு உதவும்.","Linux மற்றும் Python-ஐ நிறுவுவதற்கான tutorials பதிவேற்றப்பட்டுள்ளன. இந்த hands-on tutorials மாணவர்களுக்கு Python code எழுதவும், social media platforms-இலிருந்து தரவு சேகரிக்கவும் உதவும்."
"Next week, we will briefly discuss one topic introduced today and provide more hands-on tutorials. Homework for Week 1 will also be uploaded. Questions can be posted on the NPTEL forum.","அடுத்த வாரம், இன்று அறிமுகப்படுத்தப்பட்ட ஒரு தலைப்பைப் பற்றி சுருக்கமாக விவாதிப்போம், மேலும் மேலும் பயிற்சிகளை வழங்குவோம். முதல் வாரத்திற்கான வீட்டுப்பாடம் பதிவேற்றப்படும். கேள்விகளை என். பி. டி. எல் மன்றத்தில் வெளியிடலாம்.","அடுத்த வாரம், இன்று அறிமுகப்படுத்தப்பட்ட ஒரு தலைப்பைப் பற்றி சுருக்கமாக விவாதிப்போம். மேலும் பயிற்சிகளை வழங்குவோம். வாரம் 1 க்கான வீட்டுப்பாடமும் பதிவேற்றப்படும். கேள்விகளை NPTEL மன்றத்தில் பதிவிடலாம்.","அடுத்த வாரம், இன்று அறிமுகப்படுத்தப்பட்ட ஒரு topic-ஐ சிறிது விரிவாகப் பேசுவோம் மற்றும் கூடுதல் hands-on tutorials வழங்கப்படும். Week 1 homework பதிவேற்றப்படும். கேள்விகளை NPTEL forum-ல் பதிவேற்றலாம்."
"Welcome back to the course on Privacy and Security in Online Social Media, week 2. I hope you are participating in the online forum that we have in the course. I already see a lot of people asking questions, and trying to answer.","ஆன்லைன் சமூக ஊடகங்களில் தனியுரிமை மற்றும் பாதுகாப்பு குறித்த பாடத்திட்டத்திற்கு மீண்டும் வரவேற்கிறோம், வாரம் 2. பாடத்திட்டத்தில் எங்களிடம் உள்ள ஆன்லைன் மன்றத்தில் நீங்கள் பங்கேற்பீர்கள் என்று நம்புகிறேன். நான் ஏற்கனவே நிறைய பேர் கேள்விகளைக் கேட்பதையும், பதிலளிக்க முயற்சிப்பதையும் பார்க்கிறேன்.","ஆன்லைன் சமூக ஊடகங்களில் தனியுரிமை மற்றும் பாதுகாப்பு குறித்த பாடத்திட்டத்திற்கு மீண்டும் வருக, வாரம் 2 பாடத்திட்டத்தில் நாங்கள் வைத்திருக்கும் ஆன்லைன் மன்றத்தில் நீங்கள் பங்கேற்கிறீர்கள் என்று நம்புகிறேன். நான் ஏற்கனவே நிறைய மக்கள் கேள்விகளை கேட்டு பார்க்கிறேன், மற்றும் பதிலளிக்க முயற்சி.","Online Social Media-இல் Privacy மற்றும் Security பற்றிய course-க்கு திரும்ப வரவேற்கிறோம், வாரம் 2. நாங்கள் course-ல் வைத்துள்ள online forum-ல் நீங்கள் கலந்து கொண்டிருக்கிறீர்கள் என்று நம்புகிறேன். ஏற்கனவே பலர் கேள்விகளை கேட்டு, பதிலளிக்க முயற்சிப்பதை நான் காண்கிறேன்."
"My sincere request will be, please read the posts before you actually ask the question; that is, read the posts that have already been asked, the questions that have already been asked, and the answers that have already been given, before asking the question.","எனது நேர்மையான வேண்டுகோள் என்னவென்றால், நீங்கள் உண்மையில் கேள்வியைக் கேட்பதற்கு முன்பு இடுகைகளைப் படியுங்கள்; அதாவது, கேள்வி கேட்பதற்கு முன்பு ஏற்கனவே கேட்கப்பட்ட இடுகைகள், ஏற்கனவே கேட்கப்பட்ட கேள்விகள் மற்றும் ஏற்கனவே வழங்கப்பட்ட பதில்களைப் படியுங்கள்.","எனது உண்மையான வேண்டுகோள் என்னவென்றால், நீங்கள் உண்மையில் கேள்வியைக் கேட்பதற்கு முன்பு இடுகைகளைப் படியுங்கள்; அதாவது, ஏற்கனவே கேட்கப்பட்ட இடுகைகள், ஏற்கனவே கேட்கப்பட்ட கேள்விகள் மற்றும் ஏற்கனவே கொடுக்கப்பட்ட பதில்களை, கேள்வியைக் கேட்பதற்கு முன் படிக்கவும்.","என் அன்பான கோரிக்கை: தயவுசெய்து கேள்வி கேட்கும் முன் பதிவுகளை படிக்கவும்; அதாவது ஏற்கனவே கேட்கப்பட்ட கேள்விகள் மற்றும் கொடுக்கப்பட்ட பதில்களை படித்து பார்த்து பிறகு கேள்வி கேட்கவும்"
"And, please participate also in the online forum, not just only asking questions; if you know the answers for the questions that others are asking, please try and answer them also.","மேலும், தயவுசெய்து ஆன்லைன் மன்றத்திலும் பங்கேற்கவும், கேள்விகளைக் கேட்பது மட்டுமல்லாமல்; மற்றவர்கள் கேட்கும் கேள்விகளுக்கான பதில்கள் உங்களுக்குத் தெரிந்தால், தயவுசெய்து அவற்றுக்கும் பதிலளிக்க முயற்சிக்கவும்.","மேலும், தயவுசெய்து ஆன்லைன் மன்றத்திலும் பங்கேற்கவும், கேள்விகளைக் கேட்பது மட்டுமல்ல; மற்றவர்கள் கேட்கும் கேள்விகளுக்கான பதில்கள் உங்களுக்குத் தெரிந்தால், தயவுசெய்து முயற்சி செய்து பதிலளிக்கவும்.","மேலும், online forum-ல் பங்கேற்கவும், கேள்விகளை மட்டும் கேட்காமல்; நீங்கள் பிறர் கேட்கும் கேள்விகளுக்கு பதில் தெரிந்தால், தயவுசெய்து அவற்றுக்கு பதிலளிக்கவும்."
"I hope most of you got to see the assignment 1 that we had posted. So, I think, the weekend of week 2 is the deadline for assignment 1. Please try to work it out.","உங்களில் பெரும்பாலோர் நாங்கள் இடுகையிட்ட பணி 1 ஐப் பார்க்க வேண்டும் என்று நம்புகிறேன். எனவே, 2 வது வாரத்தின் வார இறுதியில் பணி 1 க்கான காலக்கெடுவாகும் என்று நான் நினைக்கிறேன். தயவுசெய்து அதைச் செய்ய முயற்சிக்கவும்.","உங்களில் பெரும்பாலோர் நாங்கள் பதிவிட்ட பணி 1 ஐப் பார்த்திருப்பீர்கள் என்று நம்புகிறேன்.. எனவே, வாரத்தின் 2 வது வார இறுதி என்பது பணி 1 க்கான காலக்கெடுவாகும். தயவுசெய்து அதைச் செய்ய முயற்சிக்கவும்.","நான் நம்புகிறேன், பெரும்பாலானவர்களும் நாம் பதிவேற்றிய Assignment 1-ஐ பார்த்திருப்பீர்கள். எனவே, வாரம் 2 முடிவில் Assignment 1 சமர்ப்பிப்பதற்கான காலக்கெடு உள்ளது. தயவுசெய்து அதை செய்து முடிக்க முயற்சிக்கவும்."
"The assignment 1 is actually pretty simple. We have just captured some questions from the slides that we did, and some from the tutorials.","பணி 1 உண்மையில் மிகவும் எளிமையானது. நாங்கள் செய்த ஸ்லைடுகளிலிருந்து சில கேள்விகளையும், பயிற்சிகளிலிருந்து சில கேள்விகளையும் கைப்பற்றியுள்ளோம்.","ஒதுக்கீடு 1 உண்மையில் மிகவும் எளிமையானது, நாம் செய்த ஸ்லைடுகளிலிருந்தும் சில கேள்விகளையும், சில டுடோரியல்களிலிருந்தும் சில கேள்விகளையும் கைப்பற்றியுள்ளோம்.","Assignment 1 மிகவும் எளிதாக உள்ளது. நாம் செய்த slides-லிருந்து சில கேள்விகள் எடுத்துள்ளோம், மற்றும் சில tutorials-இலிருந்து எடுத்துள்ளோம்"
"Let me just give you a quick summary of what we have seen until now and then, I will go ahead with the topics that I wanted to cover today","இதுவரை நாம் பார்த்தவற்றின் விரைவான சுருக்கத்தை உங்களுக்கு வழங்குகிறேன், இன்று நான் உள்ளடக்க விரும்பிய தலைப்புகளுடன் நான் தொடருவேன்","இப்போது வரை நாம் பார்த்தவற்றின் விரைவான சுருக்கத்தை உங்களுக்கு தருகிறேன், இன்று நான் மறைக்க விரும்பிய தலைப்புகளுடன் நான் தொடருவேன்.","இன்று வரை நாம் பார்த்ததைப் பற்றிய ஒரு சுருக்கமான விளக்கத்தை நான் தருகிறேன், பிறகு இன்று நான் பேச விரும்பும் topics-ஐ தொடர்வேன்."
"First, we saw what social media is; different types of social networks, different types of content that gets generated on our social network; classical online social media services, and then some, which are more like ephemeral social networks and anonymous social networks.","முதலில், சமூக ஊடகங்கள் என்றால் என்ன என்பதைப் பார்த்தோம்; வெவ்வேறு வகையான சமூக வலைப்பின்னல்கள், எங்கள் சமூக வலைப்பின்னலில் உருவாக்கப்படும் வெவ்வேறு வகையான உள்ளடக்கம்; பாரம்பரிய ஆன்லைன் சமூக ஊடக சேவைகள், பின்னர் சில, அவை அற்பமான சமூக வலைப்பின்னல்கள் மற்றும் அநாமதேய சமூக வலைப்பின்னல்களைப் போன்றவை.","முதலில், சமூக ஊடகம் என்றால் என்ன என்பதைப் பார்த்தோம்; பல்வேறு வகையான சமூக வலைப்பின்னல்கள், எங்கள் சமூக வலைப்பின்னலில் உருவாக்கப்படும் பல்வேறு வகையான உள்ளடக்கங்கள்; கிளாசிக்கல் ஆன்லைன் சமூக ஊடக சேவைகள், பின்னர் சில, அவை அகால சமூக வலைப்பின்னல்கள் மற்றும் அநாமதேய சமூக வலைப்பின்னல்கள் போன்றவை.","முதலில், social media என்ன என்று பார்த்தோம்; வெவ்வேறு வகையான social networks, எங்கள் social network-ல் உருவாகும் வெவ்வேறு வகையான content; classical online social media சேவைகள் மற்றும் சில ephemeral social networks மற்றும் anonymous social networks போன்றவை."
"We also saw what online social media means in 60 seconds; so, how much data is getting generated on social media in 60 seconds. We saw 400 hours of videos uploaded on YouTube, and 3.3 million posts are done on Facebook and things like that.","ஆன்லைன் சமூக ஊடகங்கள் என்றால் என்ன என்பதையும் 60 விநாடிகளில் பார்த்தோம்; எனவே, 60 விநாடிகளில் சமூக ஊடகங்களில் எவ்வளவு தரவு உருவாக்கப்படுகிறது. யூடியூபில் பதிவேற்றப்பட்ட 400 மணிநேர வீடியோக்களைப் பார்த்தோம், மேலும் 33 லட்சம் இடுகைகள் ஃபேஸ்புக்கில் செய்யப்படுகின்றன.","60 வினாடிகளில் ஆன்லைன் சமூக ஊடகங்கள் என்றால் என்ன என்பதையும் நாங்கள் கண்டோம்; எனவே, 60 வினாடிகளில் சமூக ஊடகங்களில் எவ்வளவு தரவு உருவாக்கப்படுகிறது, நாங்கள் யூடியூப்பில் பதிவேற்றப்பட்ட 400 மணிநேர வீடியோக்களைப் பார்த்தோம், 3 3 மில்லியன் பதிவுகள் பேஸ்புக்கில் செய்யப்படுகின்றன மற்றும் அது போன்ற விஷயங்கள்.","60 வினாடிகளில் online social media என்ன என்பதை நாமும் பார்த்தோம்; அதாவது social media-ல் 60 வினாடிகளில் எவ்வளவு data உருவாகிறது. YouTube-இல் 400 மணி நேர வீடியோக்கள் பதிவேற்றப்படுகின்றன, ஃபேஸ்புக்-ல் 3.3 மில்லியன் posts செய்யப்படுகின்றன, இதுபோன்றவை."
"This basically shows us that a large amount of content is getting generated on online social media services. We also saw what 4 or 5 V's of online social media are; they are volume, velocity, veracity, variety and value - those are the 5 V's of online social media.","ஆன்லைன் சமூக ஊடக சேவைகளில் அதிக அளவு உள்ளடக்கம் உருவாக்கப்பட்டு வருவதை இது அடிப்படையில் காட்டுகிறது. ஆன்லைன் சமூக ஊடகங்களின் 4 அல்லது 5 வி என்ன என்பதையும் நாம் பார்த்தோம்; அவை அளவு, வேகம், உண்மைத்தன்மை, பன்முகத்தன்மை மற்றும் மதிப்பு-அவை ஆன்லைன் சமூக ஊடகங்களின் 5 வி.","இது அடிப்படையில் ஆன்லைன் சமூக ஊடக சேவைகளில் அதிக அளவு உள்ளடக்கம் உருவாக்கப்படுவதைக் காட்டுகிறது. ஆன்லைன் சமூக ஊடகத்தின் 4 அல்லது 5 V கள் என்ன என்பதையும் நாங்கள் கண்டோம்; அவை தொகுதி, வேகம், உண்மைத்தன்மை, வகை மற்றும் மதிப்பு. - அவை ஆன்லைன் சமூக ஊடகத்தின் 5 V கள்.","இதன் மூலம், online social media சேவைகளில் பெரிய அளவு content உருவாகுவதை பார்க்க முடிகிறது. Online social media-இன் 4 அல்லது 5 V's-ஐ நாமும் பார்த்தோம்; அவை volume, velocity, veracity, variety மற்றும் value — இவை online social media-இன் 5 V's ஆகும்."
"Then, I showed you some events, where online social media has played an important role in the real world and in society.","பின்னர், ஆன்லைன் சமூக ஊடகங்கள் நிஜ உலகிலும் சமூகத்தில் முக்கிய பங்கு வகித்த சில நிகழ்வுகளை நான் உங்களுக்குக் காட்டினேன்.","பின்னர், உண்மையான உலகிலும் சமூகத்திலும் ஆன்லைன் சமூக ஊடகங்கள் முக்கிய பங்கு வகித்த சில நிகழ்வுகளை நான் உங்களுக்குக் காட்டினேன்.","பிறகு, online social media உண்மையான உலகிலும் சமுதாயத்திலும் முக்கிய பங்கு வகித்த சில நிகழ்வுகளை நான் காட்டினேன்."
"Telling you about different issues on online social media, for example, in this case, it is a compromised account; an account was compromised, where the post said ‘Two explosions in White House and Barrack Obama injured’, and there were after effects of this tweet.","ஆன்லைன் சமூக ஊடகங்களில் பல்வேறு பிரச்சினைகளைப் பற்றி உங்களிடம் கூறுவது, எடுத்துக்காட்டாக, இந்த விஷயத்தில், இது ஒரு சமரசம் செய்யப்பட்ட கணக்கு; ஒரு கணக்கு சமரசம் செய்யப்பட்டது, அங்கு இடுகை 'வெள்ளை மாளிகையில் இரண்டு குண்டுவெடிப்புகள் மற்றும் பாராக் ஒபாமா காயமடைந்தார்' என்று கூறியது, மேலும் இந்த ட்வீட்டின் விளைவுகளுக்குப் பிறகு.","ஆன்லைன் சமூக ஊடகங்களில் உள்ள பல்வேறு சிக்கல்களைப் பற்றி உங்களுக்குச் சொல்வது, எடுத்துக்காட்டாக, இந்த விஷயத்தில், இது ஒரு சமரசம் செய்யப்பட்ட கணக்கு; ஒரு கணக்கு சமரசம் செய்யப்பட்டது, அங்கு 'வெள்ளை மாளிகையில் இரண்டு வெடிப்புகள் மற்றும் பராக் ஒபாமா காயமடைந்தார்' என்று அந்த இடுகை கூறியது, மேலும் இந்த ட்வீட்டின் பின் விளைவுகள் இருந்தன.","Online social media-ல் ஏற்பட்ட பல பிரச்சினைகளைப் பற்றி சொல்ல, உதாரணமாக, இந்த case-ல் compromised account உள்ளது; ஒரு account-ஐ குற்றவியல் கைப்பற்றப்பட்டது, அங்கு post கூறியது: ‘Two explosions in White House and Barrack Obama injured’, மற்றும் இந்த tweet-க்கு பின்னர் விளைவுகள் ஏற்பட்டன."
"We looked at different issues happening on online social media: compromised accounts, fake content — in this case, an image of a crocodile on the streets of Chennai during the Chennai floods in December 2015, which caused panic among citizens.","ஆன்லைன் சமூக ஊடகங்களில் நடக்கும் பல்வேறு பிரச்சினைகளை நாங்கள் பார்த்தோம்ஃ சமரசம் செய்யப்பட்ட கணக்குகள், போலி உள்ளடக்கம்-இந்த விஷயத்தில், 2015 டிசம்பரில் சென்னை வெள்ளத்தின் போது சென்னை தெருக்களில் ஒரு முதலை ஒரு முதலை படம், இது குடிமக்களிடையே பீதியை ஏற்படுத்தியது.","ஆன்லைன் சமூக ஊடகங்களில் நடக்கும் பல்வேறு சிக்கல்களைப் பார்த்தோம்: சமரசம் செய்யப்பட்ட கணக்குகள், போலி உள்ளடக்கம். - இந்த விஷயத்தில், டிசம்பர் 2015 இல் சென்னை வெள்ளத்தின் போது சென்னையின் தெருக்களில் ஒரு முதலை படம், இது குடிமக்களிடையே பீதியை ஏற்படுத்தியது.","Online social media-ல் நடக்கும் பல பிரச்சினைகளை நாமும் பார்த்தோம்: compromised accounts, fake content — இந்த case-ல், December 2015 Chennai floods-க்கு போது Chennai தெருக்களில் முதலை படம், இது பொதுமக்களில் பரபரப்பை ஏற்படுத்தியது."
"There are also people who lose jobs and other issues because of the usage of online social media.","ஆன்லைன் சமூக ஊடகங்களைப் பயன்படுத்துவதால் வேலைகள் மற்றும் பிற பிரச்சினைகளை இழக்கும் நபர்களும் உள்ளனர்.","ஆன்லைன் சமூக ஊடகங்களைப் பயன்படுத்துவதால் வேலை மற்றும் பிற சிக்கல்களை இழக்கும் நபர்களும் உள்ளனர்.","Online social media பயன்பாட்டால் சிலர் வேலைகளை இழக்கின்றனர் மற்றும் பிற பிரச்சினைகளும் ஏற்படுகின்றன."
"In week 1, we also covered a little bit about Linux and Python; hopefully, you are all set in terms of using the platforms.","வாரம் 1 இல், லினக்ஸ் மற்றும் பைத்தான் பற்றி கொஞ்சம் கவர் செய்தோம்; தளங்களைப் பயன்படுத்துவதில் நீங்கள் அனைவரும் தயாராக இருக்கிறீர்கள் என்று நம்புகிறேன்.","முதல் வாரத்தில், லினக்ஸ் மற்றும் பைதான் பற்றியும் கொஞ்சம் படித்தோம்; தளங்களைப் பயன்படுத்துவதில் நீங்கள் அனைவரும் தயாராக உள்ளீர்கள் என்று நம்புகிறோம்.","Week 1-ல், நாம் Linux மற்றும் Python-ஐப் பற்றிய சிறிய பகுதியை பார்த்தோம்; platforms பயன்படுத்துவதில் நீங்கள் தயாராக இருக்கிறீர்கள் என்று நம்புகிறேன்."
"What I want to cover today is a couple of things; one, I wanted to actually look at different frameworks or platforms that you would get to know while doing this course, collecting data from online social media, analyzing and making inferences.","இன்று நான் உள்ளடக்க விரும்புவது இரண்டு விஷயங்கள்; ஒன்று, இந்த படிப்பைச் செய்யும்போது, ஆன்லைன் சமூக ஊடகங்களிலிருந்து தரவுகளைச் சேகரிக்கும்போது, பகுப்பாய்வு செய்யும் போது மற்றும் அனுமானங்களை உருவாக்கும் போது நீங்கள் தெரிந்து கொள்ளக்கூடிய வெவ்வேறு கட்டமைப்புகள் அல்லது தளங்களை நான் உண்மையில் பார்க்க விரும்பினேன்.","இன்று நான் மறைக்க விரும்புவது இரண்டு விஷயங்கள்; ஒன்று, இந்த பாடத்திட்டத்தைச் செய்யும்போது நீங்கள் அறிந்து கொள்ளும் வெவ்வேறு கட்டமைப்புகள் அல்லது தளங்களைப் பார்க்க விரும்பினேன், ஆன்லைன் சமூக ஊடகங்களிலிருந்து தரவைச் சேகரித்தல், பகுப்பாய்வு செய்தல் மற்றும் அனுமானங்களைச் செய்வது.","இன்று நான் பேச விரும்பும் சில விஷயங்கள்: ஒன்று, இந்த course-ஐ செய்யும் போது, online social media-இல் இருந்து data சேகரிப்பது, பகுப்பாய்வு செய்வது மற்றும் inference செய்யும் போது தெரிந்துகொள்ளும் frameworks அல்லது platforms-ஐ பார்ப்பது."
"We will look at what an API is; different kinds of APIs that are available for Facebook and Twitter. Then, we will also look at programming languages.","ஃபேஸ்புக் மற்றும் ட்விட்டருக்கு கிடைக்கும் வெவ்வேறு வகையான ஏபிஐகள் என்ன என்பதைப் பார்ப்போம். பின்னர், நிரலாக்க மொழிகளையும் பார்ப்போம்.","ஒரு ஏபிஐ என்றால் என்ன என்று பார்ப்போம்; பேஸ்புக் மற்றும் ட்விட்டருக்கு கிடைக்கக்கூடிய பல்வேறு வகையான ஏபிஐகள், பின்னர், நிரலாக்க மொழிகளையும் பார்ப்போம்.","API என்ன என்பதைக் காண்போம்; ஃபேஸ்புக் மற்றும் ட்விட்டர்-க்கு கிடைக்கும் வெவ்வேறு வகையான APIs. பிறகு, programming languages-ஐப் பற்றியும் பார்ப்போம்."
"There has been a tutorial on Python. In any case, my work for week 2.1 about these topics is only generally to introduce them; then, we will have tutorials specifically focused on some of them.","ஃபேஸ்புக் மற்றும் ட்விட்டருக்கு கிடைக்கும் வெவ்வேறு வகையான ஏபிஐகள் என்ன என்பதைப் பார்ப்போம். பின்னர், நிரலாக்க மொழிகளையும் பார்ப்போம்.","பைதான் பற்றி ஒரு டுடோரியல் உள்ளது.. எப்படியிருந்தாலும், இந்த தலைப்புகளைப் பற்றிய எனது வேலை 2.1 வாரத்தில் பொதுவாக அவற்றை அறிமுகப்படுத்துவதே ஆகும்; பின்னர், அவற்றில் சிலவற்றில் குறிப்பாக கவனம் செலுத்தும் டுடோரியல்களைக் கொண்டிருப்போம்.","Python-ல் ஒரு tutorial உள்ளது. ஏதேனும், இந்த week 2.1-இல் என் வேலை இந்த topics-ஐ அறிமுகம் செய்யும் மட்டுமே; பிறகு, சில topics-க்கு specific tutorials இருக்கும்."
"Then we look at programming languages; and then, we will also look at a little bit of database, how this data is stored, what kind of format that the data is coming out; and a little bit about visualization tools.","பின்னர் நாம் நிரலாக்க மொழிகளைப் பார்ப்போம்; பின்னர், இந்த தரவு எவ்வாறு சேமிக்கப்படுகிறது, தரவு எந்த வகையான வடிவத்தில் வெளிவருகிறது மற்றும் காட்சிப்படுத்தல் கருவிகளைப் பற்றிய சிறிது தரவுத்தளத்தையும் பார்ப்போம்.","பின்னர் நாம் நிரலாக்க மொழிகளைப் பார்ப்போம்; பின்னர், இந்த டேட்டா எவ்வாறு சேமிக்கப்படுகிறது, டேட்டா எந்த வகையான வடிவத்தில் வெளிவருகிறது; மற்றும் காட்சிப்படுத்தல் கருவிகளைப் பற்றி கொஞ்சம் பார்ப்போம்.","பிறகு programming languages-ஐப் பார்க்கலாம்; பிறகு database-ஐப் பற்றிய சிறிய பகுதியை, data எப்படிச் சேமிக்கப்படுகிறது, எந்த வகையான format-ல் data வருகிறது என்பதைப் பார்க்கலாம்; மற்றும் visualization tools-ஐப் பற்றியும் சிறிது பார்ப்போம்."
"So, in the UK riots, people were organizing themselves through BlackBerry Messenger and Facebook, which actually helped in making the riots worse. But at the same time, there were also positive uses of social media, where people created groups on Facebook and Twitter to actually help clean up after the riots.","எனவே, இங்கிலாந்து கலவரங்களில், மக்கள் பிளாக்பெர்ரி மெசஞ்சர் மற்றும் ஃபேஸ்புக் மூலம் தங்களை ஒழுங்கமைத்துக் கொண்டிருந்தனர், இது உண்மையில் கலவரங்களை மோசமாக்க உதவியது. ஆனால் அதே நேரத்தில், சமூக ஊடகங்களின் நேர்மறையான பயன்பாடுகளும் இருந்தன, அங்கு மக்கள் ஃபேஸ்புக் மற்றும் ட்விட்டரில் குழுக்களை உருவாக்கி கலவரத்திற்குப் பிறகு சுத்தம் செய்ய உண்மையில் உதவினர்.","எனவே, இங்கிலாந்து கலவரங்களில், மக்கள் பிளாக்பெர்ரி, மெசஞ்சர் மற்றும் பேஸ்புக் மூலம் தங்களை ஒழுங்கமைத்துக் கொண்டிருந்தனர், இது உண்மையில் கலவரங்களை மோசமாக்க உதவியது. ஆனால் அதே நேரத்தில், சமூக ஊடகங்களின் நேர்மறையான பயன்பாடுகளும் இருந்தன, அங்கு மக்கள் கலவரங்களுக்குப் பிறகு தூய்மைப்படுத்த உதவ பேஸ்புக் மற்றும் ட்விட்டரில் குழுக்களை உருவாக்கியுள்ளனர்.","UK கலவரங்களில், மக்கள் தங்களை BlackBerry Messenger மற்றும் ஃபேஸ்புக் மூலம் ஒருங்கிணைத்துக் கொண்டனர், இது கலவரத்தை இன்னும் மோசமாக்க உதவியது. ஆனால் அதே நேரத்தில், social media-வின் positive பயன்பாடுகளும் இருந்தன — மக்கள் ஃபேஸ்புக் மற்றும் ட்விட்டர்-ல் குழுக்களை உருவாக்கி, கலவரத்திற்குப் பிறகு சுத்தம் செய்வதற்காக உதவினர்."
"Here is another example: In India, when there was an earthquake, people started spreading rumors on social media that there was another earthquake coming. This created panic. So this is another example of how social media, particularly platforms like Twitter and Facebook, can amplify fear and spread misinformation quickly.","இங்கே மற்றொரு உதாரணம்ஃ இந்தியாவில், ஒரு பூகம்பம் ஏற்பட்டபோது, மற்றொரு பூகம்பம் வருவதாக மக்கள் சமூக ஊடகங்களில் வதந்திகளைப் பரப்பத் தொடங்கினர். இதனால் பீதி பரவியது. எனவே சமூக ஊடகங்கள், குறிப்பாக ட்விட்டர் மற்றும் ஃபேஸ்புக் போன்ற தளங்கள், அச்சத்தை அதிகரித்து தவறான தகவல்களை விரைவாக பரப்ப முடியும் என்பதற்கு இது மற்றொரு எடுத்துக்காட்டு.","இன்னொரு உதாரணம்: இந்தியாவில், ஒரு பூகம்பம் ஏற்பட்டபோது, மற்றொரு பூகம்பம் வரப்போகிறது என்று மக்கள் சமூக ஊடகங்களில் வதந்திகளை பரப்பத் தொடங்கினர். இது பீதியை உருவாக்கியது. எனவே சமூக ஊடகங்கள், குறிப்பாக ட்விட்டர் மற்றும் பேஸ்புக் போன்ற தளங்கள் பயத்தை எவ்வாறு பெருக்கி தவறான தகவல்களை விரைவாக பரப்ப முடியும் என்பதற்கு இது மற்றொரு எடுத்துக்காட்டு.","மற்றொரு எடுத்துக்காட்டு: இந்தியாவில் நிலநடுக்கம் ஏற்பட்டபோது, மக்கள் social media-வில் “மற்றொரு நிலநடுக்கம் வரும்” என்று வதந்திகளை பரப்பினர். இது பீதியை ஏற்படுத்தியது. ஆகவே, இது social media, குறிப்பாக ட்விட்டர் மற்றும் ஃபேஸ்புக் போன்ற platforms, எவ்வாறு பயத்தை அதிகரிக்கவும், தவறான தகவலை விரைவாக பரப்பவும் பயன்படுகிறது என்பதற்கான எடுத்துக்காட்டாகும்."
"One more example is the Mumbai attacks in 2008. Terrorists were actually following news channels and social media like Twitter to understand what the government and police were planning. This shows that social media can also be misused in serious crises","மற்றொரு உதாரணம் 2008 மும்பை தாக்குதல்கள். அரசாங்கமும் காவல்துறையும் என்ன திட்டமிட்டுள்ளன என்பதைப் புரிந்துகொள்ள பயங்கரவாதிகள் உண்மையில் செய்தி சேனல்கள் மற்றும் ட்விட்டர் போன்ற சமூக ஊடகங்களைப் பின்தொடர்ந்தனர். கடுமையான நெருக்கடிகளில் சமூக ஊடகங்களும் தவறாகப் பயன்படுத்தப்படலாம் என்பதை இது காட்டுகிறது.","2008ல் நடந்த மும்பை தாக்குதலுக்கு இன்னொரு உதாரணம், அரசாங்கம் மற்றும் காவல்துறை என்ன திட்டமிட்டுள்ளது என்பதைப் புரிந்துகொள்ள பயங்கரவாதிகள் உண்மையில் செய்தி சேனல்கள் மற்றும் ட்விட்டர் போன்ற சமூக ஊடகங்களைப் பின்பற்றி வருகின்றனர். சமூக ஊடகங்களை தீவிர நெருக்கடிகளிலும் தவறாகப் பயன்படுத்தலாம் என்பதை இது காட்டுகிறது.","மற்றொரு எடுத்துக்காட்டு 2008 மும்பை தாக்குதல்கள். தீவிரவாதிகள் செய்தி சேனல்கள் மற்றும் ட்விட்டர் போன்ற social media-களை பின்தொடர்ந்து, அரசு மற்றும் போலீஸ் என்ன திட்டமிடுகிறார்கள் என்பதை புரிந்துகொண்டனர். இது social media கடுமையான crises-ல் தவறாகவும் பயன்படுத்தப்படலாம் என்பதைக் காட்டுகிறது."
"At the same time, during natural disasters like floods or earthquakes, we have also seen how social media helps people to share helpline numbers, provide shelter information, or connect missing people with their families. For example, during the Chennai floods in 2015, Facebook and Twitter were widely used to organize rescue and relief efforts.","அதே நேரத்தில், வெள்ளம் அல்லது பூகம்பம் போன்ற இயற்கை பேரழிவுகளின் போது, ஹெல்ப்லைன் எண்களைப் பகிர்ந்து கொள்ளவோ, தங்குமிடத் தகவல்களை வழங்கவோ அல்லது காணாமல் போனவர்களை அவர்களின் குடும்பங்களுடன் இணைக்கவோ சமூக ஊடகங்கள் மக்களுக்கு எவ்வாறு உதவுகின்றன என்பதையும் நாம் பார்த்தோம். உதாரணமாக, 2015 ஆம் ஆண்டில் சென்னை வெள்ளத்தின் போது, மீட்பு மற்றும் நிவாரண முயற்சிகளை ஒழுங்கமைக்க ஃபேஸ்புக் மற்றும் ட்விட்டர் பரவலாகப் பயன்படுத்தப்பட்டன.","அதே நேரத்தில், வெள்ளம் அல்லது பூகம்பங்கள் போன்ற இயற்கை பேரழிவுகளின் போது, ஹெல்ப்லைன் எண்களைப் பகிர்ந்து கொள்ளவும், தங்குமிடம் பற்றிய தகவல்களை வழங்கவும் அல்லது காணாமல் போனவர்களை அவர்களின் குடும்பங்களுடன் இணைக்கவும் சமூக ஊடகங்கள் எவ்வாறு மக்களுக்கு உதவுகின்றன என்பதையும் நாம் கண்டோம். உதாரணமாக, 2015 ஆம் ஆண்டு சென்னை வெள்ளத்தின் போது, மீட்பு மற்றும் நிவாரணப் பணிகளை ஒழுங்கமைக்க பேஸ்புக் மற்றும் ட்விட்டர். பரவலாகப் பயன்படுத்தப்பட்டன","அதே நேரத்தில், வெள்ளம் அல்லது நிலநடுக்கம் போன்ற இயற்கை பேரழிவுகளின் போது, மக்கள் helpline numbers பகிர்வது, தங்குமிட விவரங்களை வழங்குவது அல்லது காணாமல் போனவர்களை குடும்பத்துடன் இணைப்பது போன்ற உதவிகளை social media மூலம் செய்வதையும் கண்டுள்ளோம். உதாரணமாக, 2015 சென்னை வெள்ளத்தில் ஃபேஸ்புக் மற்றும் ட்விட்டர் பெரிதும் பயன்படுத்தப்பட்டன, மீட்பு மற்றும் நிவாரண முயற்சிகளை ஒருங்கிணைக்க."
"So, the point is, social media is just a tool. It can be used for positive purposes such as connecting people, saving lives, and crisis management, or for negative purposes such as spreading rumors, fear, and even helping criminals. Therefore, it is very important to understand both sides of social media.","எனவே, விஷயம் என்னவென்றால், சமூக ஊடகங்கள் ஒரு கருவி மட்டுமே. மக்களை இணைப்பது, உயிர்களைக் காப்பாற்றுவது மற்றும் நெருக்கடி மேலாண்மை போன்ற நேர்மறையான நோக்கங்களுக்காகவோ அல்லது வதந்திகள், அச்சம் மற்றும் குற்றவாளிகளுக்கு உதவுவது போன்ற எதிர்மறையான நோக்கங்களுக்காகவோ இது பயன்படுத்தப்படலாம். எனவே, சமூக ஊடகங்களின் இரு பக்கங்களையும் புரிந்துகொள்வது மிகவும் முக்கியம்.","எனவே, விஷயம் என்னவென்றால், சமூக ஊடகங்கள் ஒரு கருவி மட்டுமே மக்களை இணைத்தல், உயிர்களைக் காப்பாற்றுதல் மற்றும் நெருக்கடி மேலாண்மை போன்ற நேர்மறையான நோக்கங்களுக்காக அல்லது வதந்திகள், பயம் மற்றும் குற்றவாளிகளுக்கு உதவுதல் போன்ற எதிர்மறை நோக்கங்களுக்காக இதைப் பயன்படுத்தலாம். எனவே, சமூக ஊடகத்தின் இரு பக்கங்களையும் புரிந்துகொள்வது மிகவும் முக்கியம்.","அதனால், முக்கியமான விஷயம் என்னவென்றால், social media என்பது ஒரு கருவி மட்டுமே. இது மக்கள் ஒருவருடன் ஒருவரை இணைப்பதற்கும், உயிர்களை காப்பதற்கும், crisis management-க்கும் போன்ற positive நோக்கங்களுக்குப் பயன்படுத்தப்படலாம்; அல்லது வதந்திகளை பரப்ப, பயத்தை ஏற்படுத்த, குற்றவாளிகளுக்கு உதவ போன்ற negative நோக்கங்களுக்கும் பயன்படுத்தப்படலாம். ஆகவே, social media-வின் இரு பக்கங்களையும் புரிந்துகொள்வது மிகவும் முக்கியம்."
"In the last class, we looked at some case studies on Online Social Media. We saw how information spreads during crisis events and how both true and false information coexist on these platforms. Today, we will focus on the concept of credibility and trust in Online Social Media, and how to analyze information to determine whether it is a rumor or reliable.","கடந்த வகுப்பில், ஆன்லைன் சமூக ஊடகங்களில் சில வழக்கு ஆய்வுகளைப் பார்த்தோம். நெருக்கடி நிகழ்வுகளின் போது தகவல் எவ்வாறு பரவுகிறது என்பதையும், இந்த தளங்களில் உண்மையான மற்றும் தவறான தகவல்கள் எவ்வாறு ஒன்றாக உள்ளன என்பதையும் நாங்கள் பார்த்தோம். இன்று, ஆன்லைன் சமூக ஊடகங்களில் நம்பகத்தன்மை மற்றும் நம்பிக்கை என்ற கருத்தில் நாம் கவனம் செலுத்துவோம், மேலும் இது ஒரு வதந்தியா அல்லது நம்பகமானதா என்பதை தீர்மானிக்க தகவல்களை எவ்வாறு பகுப்பாய்வு செய்வது.","கடந்த வகுப்பில், ஆன்லைன் சமூக ஊடகங்களில் சில கேஸ் ஸ்டடிகளைப் பார்த்தோம். நெருக்கடி நிகழ்வுகளின் போது தகவல் எவ்வாறு பரவுகிறது என்பதையும், இந்த தளங்களில் உண்மை மற்றும் தவறான தகவல்கள் எவ்வாறு இணைந்து செயல்படுகின்றன என்பதையும் பார்த்தோம். இன்று, ஆன்லைன் சமூக ஊடகங்களில் நம்பகத்தன்மை மற்றும் நம்பிக்கை என்ற கருத்தில் கவனம் செலுத்துவோம், மேலும் இது ஒரு வதந்தி அல்லது நம்பகமானதா என்பதை தீர்மானிக்க தகவலை எவ்வாறு பகுப்பாய்வு செய்வது","கடந்த வகுப்பில், நாங்கள் ஆன்லைன் சமூக ஊடகம் (Online Social Media) பற்றிய சில வழக்குக்கட்டங்களை (case studies) பார்த்தோம். நெருக்கடி நிகழ்வுகளின் போது தகவல் எவ்வாறு பரவுகிறது, மேலும் உண்மையான மற்றும் பொய்யான தகவல்கள் இத்தளங்களில் எவ்வாறு இணைந்து இருக்கின்றன என்பதையும் பார்த்தோம். இன்று, நாங்கள் ஆன்லைன் சமூக ஊடகம்-இல் நம்பகத்தன்மை (credibility) மற்றும் நம்பிக்கை (trust) என்ற கருத்தில் கவனம் செலுத்தப் போகிறோம், மேலும் ஒரு தகவல் வதந்தியா அல்லது நம்பத்தகுந்ததா என்பதை தீர்மானிக்க அதை எவ்வாறு பகுப்பாய்வு செய்வது என்பதையும் பார்க்கப்போகிறோம்."
"One of the most widely studied cases is the Boston Marathon blasts. During the blasts, a large volume of information circulated on Twitter, including eyewitness accounts, photos, and breaking news updates. However, along with correct information, a lot of rumors and misinformation were also spread, which created panic and confusion.","மிகவும் பரவலாக ஆய்வு செய்யப்பட்ட வழக்குகளில் ஒன்று பாஸ்டன் மராத்தான் குண்டுவெடிப்புகள் ஆகும். குண்டுவெடிப்புகளின் போது, நேரில் பார்த்த சாட்சிகளின் கணக்குகள், புகைப்படங்கள் மற்றும் செய்தி புதுப்பிப்புகள் உட்பட ஏராளமான தகவல்கள் ட்விட்டரில் பரப்பப்பட்டன. இருப்பினும், சரியான தகவல்களுடன், நிறைய வதந்திகளும் தவறான தகவல்களும் பரப்பப்பட்டன, இது பீதியையும் குழப்பத்தையும் உருவாக்கியது.","மிகவும் பரவலாக ஆய்வு செய்யப்பட்ட வழக்குகளில் ஒன்று போஸ்டன் மராத்தான் குண்டுவெடிப்புகள். குண்டுவெடிப்புகளின் போது, நேரில் கண்டவர்களின் கணக்குகள், புகைப்படங்கள் மற்றும் செய்திகள் உள்ளிட்ட பல தகவல்கள் ட்விட்டரில் பரவியது. இருப்பினும், சரியான தகவல்களுடன், நிறைய வதந்திகள் மற்றும் தவறான தகவல்களும் பரப்பப்பட்டன, இது பீதி மற்றும் குழப்பத்தை ஏற்படுத்தியது.","அதிகமாக ஆய்வு செய்யப்பட்ட சம்பவங்களில் ஒன்று Boston Marathon வெடிப்பு ஆகும். வெடிப்புகள் நடந்தபோது, Twitter-இல் மிகப்பெரிய அளவில் தகவல்கள் பரவின, அதில் நேரடி சாட்சிகளின் கணக்குகள், புகைப்படங்கள், மற்றும் உடனடி செய்தி புதுப்பிப்புகள் இருந்தன. ஆனால், சரியான தகவல்களுடன் சேர்ந்து, பல வதந்திகள் மற்றும் தவறான தகவல்களும் பரவின, இது பதற்றத்தையும் குழப்பத்தையும் ஏற்படுத்தியது."
"Another popular case is Hurricane Sandy. Here again, Twitter was flooded with posts, some authentic and some completely false. For example, images of sharks swimming in flooded streets went viral, but they were fake. Such examples highlight why credibility analysis on Online Social Media is crucial, especially during crisis events.","மற்றொரு பிரபலமான வழக்கு மணல் சூறாவளி. இங்கே மீண்டும், ட்விட்டர் இடுகைகளால் நிரம்பி வழிந்தது, சில உண்மையானவை மற்றும் சில முற்றிலும் பொய்யானவை. உதாரணமாக, வெள்ளத்தில் மூழ்கிய தெருக்களில் சுறாக்கள் நீந்தும் படங்கள் வைரலாகின, ஆனால் அவை போலியானவை. குறிப்பாக நெருக்கடி நிகழ்வுகளின் போது, ஆன்லைன் சமூக ஊடகங்களில் நம்பகத்தன்மை பகுப்பாய்வு ஏன் முக்கியமானது என்பதை இத்தகைய எடுத்துக்காட்டுகள் எடுத்துக்காட்டுகின்றன.","மற்றொரு பிரபலமான வழக்கு ஹரிகேன் சாண்டி. இங்கே மீண்டும், ட்விட்டர் பதிவுகள், சில உண்மையான மற்றும் சில முற்றிலும் தவறானவை. உதாரணமாக, வெள்ளத்தில் மூழ்கிய தெருக்களில் நீந்தும் சுறாக்களின் படங்கள் வைரலாகின, ஆனால் அவை போலியானவை. குறிப்பாக நெருக்கடி நிகழ்வுகளின் போது, ஆன்லைன் சமூக ஊடகங்களில் நம்பகத்தன்மை பகுப்பாய்வு ஏன் முக்கியமானது என்பதை இதுபோன்ற எடுத்துக்காட்டுகள் எடுத்துக்காட்டுகின்றன.","மற்றொரு பிரபலமான நிகழ்வு Hurricane Sandy ஆகும். இங்கேயும், ட்விட்டர் பதிவுகளால் நிரம்பியது, சில உண்மையானவை, சில முற்றிலும் தவறானவை. எடுத்துக்காட்டாக, வெள்ளத்தில் மூழ்கிய தெருக்களில் நீந்தும் சுறா மீன்களின் படங்கள் வைரலானது, ஆனால் அவை போலியானவை. இப்படியான எடுத்துக்காட்டுகள், குறிப்பாக நெருக்கடி நிகழ்வுகளின் போது, ஆன்லைன் சமூக ஊடகம்-இல் நம்பகத்தன்மை (credibility) பகுப்பாய்வு ஏன் மிகவும் முக்கியம் என்பதை விளக்குகின்றன."
"The key challenge is: how do we automatically identify credible information from non-credible information on Online Social Media? Unlike traditional news media, where information is curated and verified, social media allows anyone to post anything, making it both powerful and dangerous at the same time.","முக்கிய சவால் என்னவென்றால்ஃ ஆன்லைன் சமூக ஊடகங்களில் நம்பகத்தன்மையற்ற தகவல்களிலிருந்து நம்பகமான தகவல்களை நாம் எவ்வாறு தானாகவே அடையாளம் காண்பது? பாரம்பரிய செய்தி ஊடகங்களைப் போலல்லாமல், தகவல் தொகுக்கப்பட்டு சரிபார்க்கப்படும், சமூக ஊடகங்கள் யாரையும் எதையும் இடுகையிட அனுமதிக்கின்றன, இது ஒரே நேரத்தில் சக்திவாய்ந்ததாகவும் ஆபத்தானதாகவும் இருக்கிறது.","முக்கிய சவால் என்னவென்றால்: ஆன்லைன் சமூக ஊடகங்களில் நம்பத்தகாத தகவல்களிலிருந்து நம்பகமான தகவல்களை தானாகவே எவ்வாறு அடையாளம் காண்பது? பாரம்பரிய செய்தி ஊடகங்களைப் போலல்லாமல், தகவல்கள் தொகுக்கப்பட்டு சரிபார்க்கப்படுகின்றன, சமூக ஊடகங்கள் யாரையும் எதையும் இடுகையிட அனுமதிக்கிறது, இது ஒரே நேரத்தில் சக்திவாய்ந்ததாகவும் ஆபத்தானதாகவும் ஆகிறது.","முக்கிய சவால் என்னவென்றால்: ஆன்லைன் சமூக ஊடகம் (Online Social Media)-இல் நம்பகமான தகவலையும், நம்பகமற்ற தகவலையும் எவ்வாறு தானியங்கி முறையில் அடையாளம் காணலாம்? பாரம்பரிய செய்தி ஊடகங்களில் தகவல்கள் தேர்வு செய்யப்பட்டு சரிபார்க்கப்படுகின்றன. ஆனால் சமூக ஊடகத்தில் யாரும் எதையும் பதிவிடலாம். இதுவே அதை சக்திவாய்ந்ததாகவும், அதே சமயம் ஆபத்தானதாகவும் ஆக்குகிறது."
"Researchers have looked at different types of features to determine credibility. Broadly, these features can be grouped into three categories: user-based features, propagation-based features, and content-based features. Each of these categories gives useful signals about whether a piece of information can be trusted.","நம்பகத்தன்மையை தீர்மானிக்க ஆராய்ச்சியாளர்கள் பல்வேறு வகையான அம்சங்களை ஆராய்ந்துள்ளனர். பரவலாக, இந்த அம்சங்களை மூன்று பிரிவுகளாக வகைப்படுத்தலாம்ஃ பயனர் அடிப்படையிலான அம்சங்கள், பரப்புதல் அடிப்படையிலான அம்சங்கள் மற்றும் உள்ளடக்க அடிப்படையிலான அம்சங்கள். இந்த பிரிவுகள் ஒவ்வொன்றும் ஒரு தகவலை நம்ப முடியுமா என்பது குறித்து பயனுள்ள சமிக்ஞைகளை வழங்குகின்றன.","ஆராய்ச்சியாளர்கள் நம்பகத்தன்மையை தீர்மானிக்க பல்வேறு வகையான அம்சங்களைப் பார்த்திருக்கிறார்கள். பரவலாக, இந்த அம்சங்களை மூன்று பிரிவுகளாகப் பிரிக்கலாம்: பயனர் அடிப்படையிலான அம்சங்கள், பரப்புதல் அடிப்படையிலான அம்சங்கள் மற்றும் உள்ளடக்க அடிப்படையிலான அம்சங்கள். இந்த வகைகள் ஒவ்வொன்றும் ஒரு தகவல் நம்பகமானதா என்பதைப் பற்றிய பயனுள்ள சமிக்ஞைகளை வழங்குகிறது.","ஆராய்ச்சியாளர்கள் நம்பகத்தன்மையை தீர்மானிக்க பல்வேறு வகையான அம்சங்களை (features) ஆய்வு செய்துள்ளனர். பொதுவாக, இவை மூன்று பிரிவுகளாக பிரிக்கப்படுகின்றன: பயனர் அடிப்படையிலான அம்சங்கள் (user-based features), பரவல் அடிப்படையிலான அம்சங்கள் (propagation-based features), மற்றும் உள்ளடக்க அடிப்படையிலான அம்சங்கள் (content-based features). இந்தப் பிரிவுகளில் ஒவ்வொன்றும் ஒரு தகவலை நம்பலாமா என்பதைப் பற்றி பயனுள்ள சைகைகளை வழங்குகின்றன."
"User-based features include details like how old the account is, how many followers the user has, whether the account is verified, and how active the user is. These features give us a sense of the credibility of the source itself.","பயனர் அடிப்படையிலான அம்சங்களில் கணக்கு எவ்வளவு பழமையானது, பயனருக்கு எத்தனை பின்தொடர்பவர்கள் உள்ளனர், கணக்கு சரிபார்க்கப்பட்டதா, பயனர் எவ்வளவு சுறுசுறுப்பாக இருக்கிறார் போன்ற விவரங்கள் அடங்கும். இந்த அம்சங்கள் மூலத்தின் நம்பகத்தன்மையை நமக்கு உணர்த்துகின்றன.","பயனர் அடிப்படையிலான அம்சங்களில் கணக்கு எவ்வளவு பழையது, பயனருக்கு எத்தனை பின்தொடர்பவர்கள் உள்ளனர், கணக்கு சரிபார்க்கப்பட்டதா, பயனர் எவ்வளவு செயலில் உள்ளார் போன்ற விவரங்கள் அடங்கும். இந்த அம்சங்கள் மூலத்தின் நம்பகத்தன்மையை நமக்கு உணர்த்துகின்றன.","பயனர் அடிப்படையிலான அம்சங்கள் (user-based features) என்பது, கணக்கு எவ்வளவு பழையது, பயனருக்கு எத்தனை பின்தொடர்பவர்கள் (followers) உள்ளனர், அந்தக் கணக்கு verified செய்யப்பட்டதா, பயனர் எவ்வளவு செயலில் இருக்கிறார் போன்ற விவரங்களை உள்ளடக்கியதாக இருக்கும். இவ்வாறு பெறப்படும் தகவல்கள், அந்த மூலத்தின் நம்பகத்தன்மையைப் பற்றிய உணர்வை அளிக்கின்றன."
"Propagation-based features study how the information spreads across the network. For example, credible information tends to spread in certain patterns, often through trusted accounts or clusters. Rumors, on the other hand, may spread in unusual or suspicious patterns, which can be a signal for detection.","தகவல் நெட்வொர்க் முழுவதும் எவ்வாறு பரவுகிறது என்பதை பரப்புதல் அடிப்படையிலான அம்சங்கள் ஆய்வு செய்கின்றன. எடுத்துக்காட்டாக, நம்பகமான தகவல்கள் சில வடிவங்களில் பரவுகின்றன, பெரும்பாலும் நம்பகமான கணக்குகள் அல்லது கொத்துக்கள் மூலம். மறுபுறம், வதந்திகள் அசாதாரண அல்லது சந்தேகத்திற்கிடமான வடிவங்களில் பரவலாம், இது கண்டறிதலுக்கான அறிகுறியாக இருக்கலாம்.","பரப்புதல் அடிப்படையிலான அம்சங்கள் தகவல் எவ்வாறு நெட்வொர்க்கில் பரவுகிறது என்பதைப் படிக்கிறது. உதாரணமாக, நம்பகமான தகவல்கள் சில வடிவங்களில் பரவுகின்றன, பெரும்பாலும் நம்பகமான கணக்குகள் அல்லது கொத்துக்கள் மூலம். மறுபுறம், வதந்திகள் அசாதாரண அல்லது சந்தேகத்திற்கிடமான வடிவங்களில் பரவக்கூடும், இது கண்டறிவதற்கான சமிக்ஞையாக இருக்கலாம்.","பரவல் அடிப்படையிலான அம்சங்கள் (propagation-based features) என்பது, தகவல் நெட்வொர்க்கில் எவ்வாறு பரவுகிறது என்பதை ஆராய்கின்றன. எடுத்துக்காட்டாக, நம்பகமான தகவல்கள் பொதுவாக குறிப்பிட்ட முறைகளில் பரவுகின்றன, பெரும்பாலும் நம்பத்தகுந்த கணக்குகள் அல்லது குழுக்களின் வழியாக. ஆனால் வதந்திகள், அதற்கு மாறாக, அசாதாரணமான அல்லது சந்தேகமான வடிவங்களில் பரவக்கூடும், இது கண்டறிதலுக்கான ஒரு சிக்னலாக இருக்க முடியும்."
"Content-based features look at the textual and visual content itself. Does the tweet include links to external sources? Are there many exclamation marks or sensational words? Does the image look doctored? Such cues from the content can indicate whether the post is likely to be reliable or not.","உள்ளடக்க அடிப்படையிலான அம்சங்கள் உரை மற்றும் காட்சி உள்ளடக்கத்தைப் பார்க்கின்றன. இந்த ட்வீட்டில் வெளிப்புற ஆதாரங்களுக்கான இணைப்புகள் உள்ளதா? பல ஆச்சரியமான மதிப்பெண்கள் அல்லது பரபரப்பான சொற்கள் உள்ளதா? படம் சிதைந்ததாகத் தெரிகிறதா? உள்ளடக்கத்திலிருந்து இத்தகைய குறிப்புகள் இடுகை நம்பகமானதாக இருக்க வாய்ப்புள்ளதா இல்லையா என்பதைக் குறிக்கலாம்.","உள்ளடக்க அடிப்படையிலான அம்சங்கள் உரை மற்றும் காட்சி உள்ளடக்கத்தை தானே பார்க்கின்றன. ட்வீட்டில் வெளிப்புற மூலங்களுக்கான இணைப்புகள் உள்ளதா? பல எழுச்சியூட்டும் குறியீடுகள் அல்லது பரபரப்பான சொற்கள் உள்ளதா? படம் சித்தரிக்கப்பட்டதாகத் தெரிகிறதா? உள்ளடக்கத்திலிருந்து இதுபோன்ற குறிப்புகள் இடுகை நம்பகமானதா இல்லையா என்பதைக் குறிக்கலாம்.","உள்ளடக்க அடிப்படையிலான அம்சங்கள் (content-based features) என்பது உரை மற்றும் காட்சிப்பட (visual) உள்ளடக்கத்தையே ஆராய்கின்றன. எடுத்துக்காட்டாக, அந்த ட்வீட்டில் வெளிப்புற மூலங்களுக்கான இணைப்புகளை கொண்டுள்ளதா? அதில் அதிகமான கத்திவிளைவுத்தொகைகள் (exclamation marks) அல்லது ஆவேசமான சொற்கள் உள்ளனவா? அந்தப் படம் திருத்தப்பட்டதாகத் (doctored) தோன்றுகிறதா? இப்படிப்பட்ட குறிப்புகள் (cues) அந்தப் பதிவு நம்பத்தகுந்ததா இல்லையா என்பதைச் சுட்டிக்காட்டுகின்றன."
"To bring all these features together, machine learning classifiers are used. By training models on labeled data—where posts are marked as true or false—we can build systems that automatically predict whether a new post is credible.","இந்த அம்சங்கள் அனைத்தையும் ஒன்றிணைக்க, இயந்திர கற்றல் வகைப்பாடுகள் பயன்படுத்தப்படுகின்றன. லேபிள் செய்யப்பட்ட தரவுகளில் மாதிரிகளைப் பயிற்சி செய்வதன் மூலம்-இடுகைகள் உண்மையாகவோ அல்லது பொய்யாகவோ குறிக்கப்படுகின்றன-ஒரு புதிய இடுகை நம்பகமானதா என்பதை தானாகவே கணிக்கக்கூடிய அமைப்புகளை நாம் உருவாக்க முடியும்.","இந்த அம்சங்கள் அனைத்தையும் ஒன்றாகக் கொண்டுவர, இயந்திர கற்றல் வகைப்படுத்திகள் பயன்படுத்தப்படுகின்றன. பெயரிடப்பட்ட தரவுகளில் மாதிரிகளை பயிற்றுவிப்பதன் மூலம் - இடுகைகள் உண்மை அல்லது தவறாகக் குறிக்கப்படுகின்றன. - ஒரு புதிய இடுகை நம்பகமானதா என்பதை தானாகவே கணிக்கக்கூடிய அமைப்புகளை உருவாக்கலாம்.","இந்த அனைத்து அம்சங்களையும் ஒன்றாக கொண்டு வர, machine learning classifiers பயன்படுத்தப்படுகின்றன. குறிக்கப்பட்ட தரவுகளில் (labeled data) மாதிரிகளை (models) பயிற்சி செய்வதன் மூலம்—அதாவது பதிவுகள் உண்மையா அல்லது பொய்யா என்று குறிக்கப்பட்டுள்ள இடங்களில்—புதிய பதிவு நம்பகமானதா இல்லையா என்பதை தானாகவே கணிக்கும் (predict) அமைப்புகளை உருவாக்க முடியும்."
"One popular methodology is to use event-based analysis. For a given event, we can track all related posts and analyze them in terms of who posted, when, and how the information spread. This allows us to create a timeline of information flow and identify suspicious patterns.","ஒரு பிரபலமான முறை நிகழ்வு அடிப்படையிலான பகுப்பாய்வைப் பயன்படுத்துவதாகும். ஒரு குறிப்பிட்ட நிகழ்வுக்கு, தொடர்புடைய அனைத்து இடுகைகளையும் நாம் கண்காணிக்கலாம் மற்றும் யார், எப்போது, தகவல் எவ்வாறு பரவுகிறது என்பதன் அடிப்படையில் அவற்றை பகுப்பாய்வு செய்யலாம். இது தகவல் ஓட்டத்தின் காலவரிசையை உருவாக்கவும், சந்தேகத்திற்கிடமான வடிவங்களை அடையாளம் காணவும் அனுமதிக்கிறது.","ஒரு பிரபலமான முறை நிகழ்வு அடிப்படையிலான பகுப்பாய்வைப் பயன்படுத்துவதாகும் ஒரு குறிப்பிட்ட நிகழ்வுக்கு, தொடர்புடைய அனைத்து இடுகைகளையும் நாம் கண்காணிக்கலாம் மற்றும் யார் இடுகையிட்டார்கள், எப்போது, தகவல் எவ்வாறு பரவியது என்பதன் அடிப்படையில் அவற்றை பகுப்பாய்வு செய்யலாம். இது தகவல் ஓட்டத்தின் காலவரிசையை உருவாக்கவும், சந்தேகத்திற்கிடமான வடிவங்களை அடையாளம் காணவும் அனுமதிக்கிறது.","பிரபலமான முறைகளில் ஒன்று நிகழ்வு அடிப்படையிலான (event-based) பகுப்பாய்வைப் பயன்படுத்துவது ஆகும். குறிப்பிட்ட ஒரு நிகழ்வுக்காக, அதனைச் சார்ந்த அனைத்து பதிவுகளையும் கண்காணித்து, யார் பதிவு செய்தார், எப்போது பதிவு செய்தார், அந்த தகவல் எவ்வாறு பரவியது என்பதை ஆய்வு செய்யலாம். இதன் மூலம் தகவல் ஓட்டத்தின் (information flow) காலவரிசையை (timeline) உருவாக்கி, சந்தேகமான வடிவங்களை அடையாளம் காணலாம்."
"For example, during the Boston Marathon blasts, researchers collected millions of tweets and categorized them into different types of information—such as eyewitness reports, expressions of sympathy, calls for help, and rumors. By analyzing these categories, they were able to study how credible and non-credible information spread differently.","எடுத்துக்காட்டாக, பாஸ்டன் மராத்தான் குண்டுவெடிப்புகளின் போது, ஆராய்ச்சியாளர்கள் மில்லியன் கணக்கான ட்வீட்களை சேகரித்து அவற்றை நேரில் பார்த்த சாட்சிகளின் அறிக்கைகள், அனுதாபங்களின் வெளிப்பாடுகள், உதவிக்கான அழைப்புகள் மற்றும் வதந்திகள் போன்ற பல்வேறு வகையான தகவல்களாக வகைப்படுத்தினர். இந்த பிரிவுகளை பகுப்பாய்வு செய்வதன் மூலம், நம்பகமான மற்றும் நம்பகமற்ற தகவல்கள் எவ்வாறு வித்தியாசமாக பரவுகின்றன என்பதை அவர்களால் ஆய்வு செய்ய முடிந்தது.","உதாரணமாக, போஸ்டன் மராத்தான் குண்டுவெடிப்புகளின் போது, ஆராய்ச்சியாளர்கள் மில்லியன் கணக்கான ட்வீட்களை சேகரித்து அவற்றை பல்வேறு வகையான தகவல்களாக வகைப்படுத்தினர். - இது நேரில் பார்த்த அறிக்கைகள், அனுதாபத்தின் வெளிப்பாடுகள், உதவிக்கான அழைப்புகள் மற்றும் வதந்திகள் இந்த வகைகளை பகுப்பாய்வு செய்வதன் மூலம், நம்பகமான மற்றும் நம்பமுடியாத தகவல்கள் எவ்வாறு வித்தியாசமாக பரவுகின்றன என்பதை அவர்கள் படிக்க முடிந்தது.","எடுத்துக்காட்டாக, Boston Marathon வெடிப்புகளின் போது, ஆராய்ச்சியாளர்கள் கோடிக்கணக்கான tweets-ஐச் சேகரித்து, அவற்றை பல்வேறு தகவல் வகைகளாகப் பிரித்தனர்—உதாரணமாக, நேரடி சாட்சிகளின் அறிக்கைகள், அனுதாபச் செய்திகள், உதவிக்கான அழைப்புகள், மற்றும் வதந்திகள். இந்த வகைகளைப் பகுப்பாய்வு செய்வதன் மூலம், நம்பகமான மற்றும் நம்பகமற்ற தகவல்கள் எவ்வாறு வேறுபட்ட விதத்தில் பரவுகின்றன என்பதை அவர்கள் ஆய்வு செய்ய முடிந்தது."
"One interesting finding was that credible information generally originates from official accounts, such as news agencies or verified users, and then spreads more slowly but steadily. Rumors, on the other hand, often spread very quickly in the beginning, mostly through ordinary users, but die down once they are corrected or contradicted.","ஒரு சுவாரஸ்யமான கண்டுபிடிப்பு என்னவென்றால், நம்பகமான தகவல் பொதுவாக செய்தி நிறுவனங்கள் அல்லது சரிபார்க்கப்பட்ட பயனர்கள் போன்ற அதிகாரப்பூர்வ கணக்குகளிலிருந்து உருவாகிறது, பின்னர் மெதுவாக ஆனால் சீராக பரவுகிறது. மறுபுறம், வதந்திகள் பெரும்பாலும் ஆரம்பத்தில் மிக விரைவாக பரவுகின்றன, பெரும்பாலும் சாதாரண பயனர்கள் மூலம், ஆனால் அவை சரிசெய்யப்பட்டாலோ அல்லது முரண்பட்டாலோ அவை இறந்துவிடுகின்றன.","ஒரு சுவாரஸ்யமான கண்டுபிடிப்பு என்னவென்றால், நம்பகமான தகவல்கள் பொதுவாக செய்தி நிறுவனங்கள் அல்லது சரிபார்க்கப்பட்ட பயனர்கள் போன்ற அதிகாரப்பூர்வ கணக்குகளிலிருந்து உருவாகின்றன, பின்னர் மெதுவாக ஆனால் சீராக பரவுகின்றன. மறுபுறம், வதந்திகள் பெரும்பாலும் ஆரம்பத்தில் மிக விரைவாக பரவுகின்றன, பெரும்பாலும் சாதாரண பயனர்கள் மூலம், ஆனால் அவை திருத்தப்பட்ட அல்லது முரண்பட்டவுடன் இறந்துவிடுகின்றன.","ஒரு சுவாரஸ்யமான கண்டுபிடிப்பு என்னவென்றால், நம்பகமான தகவல்கள் பொதுவாக அதிகாரப்பூர்வ கணக்குகள் (official accounts), உதாரணமாக செய்தி நிறுவனங்கள் அல்லது verified users-இலிருந்து தோன்றுகின்றன, பின்னர் மெதுவாக, ஆனால் நிலைத்த முறையில் பரவுகின்றன. ஆனால் வதந்திகள், ஆரம்பத்தில் மிகவும் வேகமாக பரவுகின்றன, பெரும்பாலும் சாதாரண பயனர்களின் (ordinary users) வழியாக, ஆனால் அவை திருத்தப்பட்டவுடன் அல்லது மறுக்கப்பட்டவுடன் மந்தமாகிவிடுகின்றன."
"This distinction is important because it helps in designing automatic detection systems. If we see a sudden spike of posts from unverified users with sensational content, it could be an indicator of a rumor. On the other hand, steady dissemination from verified sources suggests reliability.","தானியங்கி கண்டறிதல் அமைப்புகளை வடிவமைக்க இது உதவுவதால் இந்த வேறுபாடு முக்கியமானது. பரபரப்பான உள்ளடக்கத்துடன் சரிபார்க்கப்படாத பயனர்களிடமிருந்து இடுகைகளின் திடீர் அதிகரிப்பை நாம் கண்டால், அது ஒரு வதந்தியின் அறிகுறியாக இருக்கலாம். மறுபுறம், சரிபார்க்கப்பட்ட ஆதாரங்களிலிருந்து நிலையான பரவல் நம்பகத்தன்மையை பரிந்துரைக்கிறது.","இந்த வேறுபாடு முக்கியமானது, ஏனெனில் இது தானியங்கி கண்டறிதல் அமைப்புகளை வடிவமைக்க உதவுகிறது. பரபரப்பான உள்ளடக்கத்துடன் சரிபார்க்கப்படாத பயனர்களிடமிருந்து திடீர் பதிவுகளை நாம் கண்டால், அது ஒரு வதந்திக்கான குறிகாட்டியாக இருக்கலாம், மறுபுறம், சரிபார்க்கப்பட்ட மூலங்களிலிருந்து நிலையான பரவல் நம்பகத்தன்மையைக் குறிக்கிறது.","இந்த வேறுபாடு மிகவும் முக்கியமானது, ஏனெனில் இது தானியங்கி கண்டறிதல் அமைப்புகளை (automatic detection systems) வடிவமைக்க உதவுகிறது. சரிபார்க்கப்படாத (unverified) பயனர்களிடமிருந்து திடீரென பரவும் உணர்ச்சிவசப்பட்ட (sensational) உள்ளடக்கத்துடன் கூடிய பதிவுகளை நாம் கண்டால், அது வதந்திக்கான ஒரு குறிகாட்டியாக இருக்கலாம். மாறாக, சரிபார்க்கப்பட்ட (verified) மூலங்களிலிருந்து மெதுவாக பரவும் தகவல்கள் நம்பகத்தன்மையை (reliability) குறிக்கின்றன."
"Another method involves looking at the “who, what, when, where, why, and how” of posts. This is called the journalistic approach. By checking whether a post clearly answers these questions, we can evaluate its completeness and reliability. Rumors often lack specific details such as location or credible sources.","மற்றொரு முறை ""யார், என்ன, எப்போது, எங்கே, ஏன், எப்படி"" என்ற இடுகைகளைப் பார்ப்பதை உள்ளடக்கியது. இது பத்திரிகை அணுகுமுறை என்று அழைக்கப்படுகிறது. ஒரு இடுகை இந்த கேள்விகளுக்கு தெளிவாக பதிலளிக்கிறதா என்று சரிபார்ப்பதன் மூலம், அதன் முழுமையையும் நம்பகத்தன்மையையும் நாம் மதிப்பீடு செய்யலாம். வதந்திகளுக்கு பெரும்பாலும் இருப்பிடம் அல்லது நம்பகமான ஆதாரங்கள் போன்ற குறிப்பிட்ட விவரங்கள் இல்லை.","மற்றொரு முறை, இடுகைகளின் யார், என்ன, எப்போது, எங்கே, ஏன், எப்படி என்பதைப் பார்ப்பதை உள்ளடக்கியது. இது பத்திரிகை அணுகுமுறை என்று அழைக்கப்படுகிறது. ஒரு இடுகை இந்த கேள்விகளுக்கு தெளிவாக பதிலளிக்கிறதா என்பதைச் சரிபார்ப்பதன் மூலம், அதன் முழுமை மற்றும் நம்பகத்தன்மையை நாம் மதிப்பீடு செய்யலாம். வதந்திகளுக்கு பெரும்பாலும் இடம் அல்லது நம்பகமான ஆதாரங்கள் போன்ற குறிப்பிட்ட விவரங்கள் இல்லை.","மற்றொரு முறையில், பதிவுகளின் “யார், என்ன, எப்போது, எங்கு, ஏன், எப்படி” என்பவற்றைப் பார்க்கிறது. இதை பத்திரிகை (journalistic) அணுகுமுறை என்று அழைக்கப்படுகிறது. ஒரு பதிவு இந்தக் கேள்விகளுக்கு தெளிவாக பதில் தருகிறதா என்பதைச் சரிபார்ப்பதன் மூலம், அதன் முழுமை மற்றும் நம்பகத்தன்மையை மதிப்பீடு செய்யலாம். வதந்திகள் பெரும்பாலும் இடம் அல்லது நம்பகமான மூலங்கள் போன்ற குறிப்பிட்ட விவரங்களை கொண்டிருக்காது."
"Credibility analysis can also be enhanced using crowdsourcing. Platforms like Twitter allow people to reply to or retweet a post. If many users point out that something is false, this collective signal can be used as an input for detection. However, crowdsourced signals may also be manipulated, so they must be combined with other features.","கிரவுட் சோர்சிங் மூலம் நம்பகத்தன்மை பகுப்பாய்வையும் மேம்படுத்தலாம். ட்விட்டர் போன்ற தளங்கள் ஒரு இடுகைக்கு பதிலளிக்கவோ அல்லது மறு ட்வீட் செய்யவோ மக்களை அனுமதிக்கின்றன. பல பயனர்கள் ஏதோ தவறு என்று சுட்டிக்காட்டினால், இந்த கூட்டு சமிக்ஞையை கண்டறிவதற்கான உள்ளீடாகப் பயன்படுத்தலாம். இருப்பினும், கிரவுட் சோர்ஸ் செய்யப்பட்ட சமிக்ஞைகளும் கையாளப்படலாம், எனவே அவை மற்ற அம்சங்களுடன் இணைக்கப்பட வேண்டும்.","க்ரூட் சோர்ஸிங் பயன்படுத்தி நம்பகத்தன்மை பகுப்பாய்வையும் மேம்படுத்தலாம். ட்விட்டர் போன்ற தளங்கள் ஒரு இடுகைக்கு பதிலளிக்க அல்லது மறு ட்வீட் செய்ய மக்களை அனுமதிக்கின்றன. ஏதேனும் ஒன்று தவறானது என்று பல பயனர்கள் சுட்டிக்காட்டினால், இந்த கூட்டு சமிக்ஞையை கண்டறிவதற்கான உள்ளீடாகப் பயன்படுத்தலாம். இருப்பினும், க்ரூட் சோர்ஸ் சிக்னல்களையும் கையாளலாம், எனவே அவை மற்ற அம்சங்களுடன் இணைக்கப்பட வேண்டும்.","நம்பகத்தன்மை (credibility) பகுப்பாய்வை கூட்டுக் crowdsourcing மூலமாகவும் மேம்படுத்தலாம். ட்விட்டர் போன்ற தளங்கள், பயனர்களை ஒரு பதிவிற்கு பதிலளிக்கவோ அல்லது அதை மீண்டும் retweet செய்யவோ அனுமதிக்கின்றன. பல பயனர்கள் ஏதேனும் தவறானது என்று சுட்டிக்காட்டினால், அந்தக் கூட்டு சிக்னல் (collective signal) கண்டறிதலுக்கான உள்ளீடாக பயன்படுத்தப்படலாம். எனினும், crowdsourced சிக்னல்கள் கூட மாற்றி அமைக்கப்படக்கூடும், எனவே அவை பிற அம்சங்களுடன் சேர்த்துப் பயன்படுத்தப்பட வேண்டும்."
"We should also note that credibility is not always binary—true or false. In many cases, information may be partially true, exaggerated, or evolving as new facts come in. Therefore, credibility detection systems must be designed to handle uncertainty and degrees of truth.","நம்பகத்தன்மை எப்போதும் பைனரி அல்ல என்பதையும் நாம் கவனத்தில் கொள்ள வேண்டும்-உண்மை அல்லது பொய். பல சந்தர்ப்பங்களில், புதிய உண்மைகள் வரும்போது தகவல் ஓரளவு உண்மையாக இருக்கலாம், மிகைப்படுத்தப்படலாம் அல்லது உருவாகலாம். எனவே, நம்பகத்தன்மை கண்டறிதல் அமைப்புகள் நிச்சயமற்ற தன்மை மற்றும் உண்மையின் அளவைக் கையாள வடிவமைக்கப்பட வேண்டும்.","நம்பகத்தன்மை எப்போதும் பைனரி அல்ல என்பதையும் நாம் கவனிக்க வேண்டும். - உண்மை அல்லது பொய் பல சந்தர்ப்பங்களில், தகவல் ஓரளவு உண்மையாக இருக்கலாம், மிகைப்படுத்தப்பட்டதாக இருக்கலாம் அல்லது புதிய உண்மைகள் வருவதால் உருவாகலாம். எனவே, நிச்சயமற்ற தன்மை மற்றும் உண்மை நிலைகளை கையாள நம்பகத்தன்மை கண்டறிதல் அமைப்புகள் வடிவமைக்கப்பட வேண்டும்.","நம்பகத்தன்மை எப்போதும் பைனரி உண்மை அல்லது பொய்—இல்லையென்பதையும் நாம் கவனிக்க வேண்டும். பல சந்தர்ப்பங்களில், தகவல்கள் பகுதியளவு உண்மையாகவோ, مبالغப்படுத்தப்பட்டதாகவோ, அல்லது புதிய உண்மைகள் வரும் போது மாறிக்கொண்டிருக்கக்கூடும். எனவே, நம்பகத்தன்மை கண்டறிதல் அமைப்புகள் (credibility detection systems) நிச்சயமின்மை (uncertainty) மற்றும் உண்மையின் படிநிலைகளை (degrees of truth) கையாளும் வகையில் வடிவமைக்கப்பட வேண்டும்."
"To summarize, credibility analysis in Online Social Media relies on a combination of user-based, propagation-based, and content-based features, often enhanced by crowdsourced feedback and machine learning classifiers. Case studies like the Boston Marathon blasts and Hurricane Sandy show why this is an urgent and important problem to solve.","சுருக்கமாக, ஆன்லைன் சமூக ஊடகங்களில் நம்பகத்தன்மை பகுப்பாய்வு பயனர் அடிப்படையிலான, பரப்புதல் அடிப்படையிலான மற்றும் உள்ளடக்க அடிப்படையிலான அம்சங்களின் கலவையை நம்பியுள்ளது, இது பெரும்பாலும் கூட்டத்தை ஆதரிக்கும் கருத்து மற்றும் இயந்திர கற்றல் வகைப்பாடுகளால் மேம்படுத்தப்படுகிறது. பாஸ்டன் மராத்தான் குண்டுவெடிப்புகள் மற்றும் சூறாவளி மணல் போன்ற வழக்கு ஆய்வுகள் இது ஏன் அவசரமான மற்றும் முக்கியமான பிரச்சினையாகும் என்பதைக் காட்டுகின்றன.","சுருக்கமாக, ஆன்லைன் சமூக ஊடகங்களில் நம்பகத்தன்மை பகுப்பாய்வு பயனர் அடிப்படையிலான, பரப்புதல் அடிப்படையிலான மற்றும் உள்ளடக்க அடிப்படையிலான அம்சங்களின் கலவையை நம்பியுள்ளது, பெரும்பாலும் கூட்டம் சார்ந்த கருத்து மற்றும் இயந்திர கற்றல் வகைப்படுத்திகளால் மேம்படுத்தப்படுகிறது போஸ்டன் மராத்தான் வெடிப்புகள் மற்றும் சாண்டி சூறாவளி போன்ற வழக்கு ஆய்வுகள் இது ஏன் தீர்க்க வேண்டிய அவசர மற்றும் முக்கியமான பிரச்சினை. என்பதைக் காட்டுகின்றன.","சுருக்கமாகச் சொல்வதானால், ஆன்லைன் சமூக ஊடகம் (Online Social Media)-இல் நம்பகத்தன்மை (credibility) பகுப்பாய்வு என்பது, பயனர் அடிப்படையிலான, பரவல் அடிப்படையிலான, மற்றும் உள்ளடக்க அடிப்படையிலான அம்சங்களின் (features) ஒருங்கிணைப்பைச் சார்ந்தது. இதை கூட்டுக் crowdsourced பின்னூட்டம் (feedback) மற்றும் machine learning classifiers ஆகியவற்றால் மேம்படுத்தலாம். Boston Marathon வெடிப்புகள் மற்றும் Hurricane Sandy போன்ற வழக்குக்கட்டங்கள் (case studies), ஏன் இது உடனடியாகத் தீர்க்க வேண்டிய முக்கிய பிரச்சினை என்பதை வெளிப்படுத்துகின்றன."
"Moving forward, researchers are exploring real-time credibility detection systems. The idea is to provide alerts or credibility scores as information spreads, so that users can make informed decisions about whether to trust or ignore certain posts during events.","முன்னேறி, ஆராய்ச்சியாளர்கள் நிகழ்நேர நம்பகத்தன்மை கண்டறிதல் அமைப்புகளை ஆராய்ந்து வருகின்றனர். தகவல் பரவும் போது எச்சரிக்கைகள் அல்லது நம்பகத்தன்மை மதிப்பெண்களை வழங்குவதே யோசனை, இதனால் நிகழ்வுகளின் போது சில இடுகைகளை நம்புகிறதா அல்லது புறக்கணிக்கிறதா என்பது குறித்து பயனர்கள் தகவலறிந்த முடிவுகளை எடுக்க முடியும்.","முன்னோக்கி நகரும் ஆராய்ச்சியாளர்கள் ரியல்-டைம் நம்பகத்தன்மை கண்டறிதல் அமைப்புகளை ஆராய்ந்து வருகின்றனர். தகவல் பரவுவதால் எச்சரிக்கைகள் அல்லது நம்பகத்தன்மை மதிப்பெண்களை வழங்குவதே யோசனை, இதனால் பயனர்கள் நிகழ்வுகளின் போது சில இடுகைகளை நம்புவதா அல்லது புறக்கணிப்பதா என்பது குறித்து தகவலறிந்த முடிவுகளை எடுக்க முடியும்.","முன்னேறிக் கொண்டிருக்கும் நிலையில், ஆராய்ச்சியாளர்கள் நேரடி (real-time) நம்பகத்தன்மை (credibility) கண்டறிதல் அமைப்புகளை ஆராய்ந்து வருகின்றனர். தகவல் பரவும்போது, எச்சரிக்கைகள் (alerts) அல்லது நம்பகத்தன்மை மதிப்பெண்களை (credibility scores) வழங்குவதே நோக்கம். இதனால், பயனர்கள் நிகழ்வுகளின் போது குறிப்பிட்ட பதிவுகளை நம்ப வேண்டுமா அல்லது புறக்கணிக்க வேண்டுமா என்பதை அறிவார்ந்த முறையில் தீர்மானிக்க முடியும்."
"Such systems often combine automated classifiers with visual dashboards. For example, a dashboard may show how information is propagating, highlight suspicious clusters, and display credibility scores assigned to each post. This provides both transparency and guidance to end users.","இத்தகைய அமைப்புகள் பெரும்பாலும் தானியங்கி வகைப்படுத்துபவர்களை காட்சி டாஷ்போர்டுகளுடன் இணைக்கின்றன. எடுத்துக்காட்டாக, ஒரு டாஷ்போர்டு தகவல் எவ்வாறு பரப்பப்படுகிறது என்பதைக் காட்டலாம், சந்தேகத்திற்கிடமான கொத்துக்களை முன்னிலைப்படுத்தலாம் மற்றும் ஒவ்வொரு இடுகைக்கும் ஒதுக்கப்பட்ட நம்பகத்தன்மை மதிப்பெண்களைக் காட்டலாம். இது இறுதி பயனர்களுக்கு வெளிப்படைத்தன்மை மற்றும் வழிகாட்டுதல் இரண்டையும் வழங்குகிறது.","இத்தகைய அமைப்புகள் பெரும்பாலும் தானியங்கி வகைப்படுத்திகளை காட்சி டாஷ்போர்டுகளுடன் இணைக்கின்றன. உதாரணமாக, ஒரு டாஷ்போர்டு தகவல் எவ்வாறு பரவுகிறது என்பதைக் காட்டலாம், சந்தேகத்திற்குரிய கிளஸ்டர்களை முன்னிலைப்படுத்தலாம் மற்றும் ஒவ்வொரு இடுகைக்கும் ஒதுக்கப்பட்ட நம்பகத்தன்மை மதிப்பெண்களைக் காட்டலாம். இது இறுதி பயனர்களுக்கு வெளிப்படைத்தன்மை மற்றும் வழிகாட்டுதல் இரண்டையும் வழங்குகிறது.","இத்தகைய அமைப்புகள் பொதுவாக தானியங்கி வகைப்பாட்டிகள் (automated classifiers) மற்றும் காட்சிப்படுத்தும் பலகைகள் ஆகியவற்றை இணைக்கின்றன. எடுத்துக்காட்டாக, ஒரு dashboard தகவல் எவ்வாறு பரவுகிறது என்பதை காட்டலாம், சந்தேகத்திற்கிடமான குழுக்களை (suspicious clusters) எடுத்துக்காட்டலாம், மேலும் ஒவ்வொரு பதிவுக்கும் வழங்கப்பட்ட நம்பகத்தன்மை மதிப்பெண்களை (credibility scores) காட்சிப்படுத்தலாம். இது இறுதி பயனர்களுக்கு வெளிப்படைத்தன்மையையும் (transparency), வழிகாட்டுதலையும் வழங்குகிறது."
"However, building these systems is challenging. First, collecting large-scale labeled data is difficult, because labeling requires human judgment. Second, adversaries may try to game the system by creating bots or fake accounts that mimic credible behavior. Third, credibility itself can be subjective in certain contexts.","இருப்பினும், இந்த அமைப்புகளை உருவாக்குவது சவாலானது. முதலாவதாக, பெரிய அளவிலான லேபிள் செய்யப்பட்ட தரவை சேகரிப்பது கடினம், ஏனெனில் லேபிளிங்கிற்கு மனித தீர்ப்பு தேவைப்படுகிறது. இரண்டாவதாக, எதிரிகள் நம்பகமான நடத்தையைப் பிரதிபலிக்கும் போட்கள் அல்லது போலி கணக்குகளை உருவாக்குவதன் மூலம் அமைப்பை விளையாட முயற்சிக்கலாம். மூன்றாவதாக, நம்பகத்தன்மை சில சூழல்களில் அகநிலைமாக இருக்கலாம்.","இருப்பினும், இந்த அமைப்புகளை உருவாக்குவது சவாலானது. முதலாவதாக, பெரிய அளவிலான பெயரிடப்பட்ட தரவைச் சேகரிப்பது கடினம், ஏனெனில் பெயரிடலுக்கு மனித தீர்ப்பு தேவைப்படுகிறது. இரண்டாவதாக, நம்பகமான நடத்தையை பிரதிபலிக்கும் போட்களை அல்லது போலி கணக்குகளை உருவாக்குவதன் மூலம் எதிரிகள் கணினியை விளையாட முயற்சி செய்யலாம். மூன்றாவதாக, சில சூழல்களில் நம்பகத்தன்மை என்பது அகநிலை சார்ந்ததாக இருக்கலாம்.","ஆனால், இத்தகைய அமைப்புகளை உருவாக்குவது சவாலாகும். முதலில், பெரிய அளவிலான குறிக்கப்பட்ட தரவுகளை (labeled data) சேகரிப்பது கடினம், ஏனெனில் குறிக்க (label) மனித தீர்மானம் (human judgment) தேவைப்படுகிறது. இரண்டாவது, எதிரிகள் (adversaries) நம்பகமான நடத்தை போல நடக்கும் bots அல்லது போலியான கணக்குகளை (fake accounts) உருவாக்கி அமைப்பை ஏமாற்ற முயற்சிக்கலாம். மூன்றாவது, சில சூழல்களில் நம்பகத்தன்மை (credibility) தானே ஒரு தனிப்பட்ட கருத்தாக (subjective) இருக்கக்கூடும்."
"Despite these challenges, credibility detection is an active area of research in the field of Online Social Media. With the increasing role of platforms like Twitter and Facebook in shaping public opinion, ensuring that users can distinguish between true and false information is more important than ever.","இந்த சவால்கள் இருந்தபோதிலும், நம்பகத்தன்மையைக் கண்டறிவது ஆன்லைன் சமூக ஊடகத் துறையில் தீவிர ஆராய்ச்சியின் ஒரு பகுதியாகும். பொதுக் கருத்தை வடிவமைப்பதில் ட்விட்டர் மற்றும் பேஸ்புக் போன்ற தளங்களின் பங்கு அதிகரித்து வருவதால், பயனர்கள் உண்மையான மற்றும் தவறான தகவல்களுக்கு இடையில் வேறுபடுத்திக் காட்ட முடியும் என்பதை உறுதிப்படுத்துவது முன்னெப்போதையும் விட முக்கியமானது.","இந்த சவால்கள் இருந்தபோதிலும், நம்பகத்தன்மை கண்டறிதல் என்பது ஆன்லைன் சமூக ஊடகத் துறையில் ஒரு செயலில் உள்ள ஆராய்ச்சிப் பகுதியாகும். பொதுமக்களின் கருத்தை வடிவமைப்பதில் ட்விட்டர் மற்றும் பேஸ்புக் போன்ற தளங்களின் அதிகரித்து வரும் பங்கைக் கொண்டு, பயனர்கள் உண்மை மற்றும் தவறான தகவல்களை வேறுபடுத்திப் பார்க்க முடியும் என்பதை உறுதிப்படுத்துவது முன்னெப்போதையும் விட முக்கியமானது.","இந்த சவால்களிருந்தபோதிலும், நம்பகத்தன்மை (credibility) கண்டறிதல் என்பது ஆன்லைன் சமூக ஊடகம் (Online Social Media) துறையில் ஒரு செயலில் உள்ள (active) ஆராய்ச்சி துறையாக உள்ளது. பொதுமக்களின் கருத்துக்களை உருவாக்குவதில் Twitter மற்றும் Facebook போன்ற தளங்களின் பங்கு அதிகரித்து வரும் நிலையில், பயனர்கள் உண்மை மற்றும் பொய்யான தகவல்களை வேறுபடுத்திக் கொள்ள முடிவது இதுவரை இல்லாத அளவுக்கு முக்கியமானதாக உள்ளது."
"In the next lecture, we will look at privacy issues in Online Social Media. While credibility deals with whether information is true or false, privacy deals with how information, even if true, should or should not be shared. Both are critical to understanding the risks and responsibilities of using these platforms.","அடுத்த சொற்பொழிவில், ஆன்லைன் சமூக ஊடகங்களில் உள்ள தனியுரிமை பிரச்சினைகளைப் பார்ப்போம். தகவல் உண்மையா அல்லது பொய்யா என்பதை நம்பகத்தன்மை கையாளும் அதே வேளையில், தகவல் உண்மையாக இருந்தாலும், அதை எவ்வாறு பகிர்ந்து கொள்ள வேண்டும் அல்லது பகிர்ந்து கொள்ளக்கூடாது என்பதை தனியுரிமை கையாள்கிறது. இந்த தளங்களைப் பயன்படுத்துவதன் அபாயங்கள் மற்றும் பொறுப்புகளைப் புரிந்துகொள்வதற்கு இரண்டும் முக்கியமானவை.","அடுத்த சொற்பொழிவில், ஆன்லைன் சமூக ஊடகங்களில் தனியுரிமை சிக்கல்களைப் பார்ப்போம். தகவல் உண்மை அல்லது தவறானதா என்பதை நம்பகத்தன்மை கையாளும் போது, தனியுரிமை என்பது உண்மை என்றாலும், தகவல் எவ்வாறு பகிரப்பட வேண்டும் அல்லது பகிரப்படக்கூடாது என்பதைக் கையாள்கிறது. இந்த தளங்களைப் பயன்படுத்துவதன் அபாயங்களையும் பொறுப்புகளையும் புரிந்துகொள்வதற்கு இரண்டும் முக்கியம்.","அடுத்த விரிவுரையில், நாம் ஆன்லைன் சமூக ஊடகம் (Online Social Media)-இல் தனியுரிமை (privacy) பிரச்சினைகளைப் பார்க்கப்போகிறோம். நம்பகத்தன்மை (credibility) என்பது தகவல் உண்மையா பொய்யா என்பதைப் பற்றியதாக இருந்தாலும், தனியுரிமை என்பது—even if true—தகவல் எவ்வாறு பகிரப்பட வேண்டும் அல்லது பகிரப்படக்கூடாது என்பதைக் குறிக்கும். இந்த இரண்டும், இந்த தளங்களைப் பயன்படுத்துவதில் உள்ள அபாயங்கள் (risks) மற்றும் பொறுப்புகளை (responsibilities) புரிந்துகொள்வதில் முக்கியமானவை."
"Welcome back to the course Privacy and Security in Online Social Media, this is week 3. Let me go over what we covered in week 2. We started looking at what an API is, and then we looked at Python Programming Languages, MongoDB, how the data is stored, and how we can visualize the data using PhpMyAdmin or RoboMongo. I hope all of you have already done hands-on exercises and practices with Facebook API and Twitter API.","ஆன்லைன் சமூக ஊடகங்களில் தனியுரிமை மற்றும் பாதுகாப்பு பாடநெறிக்கு மீண்டும் வரவேற்கிறோம், இது வாரம் 3. 2வது வாரத்தில் நாம் கவர் செய்ததை நான் கடந்து செல்வேன். ஒரு ஏபிஐ என்றால் என்ன என்பதைப் பார்க்கத் தொடங்கினோம், பின்னர் பைத்தான் நிரலாக்க மொழிகள், மோங்கோடிபி, தரவு எவ்வாறு சேமிக்கப்படுகிறது மற்றும் பிஎச்பிமியாட்மின் அல்லது ரோபோமோங்கோவைப் பயன்படுத்தி தரவை எவ்வாறு காட்சிப்படுத்தலாம் என்பதைப் பார்த்தோம். நீங்கள் அனைவரும் ஏற்கனவே ஃபேஸ்புக் ஏபிஐ மற்றும் ட்விட்டர் ஏபிஐ மூலம் பயிற்சிகளையும் பயிற்சிகளையும் செய்துள்ளீர்கள் என்று நம்புகிறேன்.","ஆன்லைன் சமூக ஊடகங்களில் தனியுரிமை மற்றும் பாதுகாப்பு பாடத்திற்கு மீண்டும் வருக, இது வாரம் 3 ஆகும். இரண்டாவது வாரத்தில் நாம் பார்த்ததைப் பற்றி பார்ப்போம். ஒரு API என்றால் என்ன என்பதைப் பார்க்கத் தொடங்கினோம், பின்னர் பைதான் ப்ரோக்ராம்மிங் லாங்குவேஜ்கள், மோங்கோடிபி, டேட்டா எவ்வாறு சேமிக்கப்படுகிறது, மேலும் PhpMyAdmin அல்லது RoboMongo ஐப் பயன்படுத்தி டேட்டாவை எவ்வாறு காட்சிப்படுத்தலாம் என்பதைப் பார்த்தோம். நீங்கள் அனைவரும் ஏற்கனவே பேஸ்புக் ஏபிஐ மற்றும் ட்விட்டர் ஏபிஐ உடன் பயிற்சிகள் மற்றும் நடைமுறைகளை செய்துள்ளீர்கள் என்று நம்புகிறேன்","பேஸ்புக், ட்விட்டர் API உடன் ஹேண்ட்ஸ்-ஆன் பயிற்சிகளை நீங்கள் அனைவரும் செய்திருப்பீர்கள் என்று நம்புகிறேன். சொஷியல் மீடியாவில் தனியுரிமை மற்றும் பாதுகாப்பு பாடத்திற்கு மீண்டும் வரவேற்கிறேன், இது வாரம் 3. வாரம் 2ல் நாம் என்ன கற்றுக்கொண்டோம் என்பதைக் கடைசியில் பார்ப்போம். முதலில், API என்றால் என்ன என்பதைக் கண்டோம், அதன்பின் Python Programming Languages, மோங்கோடிபி, தரவுகள் எவ்வாறு சேமிக்கப்படுகின்றன, மற்றும் PhpMyAdmin அல்லது ரோபோமொங்கோ பயன்படுத்தி தரவுகளை காட்சிப்படுத்துவது எப்படி என்பதைக் கண்டோம்."
"After that, we looked at the topic Trust and Credibility. In that, we examined multiple events, and through these events, we explored some key concepts. Here is a slide that I used in week 2, showing that truthful information reaches social media slower than rumors, and there are multiple techniques to address this problem.","அதன் பிறகு, நம்பிக்கை மற்றும் நம்பகத்தன்மை என்ற தலைப்பைப் பார்த்தோம். அதில், நாங்கள் பல நிகழ்வுகளை ஆராய்ந்தோம், இந்த நிகழ்வுகள் மூலம், சில முக்கிய கருத்துக்களை ஆராய்ந்தோம். 2வது வாரத்தில் நான் பயன்படுத்திய ஒரு ஸ்லைடு இங்கே, வதந்திகளை விட உண்மையான தகவல்கள் சமூக ஊடகங்களை மெதுவாக அடைகின்றன என்பதையும், இந்த சிக்கலைத் தீர்க்க பல நுட்பங்கள் உள்ளன என்பதையும் காட்டுகிறது.","அதன் பிறகு, நாம் நம்பிக்கை மற்றும் நம்பகத்தன்மை என்ற தலைப்பைப் பார்த்தோம். அதில், நாம் பல நிகழ்வுகளை ஆய்வு செய்தோம், இந்த நிகழ்வுகள் மூலம், சில முக்கிய கருத்துக்களை ஆராய்ந்தோம். வதந்திகளை விட உண்மையான தகவல்கள் சமூக ஊடகங்களை மெதுவாக அடைகின்றன என்பதைக் காட்டும் 2 வது வாரத்தில் நான் பயன்படுத்திய ஒரு ஸ்லைடு இங்கே உள்ளது, மேலும் இந்த சிக்கலை தீர்க்க பல நுட்பங்கள் உள்ளன.","அதன்பிறகு நம்பகத்தன்மை (Trust and Credibility) என்ற தலைப்பை பார்த்தோம். இதில், பல நிகழ்வுகளை ஆய்வு செய்து, அவற்றின் மூலம் சில முக்கியக் கருத்துக்களை கண்டறிந்தோம். வாரம் 2ல் நான் பயன்படுத்திய ஸ்லைடு இங்கே உள்ளது, உண்மையான தகவல் சொஷியல் மீடியாவில் கசப்பான தகவல்களை விட மெதுவாக பரவுகிறது என்பதை காட்டுகிறது, மற்றும் இந்த பிரச்சினையை தீர்க்க பல நுட்பங்கள் உள்ளன."
"I also showed some examples of misinformation, such as tweets posted on social media that went viral, affected stock market values, and spread rumors. For instance, during Hurricane Sandy, a viral image caused public concern. The aim was to give you intuition about how analysis can be done — particularly, who, when, where, what, why, and how","சமூக ஊடகங்களில் வெளியிடப்பட்ட ட்வீட்கள் வைரலாகியது, பங்குச் சந்தை மதிப்புகளை பாதித்தது மற்றும் வதந்திகளைப் பரப்பியது போன்ற தவறான தகவல்களின் சில எடுத்துக்காட்டுகளையும் நான் காட்டினேன். உதாரணமாக, மணல் சூறாவளியின் போது, ஒரு வைரல் படம் பொது கவலையை ஏற்படுத்தியது. பகுப்பாய்வு எவ்வாறு செய்யப்படலாம் என்பது பற்றிய உள்ளுணர்வை உங்களுக்கு வழங்குவதே இதன் நோக்கமாக இருந்தது-குறிப்பாக, யார், எப்போது, எங்கே, என்ன, ஏன், எப்படி","சமூக ஊடகங்களில் வெளியிடப்பட்ட ட்வீட்ஸ் போன்ற தவறான தகவல்களின் சில எடுத்துக்காட்டுகளையும் நான் காட்டினேன், அவை வைரலாகி, பங்குச் சந்தை மதிப்புகளை பாதித்தன, வதந்திகளை பரப்பின. உதாரணமாக, சாண்டி சூறாவளியின் போது, வைரலாகும் ஒரு படம் பொதுமக்களுக்கு கவலையை ஏற்படுத்தியது. பகுப்பாய்வு எவ்வாறு செய்யப்படலாம் என்பது பற்றிய உள்ளுணர்வை உங்களுக்கு வழங்குவதே இதன் நோக்கம். - குறிப்பாக, யார், எப்போது, எங்கே, என்ன, ஏன், எப்படி?","நான் சில தவறான தகவல் எடுத்துக்காட்டுகளையும் காட்டினேன், உதாரணமாக சொஷியல் மீடியாவில் பதிவான ட்வீட்டுகள் வைரலாக பரவின, பங்கு சந்தை மதிப்புகள் பாதிக்கப்பட்டன, மற்றும் கசப்பான தகவல்கள் பரவின. ஹரிகேன் சாண்டி போது, ஒரு வைரல் படம் பொதுமக்களுக்கு கவலை ஏற்படுத்தியது. நோக்கம், எவ்வாறு பகுப்பாய்வு செய்யலாம் என்பதற்கான உணர்வை உங்களுக்கு வழங்குவது — குறிப்பாக யார், எப்போது, எங்கு, என்ன, ஏன் மற்றும் எப்படி."
"Then, we looked at different features available in tweets, particularly user features and tweet features, and discussed how these features can be combined to create a classifier to detect whether a tweet is legitimate or fake.","பின்னர், ட்வீட்களில் கிடைக்கும் வெவ்வேறு அம்சங்களை, குறிப்பாக பயனர் அம்சங்கள் மற்றும் ட்வீட் அம்சங்களைப் பார்த்தோம், மேலும் ஒரு ட்வீட் முறையானதா அல்லது போலியானதா என்பதைக் கண்டறிய ஒரு வகைப்பாட்டை உருவாக்க இந்த அம்சங்களை எவ்வாறு இணைக்கலாம் என்பதைப் பற்றி விவாதித்தோம்.","பின்னர், ட்வீட்களில் கிடைக்கும் வெவ்வேறு அம்சங்களைப் பார்த்தோம், குறிப்பாக பயனர் அம்சங்கள் மற்றும் ட்வீட் அம்சங்கள், மேலும், ஒரு ட்வீட் முறையானதா அல்லது போலிதானா என்பதைக் கண்டறிய ஒரு வகைப்படுத்தியை உருவாக்க இந்த அம்சங்களை எவ்வாறு இணைக்க முடியும் என்பதைப் பற்றி விவாதித்தோம்.","பிறகு, ட்வீட்டுகளில் உள்ள வெவ்வேறு அம்சங்களை பார்த்தோம், குறிப்பாக பயனர் அம்சங்கள் மற்றும் ட்வீட் அம்சங்கள், மற்றும் இந்த அம்சங்களை இணைத்து ட்வீட் சட்டசபையா அல்லது தவறானதா என்பதை கண்டறியும் வகுப்பி உருவாக்க எப்படி என்பதைக் கலந்துரையாடினோம்."
"Some examples include the Boston Marathon incident where a tweet saying ""RIP to the 8-year-old who died in Boston explosion"" was retweeted more than 30,000 times, and malicious users exploited such events to spread malicious URLs.","சில எடுத்துக்காட்டுகளில் பாஸ்டன் மராத்தான் சம்பவம் அடங்கும், அங்கு ""பாஸ்டன் வெடிப்பில் இறந்த 8 வயது குழந்தைக்கு ரிப்"" என்று ஒரு ட்வீட் 30,000 க்கும் மேற்பட்ட முறை மறு ட்வீட் செய்யப்பட்டது, மேலும் தீங்கிழைக்கும் பயனர்கள் தீங்கிழைக்கும் யுஆர்எல்எஸ் பரப்புவதற்கு அத்தகைய நிகழ்வுகளை சுரண்டினர்.","சில எடுத்துக்காட்டுகளில் பாஸ்டன் மராத்தான் சம்பவம் அடங்கும், அங்கு ""பாஸ்டன் வெடிப்பில் இறந்த 8 வயது சிறுவனுக்கு RIP"" என்று ஒரு ட்வீட் 30,000 க்கும் மேற்பட்ட முறை மறு ட்வீட் செய்யப்பட்டது, மேலும் தீங்கிழைக்கும் பயனர்கள் தீங்கிழைக்கும் URL களை பரப்ப இதுபோன்ற நிகழ்வுகளைப் பயன்படுத்தினர்.","குறிப்பாக, பாஸ்டன் மாரத்தான் சம்பவத்தில், ""பாஸ்டன் வெடிப்பு மூலம் உயிரிழந்த 8 வயது குழந்தைக்கு RIP"" என்று ட்வீட் 30,000 முறை மீட்ட்வீட்டிங் செய்யப்பட்டது, மேலும் தீய நோக்கமுள்ள பயனர்கள் இப்படியொரு நிகழ்வுகளை தவறான URLகளை பரப்ப பயன்படுத்தினர்."
"We also discussed how social media data can be represented, spikes in tweets correlate with real-world events, and Geo-Located tweets show where tweets are coming from.","சமூக ஊடக தரவுகளை எவ்வாறு பிரதிநிதித்துவப்படுத்தலாம், நிஜ உலக நிகழ்வுகளுடன் தொடர்புடைய ட்வீட்களில் அதிகரிப்புகள் மற்றும் புவி சார்ந்த ட்வீட்கள் ட்வீட்கள் எங்கிருந்து வருகின்றன என்பதைக் காட்டுகின்றன என்பதையும் நாங்கள் விவாதித்தோம்.","சமூக ஊடகத் தரவை எவ்வாறு பிரதிநிதித்துவப்படுத்தலாம், ட்வீட்களில் உள்ள ஸ்பைக்குகள் உண்மையான உலக நிகழ்வுகளுடன் தொடர்புபடுத்துகின்றன என்பதையும், புவி-இருப்பிட ட்வீட்கள் ட்வீட்கள் எங்கிருந்து வருகின்றன என்பதைக் காட்டுகின்றன என்பதையும் நாங்கள் விவாதித்தோம்.","சொஷியல் மீடியா தரவுகள் எவ்வாறு பிரதிபலிக்கப்படலாம், ட்வீட்டுகளில் ஏற்படும் உயர்வுகள் உண்மையான நிகழ்வுகளுடன் தொடர்புடையவை, மற்றும் ஜியோ-லொகேட்டட் ட்வீட்டுகள் ட்வீட்டுகள் எங்கு இருந்து வருகிறது என்பதைக் காட்டும் என்பதைப் பற்றி பேசினோம்."
"We looked at how communities posting fake content are often closely connected, forming closed communities. We also discussed architecture diagrams showing how data is collected, annotated, verified, features generated, models developed, and evaluation metrics applied.","போலி உள்ளடக்கத்தை இடுகையிடும் சமூகங்கள் பெரும்பாலும் நெருக்கமாக இணைக்கப்பட்டு, மூடிய சமூகங்களை உருவாக்குகின்றன என்பதை நாங்கள் பார்த்தோம். தரவு எவ்வாறு சேகரிக்கப்படுகிறது, விளக்கப்பட்டுள்ளது, சரிபார்க்கப்பட்டுள்ளது, அம்சங்கள் உருவாக்கப்பட்டுள்ளன, மாதிரிகள் உருவாக்கப்பட்டுள்ளன மற்றும் மதிப்பீட்டு அளவீடுகள் பயன்படுத்தப்படுகின்றன என்பதைக் காட்டும் கட்டிடக்கலை வரைபடங்களையும் நாங்கள் விவாதித்தோம்.","போலி உள்ளடக்கத்தை இடுகையிடும் சமூகங்கள் பெரும்பாலும் நெருக்கமாக எவ்வாறு இணைக்கப்பட்டுள்ளன, மூடிய சமூகங்களை உருவாக்குகின்றன என்பதை நாங்கள் பார்த்தோம். தரவு எவ்வாறு சேகரிக்கப்படுகிறது, சிறுகுறிப்பு, சரிபார்க்கப்பட்டது, உருவாக்கப்பட்ட அம்சங்கள், உருவாக்கப்பட்ட மாதிரிகள் மற்றும் மதிப்பீட்டு அளவீடுகள் எவ்வாறு பயன்படுத்தப்படுகின்றன என்பதைக் காட்டும் கட்டிடக்கலை வரைபடங்களையும் நாங்கள் விவாதித்தோம்.","தவறான உள்ளடக்கங்களைப் பதிவேற்றும் சமூகங்கள் பெரும்பாலும் நெருக்கமாக இணைக்கப்பட்டிருப்பதை, மூடப்பட்ட சமூகங்களை உருவாக்குவதை நாங்கள் பார்த்தோம். மேலும் தரவுகள் எவ்வாறு சேகரிக்கப்படுகின்றன, குறிக்கோள் கொடுக்கப்படுகின்றன, சரிபார்க்கப்படுகின்றன, அம்சங்கள் உருவாக்கப்படுகின்றன, மாதிரிகள் உருவாக்கப்படுகின்றன மற்றும் மதிப்பீட்டு அளவைகள் செயல்படுத்தப்படுகின்றன என்பதைக் காட்டும் கட்டமைப்பு வரைபடங்களைப் பற்றியும் கலந்துரையாடினோம்."
"Then I showed you a plugin called TweetCred. Some of you may have played around with it to see how tweets are evaluated, and how a score out of 7 is presented to the user.","பின்னர் நான் உங்களுக்கு ட்வீட்கிரெட் என்ற சொருகி காட்டினேன். ட்வீட்கள் எவ்வாறு மதிப்பிடப்படுகின்றன என்பதையும், 7 இல் ஒரு மதிப்பெண் பயனருக்கு எவ்வாறு வழங்கப்படுகிறது என்பதையும் பார்க்க உங்களில் சிலர் அதனுடன் விளையாடியிருக்கலாம்.","ட்வீட்களை எவ்வாறு மதிப்பீடு செய்கிறோம், 7 இல் ஒரு மதிப்பெண் பயனருக்கு எவ்வாறு வழங்கப்படுகிறது என்பதைப் பார்க்க உங்களில் சிலர் ட்வீட்க்ரெட் என்று அழைக்கப்படும் ஒரு செருகுநிரலைக் காட்டியிருக்கலாம்.","பிறகு, ட்வீட் கிரெட் (TweetCred) என்ற பிளகின் ஒன்றை நான் உங்களிடம் காட்டினேன். சிலர் இதன் மூலம் ட்வீட்டுகள் எவ்வாறு மதிப்பீடு செய்யப்படுகின்றன, மற்றும் 7 மதிப்பில் ஒரு ஸ்கோர் பயனருக்கு எவ்வாறு வழங்கப்படுகிறது என்பதைக் கண்டுபார்த்திருக்கலாம்."
"Now, I want to cover how we can take this understanding of Twitter and apply it to other social networks, particularly Facebook. In week 1, we discussed that Facebook is a bi-directional network and Twitter is a unidirectional network. Their structures and features are different, with Twitter having followers/following, and Facebook having friends.","இப்போது, ட்விட்டரைப் பற்றிய இந்த புரிதலை நாம் எவ்வாறு எடுத்துக் கொண்டு மற்ற சமூக வலைப்பின்னல்களுக்கு, குறிப்பாக ஃபேஸ்புக்கிற்கு பயன்படுத்தலாம் என்பதை நான் உள்ளடக்க விரும்புகிறேன். முதல் வாரத்தில், ஃபேஸ்புக் ஒரு இரு திசை நெட்வொர்க் என்றும் ட்விட்டர் ஒரு திசை நெட்வொர்க் என்றும் விவாதித்தோம். ட்விட்டருக்கு பின்தொடர்பவர்கள்/பின்தொடர்பவர்கள் மற்றும் ஃபேஸ்புக்கிற்கு நண்பர்கள் இருப்பதால் அவற்றின் கட்டமைப்புகள் மற்றும் அம்சங்கள் வேறுபட்டவை.","இப்போது, ட்விட்டரைப் பற்றிய இந்த புரிதலை நாம் எவ்வாறு மற்ற சமூக வலைப்பின்னல்களுக்கு, குறிப்பாக பேஸ்புக்கிற்குப் பயன்படுத்தலாம் என்பதை நான் மறைக்க விரும்புகிறேன். முதல் வாரத்தில், பேஸ்புக் ஒரு இரு-திசை நெட்வொர்க் மற்றும் ட்விட்டர் ஒரு ஒருமுக நெட்வொர்க் என்று விவாதித்தோம். அவற்றின் கட்டமைப்புகள் மற்றும் அம்சங்கள் வேறுபட்டவை, ட்விட்டரில் பின்தொடர்பவர்கள், / பின்தொடர்பவர்கள் மற்றும் பேஸ்புக்கில் நண்பர்கள் உள்ளனர்","இப்போது, ட்விட்டர் பற்றிய இந்தப் புரிதலை எவ்வாறு பிற சொஷியல் மீடியா நெட்வொர்க்குகளில், குறிப்பாக பேஸ்புக்-இல் பயன்படுத்தலாம் என்பதைக் காண விரும்புகிறேன். வாரம் 1ல், பேஸ்புக் இருமுக நெட்வொர்க் (bi-directional network) மற்றும் ட்விட்டர் ஒருமுக நெட்வொர்க் (unidirectional network) என்பதைப் பற்றி பேசியோம். அவற்றின் கட்டமைப்புகள் மற்றும் அம்சங்கள் வேறுபட்டவை, ட்விட்டரில் followers/following இருக்கும் போது, பேஸ்புக்கில் friends இருப்பது."
"In Facebook, connections are more personal, so posts from friends are likely to be more truthful. Given these differences, we can also use models developed for Twitter and apply them to Facebook.","ஃபேஸ்புக்கில், இணைப்புகள் மிகவும் தனிப்பட்டவை, எனவே நண்பர்களின் இடுகைகள் மிகவும் உண்மையாக இருக்க வாய்ப்புள்ளது. இந்த வேறுபாடுகளைக் கருத்தில் கொண்டு, ட்விட்டருக்கு உருவாக்கப்பட்ட மாதிரிகளையும் நாம் பயன்படுத்தலாம் மற்றும் அவற்றை ஃபேஸ்புக்கில் பயன்படுத்தலாம்.","பேஸ்புக்கில், இணைப்புகள் மிகவும் தனிப்பட்டவை, எனவே நண்பர்களிடமிருந்து வரும் பதிவுகள் மிகவும் உண்மையாக இருக்கும். இந்த வேறுபாடுகளைக் கருத்தில் கொண்டு, ட்விட்டருக்கு உருவாக்கப்பட்ட மாதிரிகளையும் பயன்படுத்தி அவற்றை பேஸ்புக்கில் பயன்படுத்தலாம்.","பேஸ்புக்கில், இணைப்புகள் தனிப்பட்டவை, எனவே நண்பர்களிடமிருந்து வரும் பதிவுகள் அதிகமாக உண்மையானவை என்று கருதலாம். இந்த வேறுபாடுகளை கருத்தில் கொண்டு, ட்விட்டர்-க்கு உருவாக்கப்பட்ட மாதிரிகளைப் பேஸ்புக்கில் பயன்படுத்தலாம்."
"The architecture for Facebook is almost the same as for Twitter, but presented slightly differently. FBI stands for Facebook Inspector, a tool similar to TweetCred, which evaluates posts from the Facebook Graph API to judge whether they are malicious, credible, or trustworthy.","ஃபேஸ்புக்கின் கட்டமைப்பு ட்விட்டரைப் போலவே உள்ளது, ஆனால் சற்று வித்தியாசமாக வழங்கப்படுகிறது. எஃப். பி. ஐ என்பது ஃபேஸ்புக் இன்ஸ்பெக்டரைக் குறிக்கிறது, இது ட்வீட்கிரெட்டைப் போன்ற ஒரு கருவியாகும், இது ஃபேஸ்புக் வரைபட ஏபிஐயின் இடுகைகள் தீங்கிழைக்கும், நம்பகமானவை அல்லது நம்பகமானவை என்பதை தீர்மானிக்க மதிப்பீடு செய்கிறது.","பேஸ்புக்கிற்கான கட்டமைப்பு கிட்டத்தட்ட ட்விட்டருக்கு ஒத்ததாக இருக்கிறது, ஆனால் சற்று வித்தியாசமாக வழங்கப்படுகிறது. FBI என்பது பேஸ்புக் இன்ஸ்பெக்டரைக் குறிக்கிறது, இது ட்வீட்க்ரெட்டைப் போன்ற ஒரு கருவியாகும், இது பேஸ்புக் கிராஃப் API இலிருந்து இடுகைகளை தீங்கிழைக்கும், நம்பகமானதா அல்லது நம்பகமானதா என்பதை தீர்மானிக்க மதிப்பீடு செய்கிறது.","பேஸ்புக்கின் கட்டமைப்பு ட்விட்டர் போலவே இருக்கிறது, ஆனால் சிறிது வேறுபட்ட முறையில் வழங்கப்பட்டுள்ளது. FBI என்பது Facebook Inspector என்றதை குறிக்கிறது, இது TweetCred போல ஒரு கருவி, பேஸ்புக் கிராப் API-லிருந்து பதிவுகளை மதிப்பீடு செய்து அவை தீய நோக்கமுள்ளதா, நம்பகமானதா, அல்லது விசுவாசத்தக்கதா என்பதை தீர்மானிக்கிறது."
"The process involves taking the post, extracting features, understanding ground truth, creating feature vectors, developing a supervised learning model using collected data, and creating a RESTful API to check if a post is malicious.","இந்த செயல்முறை இடுகையை எடுப்பது, அம்சங்களை பிரித்தெடுப்பது, அடிப்படை உண்மையைப் புரிந்துகொள்வது, அம்ச திசையன்களை உருவாக்குவது, சேகரிக்கப்பட்ட தரவைப் பயன்படுத்தி மேற்பார்வை செய்யப்பட்ட கற்றல் மாதிரியை உருவாக்குவது மற்றும் ஒரு இடுகை தீங்கிழைக்கும் என்பதைச் சரிபார்க்க ஒரு நிதானமான ஏபிஐயை உருவாக்குவது ஆகியவை அடங்கும்.","இந்த செயல்முறை இடுகையை எடுத்துக்கொள்வது, அம்சங்களை பிரித்தெடுப்பது, தரை உண்மையைப் புரிந்துகொள்வது, அம்ச திசையன்களை உருவாக்குதல், சேகரிக்கப்பட்ட தரவைப் பயன்படுத்தி மேற்பார்வையிடப்பட்ட கற்றல் மாதிரியை உருவாக்குதல் மற்றும் ஒரு இடுகை தீங்கிழைக்கிறதா என்பதைச் சரிபார்க்க ஒரு RESTful API ஐ உருவாக்குதல் ஆகியவற்றை உள்ளடக்கியது.","இந்த செயல்முறை பதிவை எடுத்துக்கொண்டு, அம்சங்களை ஈடுபடுத்தி, தரம் உண்மை (ground truth) புரிந்து, அம்ச வெக்டர்கள் உருவாக்கி, சேகரிக்கப்பட்ட தரவைப் பயன்படுத்தி ஒரு supervised learning மாதிரி உருவாக்கி, ஒரு RESTful API உருவாக்குவதைக் கொண்டுள்ளது, இது பதிவுகள் தீய நோக்கமுள்ளதா எனச் சரிபார்க்க உதவுகிறது."
"This architecture is very similar to TweetCred, so we won’t spend much time on details. Questions can be asked in the forum.","இந்த கட்டமைப்பு ட்வீட்கிரெட்டைப் போன்றது, எனவே விவரங்களுக்கு நாங்கள் அதிக நேரம் செலவிட மாட்டோம். மன்றத்தில் கேள்விகளைக் கேட்கலாம்.","இந்த கட்டமைப்பு TweetCred ஐப் போன்றது, எனவே விவரங்களுக்கு அதிக நேரம் செலவிட மாட்டோம். கேள்விகளை மன்றத்தில் கேட்கலாம்.","இந்த கட்டமைப்பு TweetCred-க்கு மிகவும் ஒத்ததாக உள்ளது, எனவே விரிவான விவரங்களில் அதிக நேரம் செலவிட தேவையில்லை. கேள்விகள் இருந்தால், நீங்கள் ஃபோரத்தில் கேட்கலாம்."
"Another concept mentioned in TweetCred is Web of Trust (WOT). It takes a domain and produces a score, similar to TweetCred, indicating whether a domain is malicious or safe","ட்வீட்கிரெட்டில் குறிப்பிடப்பட்டுள்ள மற்றொரு கருத்து நம்பிக்கையின் வலை (வாட்). இது ஒரு டொமைனை எடுத்து ட்வீட்கிரெட் போன்ற ஒரு மதிப்பெண்ணை உருவாக்குகிறது, இது ஒரு டொமைன் தீங்கிழைக்கும் அல்லது பாதுகாப்பானதா என்பதைக் குறிக்கிறது.","TweetCred இல் குறிப்பிடப்பட்டுள்ள மற்றொரு கருத்து Web of Trust (WOT) ஆகும். இது ஒரு டொமைனை எடுத்து TweetCred போன்ற ஒரு மதிப்பெண்ணை உருவாக்குகிறது, இது ஒரு டொமைன் தீங்கிழைக்கும் அல்லது பாதுகாப்பானதா என்பதைக் குறிக்கிறது.","TweetCred-ல் குறிப்பிடப்பட்ட மற்றொரு கருத்து Web of Trust (WOT) ஆகும். இது ஒரு domain-ஐ எடுத்து, TweetCred போல ஒரு ஸ்கோர் வழங்குகிறது, அந்த domain தீய நோக்கமுள்ளதா அல்லது பாதுகாப்பானதா என்பதைக் காட்டுகிறது."
"Features like how long a domain has been registered and who registered it can also be used to make judgments. Web of Trust provides ratings such as excellent, good, satisfactory, poor, and very poor.","ஒரு டொமைன் எவ்வளவு காலம் பதிவு செய்யப்பட்டுள்ளது, அதை யார் பதிவு செய்தார்கள் போன்ற அம்சங்களும் தீர்ப்புகளை வழங்க பயன்படுத்தப்படலாம். நம்பிக்கையின் வலை சிறந்த, நல்ல, திருப்திகரமான, மோசமான மற்றும் மிகவும் மோசமான மதிப்பீடுகளை வழங்குகிறது.","ஒரு டொமைன் எவ்வளவு காலமாக பதிவு செய்யப்பட்டுள்ளது மற்றும் யார் அதை பதிவு செய்தார்கள் போன்ற அம்சங்களும் தீர்ப்புகளை வழங்க பயன்படுத்தப்படலாம். Web of Trust சிறந்த, நல்ல, திருப்திகரமான, மோசமான மற்றும் மிகவும் மோசமான மதிப்பீடுகளை வழங்குகிறது.","ஒரு domain எவ்வளவு காலமாக பதிவு செய்யப்பட்டிருக்கிறது, யார் அதை பதிவு செய்தார்கள் போன்ற அம்சங்களும் தீர்மானம் செய்ய பயன்படுத்தப்படலாம். Web of Trust சிறந்தது (excellent), நன்று (good), திருப்திகரமானது (satisfactory), மோசமானது (poor), மிகவும் மோசமானது (very poor) என்ற மதிப்பீடுகளை வழங்குகிறது."
"For example, if you check iiit.edu.in, Web of Trust returns a rating and a confidence scale. This is used in Facebook Inspector to analyze posts’ domains.","எடுத்துக்காட்டாக, நீங்கள் iiit.edu.in ஐச் சரிபார்த்தால், நம்பிக்கையின் வலை ஒரு மதிப்பீடு மற்றும் நம்பிக்கை அளவைத் தருகிறது. இது இடுகைகளின் களங்களை பகுப்பாய்வு செய்ய ஃபேஸ்புக் இன்ஸ்பெக்டரில் பயன்படுத்தப்படுகிறது.","எடுத்துக்காட்டாக, நீங்கள் iiit. edu. in ஐ சரிபார்த்தால், Web of Trust மதிப்பீட்டையும் நம்பிக்கையையும் தருகிறது. இடுகைகளின் களங்களை பகுப்பாய்வு செய்ய இது பேஸ்புக் இன்ஸ்பெக்டரில் பயன்படுத்தப்படுகிறது.","உதாரணமாக, iiit.edu.in என்ற domain-ஐச் சரிபார்த்தால், Web of Trust ஒரு மதிப்பீடும் நம்பிக்கைக் கோலையும் வழங்கும். இது Facebook Inspector-ல் பதிவுகளின் domain-ஐ பகுப்பாய்வதற்குப் பயன்படுத்தப்படுகிறது."
"The plugin is available as a Chrome extension and a Firefox add-on. Adding it allows you to see annotations on posts in your Facebook timeline, showing confidence and model decisions.","சொருகி குரோம் நீட்டிப்பு மற்றும் ஃபயர்பாக்ஸ் சேர்க்கை என கிடைக்கிறது. இதைச் சேர்ப்பது உங்கள் ஃபேஸ்புக் காலவரிசையில் உள்ள இடுகைகளில் குறிப்புகளைப் பார்க்க உங்களை அனுமதிக்கிறது, இது நம்பிக்கை மற்றும் மாதிரி முடிவுகளைக் காட்டுகிறது.","இந்த செருகுநிரல் Chrome நீட்டிப்பு மற்றும் Firefox சேர்க்கை என கிடைக்கிறது. அதை சேர்ப்பதன் மூலம் உங்கள் Facebook காலவரிசையில் உள்ள இடுகைகளில் சிறுகுறிப்புகளைக் காணலாம், நம்பிக்கை மற்றும் மாதிரி முடிவுகளைக் காட்டுகிறது.","இந்த பிளகின் Chrome விரிவாக்கமாகவும், Firefox add-on ஆகவும் கிடைக்கிறது. இதைச் சேர்ப்பதன் மூலம் உங்கள் Facebook timeline-ல் பதிவுகளில் annotations காணலாம், நம்பிக்கை மற்றும் மாதிரி முடிவுகளை காட்டுகிறது."
"For example, a post by VK Choudhary about Bollywood updates has annotations from Facebook Inspector. It shows low confidence and model decision, and you can click the image for more details.","உதாரணமாக, பாலிவுட் புதுப்பிப்புகள் குறித்து வி. கே. சவுத்ரியின் இடுகை ஃபேஸ்புக் இன்ஸ்பெக்டரிடமிருந்து குறிப்புகளைக் கொண்டுள்ளது. இது குறைந்த நம்பிக்கை மற்றும் மாதிரி முடிவைக் காட்டுகிறது, மேலும் விவரங்களுக்கு நீங்கள் படத்தைக் கிளிக் செய்யலாம்.","உதாரணமாக, பாலிவுட் புதுப்பிப்புகளைப் பற்றிய வி. கே. சவுத்ரியின் ஒரு இடுகையில் பேஸ்புக் இன்ஸ்பெக்டரிடமிருந்து சிறுகுறிப்புகள் உள்ளன. இது குறைந்த நம்பிக்கை மற்றும் மாதிரி முடிவைக் காட்டுகிறது, மேலும் விவரங்களுக்கு படத்தைக் கிளிக் செய்யலாம்.","உதாரணமாக, VK Choudhary-வின் போல்வுட் அப்டேட்ஸ் பற்றிய ஒரு பதிவு Facebook Inspector-இன் annotations உடன் வருகிறது. இது குறைந்த நம்பிக்கையும் மாதிரி முடிவையும் காட்டுகிறது, மேலும் விருப்பமுள்ளால் படம் கிளிக் செய்து மேலும் விவரங்களைப் பார்க்கலாம்."
"Another example could be a spam post about iPhone 7 designs and features. Facebook Inspector annotates it as potentially malicious.","மற்றொரு எடுத்துக்காட்டு ஐபோன் 7 வடிவமைப்புகள் மற்றும் அம்சங்களைப் பற்றிய ஸ்பேம் இடுகையாக இருக்கலாம். ஃபேஸ்புக் இன்ஸ்பெக்டர் இதை தீங்கிழைக்கும் என்று விளக்குகிறார்.","மற்றொரு உதாரணம் ஐபோன் 7 வடிவமைப்புகள் மற்றும் அம்சங்களைப் பற்றிய ஸ்பேம் இடுகையாக இருக்கலாம். பேஸ்புக் இன்ஸ்பெக்டர் அதை தீங்கிழைக்கும் வகையில் குறிப்பிடுகிறார்.","மற்றொரு உதாரணம் iPhone 7 வடிவமைப்புகள் மற்றும் அம்சங்கள் பற்றிய spam பதிவு ஆகும். Facebook Inspector இதனை தீய நோக்கமுள்ளதாக (potentially malicious) annotation செய்கிறது."
"The plugin works similarly for Firefox users, allowing evaluation of posts in the browser. This demonstrates how understanding from Twitter can be applied to Facebook.","சொருகி ஃபயர்பாக்ஸ் பயனர்களுக்கு இதேபோல் செயல்படுகிறது, இது உலாவியில் இடுகைகளை மதிப்பீடு செய்ய அனுமதிக்கிறது. ட்விட்டரில் இருந்து புரிந்துகொள்வதை ஃபேஸ்புக்கிற்கு எவ்வாறு பயன்படுத்தலாம் என்பதை இது காட்டுகிறது.","பிளக்-இன் பயனர்கள் Firefox க்கு இதேபோல் செயல்படுகிறது, உலாவியில் உள்ள பதிவுகளை மதிப்பீடு செய்ய அனுமதிக்கிறது. ட்விட்டரிலிருந்து புரிதல் பேஸ்புக்கிற்கு எவ்வாறு பயன்படுத்தப்படலாம் என்பதை இது காட்டுகிறது.","Firefox பயனர்களுக்கும் இந்த பிளகின் ஒத்த முறையில் செயல்படுகிறது, உலாவியில் பதிவுகளை மதிப்பீடு செய்ய உதவுகிறது. இது ட்விட்டரில் கற்றுக்கொண்ட புரிதலை பேஸ்புக்கில் எவ்வாறு பயன்படுத்தலாம் என்பதை காட்டுகிறது."
"The Facebook Inspector plugin helps identify posts that are credible, malicious, or spam. It shows annotations directly on your timeline, giving users insight into the trustworthiness of posts.","ஃபேஸ்புக் இன்ஸ்பெக்டர் சொருகி நம்பகமான, தீங்கிழைக்கும் அல்லது ஸ்பேம் கொண்ட இடுகைகளை அடையாளம் காண உதவுகிறது. இது உங்கள் காலவரிசையில் நேரடியாக குறிப்புகளைக் காட்டுகிறது, இது இடுகைகளின் நம்பகத்தன்மை குறித்த நுண்ணறிவை பயனர்களுக்கு வழங்குகிறது.","Facebook இன்ஸ்பெக்டர் செருகுநிரல் நம்பகமான, தீங்கிழைக்கும் அல்லது ஸ்பேம் என்று பதிவுகள் அடையாளம் உதவுகிறது. இது நேரடியாக உங்கள் காலவரிசையில் சிறுகுறிப்புகளை காட்டுகிறது, பயனர்கள் பதிவுகள் நம்பகத்தன்மை பற்றிய நுண்ணறிவு கொடுக்கிறது.","Facebook Inspector பிளகின் பதிவுகள் நம்பகமானவையா, தீய நோக்கமுள்ளவையா அல்லது ஸ்பாம் எனக் கண்டறிய உதவுகிறது. இது உங்கள் timeline-ல் நேரடியாக annotations காட்டி, பதிவுகளின் நம்பகத்தன்மையைப் பயனர்களுக்கு விளக்குகிறது."
"This approach is useful for privacy and security in online social media, showing how feature-based analysis can transfer from Twitter to Facebook.","இந்த அணுகுமுறை ஆன்லைன் சமூக ஊடகங்களில் தனியுரிமை மற்றும் பாதுகாப்புக்கு பயனுள்ளதாக இருக்கும், இது அம்சம் அடிப்படையிலான பகுப்பாய்வு ட்விட்டரிலிருந்து ஃபேஸ்புக்கிற்கு எவ்வாறு மாற்றப்படலாம் என்பதைக் காட்டுகிறது.","ஆன்லைன் சமூக ஊடகங்களில் தனியுரிமை மற்றும் பாதுகாப்பிற்கு இந்த அணுகுமுறை பயனுள்ளதாக இருக்கும், அம்ச அடிப்படையிலான பகுப்பாய்வு ட்விட்டரிலிருந்து பேஸ்புக்கிற்கு எவ்வாறு மாற்றப்படலாம் என்பதைக் காட்டுகிறது.","இந்த அணுகுமுறை ஆன்லைன் சொஷியல் மீடியாவில் (online social media) தனியுரிமை மற்றும் பாதுகாப்பிற்காக பயனுள்ளது, ட்விட்டரில் கற்றுக் கொண்ட feature-based பகுப்பாய்வு பேஸ்புக்குக்கு எவ்வாறு மாற்றப்படலாம் என்பதை காட்டுகிறது."
"Earlier, we discussed the differences between Facebook and Twitter. Facebook is bi-directional while Twitter is unidirectional. Friend connections in Facebook tend to have higher trust compared to follower-following on Twitter.","முன்னதாக, ஃபேஸ்புக் மற்றும் ட்விட்டருக்கு இடையிலான வேறுபாடுகள் குறித்து விவாதித்தோம். ஃபேஸ்புக் இரு திசைகளாகவும், ட்விட்டர் ஒரு திசைகளாகவும் உள்ளது. ட்விட்டரில் பின்தொடர்பவர்களுடன் ஒப்பிடும்போது ஃபேஸ்புக்கில் நண்பர் இணைப்புகள் அதிக நம்பிக்கையைக் கொண்டுள்ளன.","முன்னதாக, பேஸ்புக் மற்றும் ட்விட்டர் இடையே உள்ள வேறுபாடுகள் பற்றி விவாதித்தோம். ஃபேஸ்புக் இரு-திசை மற்றும் ட்விட்டர் ஒருமுகமாக உள்ளது. ட்விட்டரில் பின்தொடர்பவர்களைப் பின்பற்றுவதை ஒப்பிடும்போது, பேஸ்புக்கில் உள்ள நண்பர் இணைப்புகள் அதிக நம்பிக்கையைக் கொண்டுள்ளன.","முன்னர், பேஸ்புக் மற்றும் ட்விட்டர் இடையேயான வேறுபாடுகளை நாம் விவாதித்தோம். Facebook இரு திசை (bi-directional) அமைப்புடையது, ஆனால் Twitter ஒருநிலை (unidirectional) அமைப்புடையது. Facebook-ல் நண்பர் (friend) இணைப்புகள் ட்விட்டரில் follower-following-ஐவிட அதிக நம்பகத்தன்மை கொண்டிருப்பதாக கருதப்படுகிறது."
"Trust and credibility are critical in evaluating content. Using features like who posted, when, and where helps build models that classify posts as legitimate or fake.","உள்ளடக்கத்தை மதிப்பிடுவதில் நம்பிக்கை மற்றும் நம்பகத்தன்மை முக்கியமானவை. யார், எப்போது, எங்கு இடுகையிட்டது போன்ற அம்சங்களைப் பயன்படுத்துவது இடுகைகளை முறையானது அல்லது போலியானது என்று வகைப்படுத்தும் மாதிரிகளை உருவாக்க உதவுகிறது.","உள்ளடக்கத்தை மதிப்பிடுவதில் நம்பிக்கை மற்றும் நம்பகத்தன்மை முக்கியம். யார் பதிவிட்டார்கள், எப்போது, எங்கே போன்ற அம்சங்களைப் பயன்படுத்துவது, பதிவுகளை முறையான அல்லது போலி என வகைப்படுத்தும் மாதிரிகளை உருவாக்க உதவுகிறது.","உள்ளடக்கத்தை மதிப்பீடு செய்வதில் நம்பகத்தன்மை (trust) மற்றும் விசுவாசத்தன்மை (credibility) முக்கியமானவை. யார் பதிவு செய்தார், எப்போது செய்தார், எங்கு செய்தார் போன்ற அம்சங்களை பயன்படுத்தி, பதிவுகளை சட்டபூர்வமானவை அல்லது போலி என்று வகைப்படுத்தும் மாதிரிகளை உருவாக்க முடியும்."
"For instance, the Boston Marathon tweet about an 8-year-old’s death went viral and was exploited by malicious users to direct victims to harmful URLs.","உதாரணமாக, 8 வயது குழந்தையின் மரணம் குறித்த பாஸ்டன் மராத்தான் ட்வீட் வைரலாகியது மற்றும் தீங்கிழைக்கும் URL களுக்கு பாதிக்கப்பட்டவர்களை வழிநடத்த தீங்கிழைக்கும் பயனர்களால் சுரண்டப்பட்டது.","உதாரணமாக, 8 வயது குழந்தையின் மரணம் குறித்த பாஸ்டன் மராத்தான் ட்வீட் வைரலாகி, பாதிக்கப்பட்டவர்களை தீங்கு விளைவிக்கும் URL களுக்கு வழிநடத்த தீங்கிழைக்கும் பயனர்களால் பயன்படுத்தப்பட்டது.","உதாரணமாக, Boston Marathon-இல் 8 வயது குழந்தையின் மரணத்தைப் பற்றிய ட்வீட் வைரலாகி, தீய நோக்கமுள்ள பயனர்களால் பாதிக்கப்பட்டவர்களை தீங்கு விளைவிக்கும் URLs-க்கு வழிமறித்து பயன்படுத்தப்பட்டது."
"Social media spikes often correlate with real-world events. For example, after a manhunt ends, there’s a noticeable spike in related tweets, showing increased user engagement.","சமூக ஊடகங்கள் பெரும்பாலும் நிஜ உலக நிகழ்வுகளுடன் தொடர்புடையவை. எடுத்துக்காட்டாக, ஒரு தேடல் முடிந்த பிறகு, தொடர்புடைய ட்வீட்களில் குறிப்பிடத்தக்க அதிகரிப்பு உள்ளது, இது அதிகரித்த பயனர் ஈடுபாட்டைக் காட்டுகிறது.","சமூக ஊடக ஸ்பைக்குகள் பெரும்பாலும் உண்மையான உலக நிகழ்வுகளுடன் தொடர்புடையவை. எடுத்துக்காட்டாக, ஒரு மனித வேட்டை முடிந்தபின், தொடர்புடைய ட்வீட்களில் குறிப்பிடத்தக்க அதிகரிப்பு உள்ளது, இது அதிகரித்த பயனர் ஈடுபாட்டைக் காட்டுகிறது.","சொஷியல் மீடியாவில் spike-கள் பெரும்பாலும் உண்மையான நிகழ்வுகளுடன் தொடர்புடையவை. உதாரணமாக, ஒரு manhunt முடிந்த பின்னர் தொடர்புடைய ட்வீட்டுகளில் குறிப்பிடத்தக்க spike காணப்படுகிறது, இது பயனர்கள் அதிகமாக ஈடுபட்டுள்ளதாக காட்டுகிறது."
"Geo-located tweets can be visualized with graphs where each dot represents a tweet. This helps identify the origin of posts.","புவி சார்ந்த ட்வீட்களை வரைபடங்கள் மூலம் காட்சிப்படுத்தலாம், அங்கு ஒவ்வொரு புள்ளியும் ஒரு ட்வீட்டைக் குறிக்கிறது. இது இடுகைகளின் தோற்றத்தை அடையாளம் காண உதவுகிறது.","புவியியல்-இருப்பிட ட்வீட்களை வரைபடங்களுடன் காட்சிப்படுத்தலாம், அங்கு ஒவ்வொரு புள்ளியும் ஒரு ட்வீட்டைக் குறிக்கிறது. இது இடுகைகளின் தோற்றத்தைக் கண்டறிய உதவுகிறது.","Geo-located tweets-ஐப் புள்ளியியல் (graphs) மூலம் காண்பிக்கலாம், இதில் ஒவ்வொரு dot-உம் ஒரு ட்வீட்டை பிரதிநிதித்துவப்படுத்துகிறது. இது பதிவுகள் எங்கு இருந்து வந்தன என்பதை அடையாளம் காண உதவுகிறது."
"Fake content creators often form closely connected communities. Understanding these networks can help in mitigating misinformation spread.","போலி உள்ளடக்க படைப்பாளர்கள் பெரும்பாலும் நெருக்கமாக இணைக்கப்பட்ட சமூகங்களை உருவாக்குகிறார்கள். இந்த நெட்வொர்க்குகளைப் புரிந்துகொள்வது தவறான தகவல்களைப் பரப்புவதைக் குறைக்க உதவும்.","போலி உள்ளடக்க உருவாக்குநர்கள் பெரும்பாலும் நெருக்கமாக இணைக்கப்பட்ட சமூகங்களை உருவாக்குகிறார்கள். இந்த நெட்வொர்க்குகளைப் புரிந்துகொள்வது தவறான தகவல்களை பரப்புவதைத் தணிக்க உதவும்.","போலி உள்ளடக்க உருவாக்குபவர்கள் பெரும்பாலும் நெருங்கிய community-களில் இணைக்கப்பட்டிருப்பார்கள். இத்தகைய networks-ஐ புரிந்துகொள்வது misinformation பரவலை குறைக்க உதவும்."
"We also explored data collection and annotation processes. High-quality annotations and proper feature generation are key to building effective models for trust and credibility.","தரவு சேகரிப்பு மற்றும் குறிப்பு செயல்முறைகளையும் நாங்கள் ஆராய்ந்தோம். உயர் தரமான குறிப்புகள் மற்றும் சரியான அம்ச உருவாக்கம் ஆகியவை நம்பிக்கை மற்றும் நம்பகத்தன்மைக்கு பயனுள்ள மாதிரிகளை உருவாக்குவதில் முக்கியமானவை.","தரவு சேகரிப்பு மற்றும் சிறுகுறிப்பு செயல்முறைகளையும் நாங்கள் ஆராய்ந்தோம். உயர்தர சிறுகுறிப்புகள் மற்றும் சரியான அம்ச உருவாக்கம் ஆகியவை நம்பிக்கை மற்றும் நம்பகத்தன்மைக்கான பயனுள்ள மாதிரிகளை உருவாக்குவதற்கான முக்கியமாகும்.","நாம் தரவு சேகரிப்பு மற்றும் annotation செயல்முறைகளையும் ஆராய்ந்தோம். உயர் தரமான annotations மற்றும் சரியான feature generation நம்பகத்தன்மை மற்றும் விசுவாசத்தன்மை மாதிரிகளை உருவாக்குவதற்கு முக்கியமானவை."
"Evaluating models requires defining metrics to check whether applied techniques are effective. Proper evaluation ensures the solutions for trust and credibility are reliable.","மாதிரிகளை மதிப்பீடு செய்வதற்கு பயன்பாட்டு நுட்பங்கள் பயனுள்ளதாக இருக்கிறதா என்பதைச் சரிபார்க்க அளவீடுகளை வரையறுக்க வேண்டும். சரியான மதிப்பீடு நம்பிக்கை மற்றும் நம்பகத்தன்மைக்கான தீர்வுகள் நம்பகமானவை என்பதை உறுதி செய்கிறது.","மாதிரிகளை மதிப்பீடு செய்வதற்கு பயன்படுத்தப்பட்ட நுட்பங்கள் பயனுள்ளதா என்பதை சரிபார்க்க அளவீடுகளை வரையறுக்க வேண்டும். சரியான மதிப்பீடு, நம்பிக்கை மற்றும் நம்பகத்தன்மைக்கான தீர்வுகள் நம்பகமானவை என்பதை உறுதி செய்கிறது.","மாதிரிகளை மதிப்பீடு செய்ய metrics-ஐ வரையறுக்க வேண்டும், பயன்படுத்திய techniques பயனுள்ளதாக உள்ளதா என்பதை சரிபார்க்க. சரியான மதிப்பீடு நம்பகத்தன்மை மற்றும் விசுவாசத்தன்மை தீர்வுகள் நம்பகமானவையாக இருப்பதை உறுதிப்படுத்துகிறது"
"One thing mentioned in TweetCred and Twitter trust slides is the Web of Trust (WOT). It evaluates domains, producing a score similar to TweetCred, indicating whether a domain is malicious or trustworthy. Features like domain age and registrant are used in the evaluation.","ட்வீட்கிரெட் மற்றும் ட்விட்டர் நம்பிக்கை ஸ்லைடுகளில் குறிப்பிடப்பட்டுள்ள ஒரு விஷயம் நம்பிக்கையின் வலை (வாட்). இது களங்களை மதிப்பிடுகிறது, ட்வீட்கிரெட் போன்ற மதிப்பெண்ணை உருவாக்குகிறது, இது ஒரு களம் தீங்கிழைக்கும் அல்லது நம்பகமானதா என்பதைக் குறிக்கிறது. டொமைன் வயது மற்றும் பதிவாளர் போன்ற அம்சங்கள் மதிப்பீட்டில் பயன்படுத்தப்படுகின்றன.","ட்வீட்கிரெட் மற்றும் ட்விட்டர் நம்பிக்கை ஸ்லைடுகளில் குறிப்பிடப்பட்டுள்ள ஒரு விஷயம் நம்பிக்கையின் வலை (டபிள்யூஓடி) இது டொமைன்களை மதிப்பீடு செய்கிறது, ட்வீட்க்ரெட் போன்ற ஒரு மதிப்பெண்ணை உருவாக்குகிறது, இது ஒரு டொமைன் தீங்கிழைக்கும் அல்லது நம்பகமானதா என்பதைக் குறிக்கிறது. மதிப்பீட்டில் டொமைன் வயது மற்றும் பதிவாளர் போன்ற அம்சங்கள் பயன்படுத்தப்படுகின்றன.","TweetCred மற்றும் Twitter trust slides-ல் குறிப்பிடப்பட்ட ஒன்று Web of Trust (WOT). இது டொமெயின்களை மதிப்பீடு செய்து, TweetCred போல் மதிப்பெண் வழங்குகிறது, டொமெயின் தீயா அல்லது நம்பகமா என்பதை காட்டுகிறது. டொமெயின் பதிவு காலம் மற்றும் பதிவு செய்தவர் போன்ற அம்சங்கள் மதிப்பீட்டில் பயன்படுத்தப்படுகின்றன."
"Web of Trust outputs ratings such as Excellent, Good, Satisfactory, Poor, and Very Poor. For example, iiit.edu.in would return a rating and confidence scale. These features are used in Facebook Inspector to analyze URLs/domains in posts.","நம்பிக்கையின் வலை வெளியீடுகள் சிறந்த, நல்ல, திருப்திகரமான, மோசமான மற்றும் மிகவும் மோசமான மதிப்பீடுகளை வழங்குகின்றன. எடுத்துக்காட்டாக, iiit.edu.in ஒரு மதிப்பீடு மற்றும் நம்பிக்கை அளவைத் தரும். இடுகைகளில் உள்ள URL கள்/களங்களை பகுப்பாய்வு செய்ய ஃபேஸ்புக் இன்ஸ்பெக்டரில் இந்த அம்சங்கள் பயன்படுத்தப்படுகின்றன.","Web of Trust சிறந்த, நல்ல, திருப்திகரமான, மோசமான மற்றும் மிகவும் மோசமான மதிப்பீடுகளை வெளியிடுகிறது. எடுத்துக்காட்டாக, iiit edu edu இல் மதிப்பீடு மற்றும் நம்பிக்கை அளவைத் தரும் இடுகைகளில் உள்ள URL கள் / களங்களை பகுப்பாய்வு செய்ய இந்த அம்சங்கள் பேஸ்புக் இன்ஸ்பெக்டரில் பயன்படுத்தப்படுகின்றன.","Web of Trust மூலம் Excellent, Good, Satisfactory, Poor, Very Poor என்ற மதிப்பீடுகள் கிடைக்கின்றன. உதாரணமாக, iiit.edu.in என உள்ள டொமெயின் மதிப்பெண்ணுடன் நம்பகத்தன்மை அளவீட்டை தரும். இந்த அம்சங்கள் Facebook Inspector-ல் பதிவுகளில் உள்ள URL/டொமெயின்களை பரிசோதிக்க பயன்படுத்தப்படுகின்றன."
"Facebook Inspector is available as a Chrome and Firefox plugin. It analyzes posts on your Facebook timeline, showing confidence and annotations about whether posts are credible or malicious.","ஃபேஸ்புக் இன்ஸ்பெக்டர் குரோம் மற்றும் ஃபயர்பாக்ஸ் சொருகியாக கிடைக்கிறது. இது உங்கள் ஃபேஸ்புக் காலவரிசையில் உள்ள இடுகைகளை பகுப்பாய்வு செய்கிறது, இடுகைகள் நம்பகமானவையா அல்லது தீங்கிழைக்கும்தா என்பது குறித்த நம்பிக்கையையும் குறிப்புகளையும் காட்டுகிறது.","Facebook இன்ஸ்பெக்டர் ஒரு Chrome மற்றும் Firefox சொருகி எனக் கிடைக்கிறது. இது உங்கள் Facebook timeline இல் உள்ள பதிவுகளை பகுப்பாய்வு செய்கிறது, பதிவுகள் நம்பகமானதா அல்லது தீங்கிழைக்கும் விதமா என்பதைப் பற்றிய நம்பிக்கை மற்றும் சிறுகுறிப்புகளைக் காட்டுகிறது.","Facebook Inspector Chrome மற்றும் Firefox plugin ஆக கிடைக்கிறது. இது உங்கள் Facebook timeline-ல் உள்ள பதிவுகளை பரிசோதித்து, பதிவுகள் நம்பகமா அல்லது தீயா என்பதற்கான confidence மற்றும் annotations காட்டுகிறது."
"For example, a post about Bollywood updates may show low confidence, while a spammy post about iPhone 7 could be marked malicious. Users can click images for more details and insights from the plugin.","எடுத்துக்காட்டாக, பாலிவுட் புதுப்பிப்புகளைப் பற்றிய ஒரு இடுகை குறைந்த நம்பிக்கையைக் காட்டக்கூடும், அதே நேரத்தில் ஐபோன் 7 பற்றி ஒரு ஸ்பாமி இடுகை தீங்கிழைக்கும் என்று குறிக்கப்படலாம். சொருகியில் இருந்து கூடுதல் விவரங்கள் மற்றும் நுண்ணறிவுகளுக்கு பயனர்கள் படங்களைக் கிளிக் செய்யலாம்.","எடுத்துக்காட்டாக, பாலிவுட் புதுப்பிப்புகள் பற்றிய ஒரு இடுகை குறைந்த நம்பிக்கையைக் காட்டலாம், அதேசமயம் ஐபோன் 7 பற்றிய ஸ்பேம் இடுகை தீங்கிழைக்கும் எனக் குறிக்கப்படலாம். பயனர்கள் கூடுதல் விவரங்கள் மற்றும் செருகுநிரலிலிருந்து உள்ளீடுகளுக்கு படங்களைக் கிளிக் செய்யலாம்.","உதாரணமாக, Bollywood updates பற்றிய பதிவு குறைந்த confidence காட்டலாம், ஆனால் iPhone 7 குறித்து spam போன்ற பதிவு தீயா என்று குறிக்கப்படலாம். plugin மூலம் விவரங்களுக்கு படங்களை கிளிக் செய்து பார்க்கலாம்."
"This plugin approach shows how Twitter techniques for evaluating credibility can be applied to Facebook. Both platforms use similar architecture: feature extraction, model creation, and API integration for evaluation.","நம்பகத்தன்மையை மதிப்பிடுவதற்கான ட்விட்டர் நுட்பங்கள் ஃபேஸ்புக்கில் எவ்வாறு பயன்படுத்தப்படலாம் என்பதை இந்த சொருகி அணுகுமுறை காட்டுகிறது. இரண்டு தளங்களும் ஒரே மாதிரியான கட்டமைப்பைப் பயன்படுத்துகின்றனஃ அம்சம் பிரித்தெடுப்பு, மாதிரி உருவாக்கம் மற்றும் மதிப்பீட்டிற்கான ஏபிஐ ஒருங்கிணைப்பு.","நம்பகத்தன்மையை மதிப்பிடுவதற்கான ட்விட்டர் நுட்பங்களை பேஸ்புக்கில் எவ்வாறு பயன்படுத்தலாம் என்பதை இந்த பிளக் இன் அணுகுமுறை காட்டுகிறது. இரண்டு தளங்களும் ஒத்த கட்டமைப்பைப் பயன்படுத்துகின்றன: அம்ச பிரித்தெடுத்தல், மாதிரி உருவாக்கம் மற்றும் மதிப்பீட்டிற்கான API ஒருங்கிணைப்பு.","இந்த plugin வழி, Twitter-ல் நம்பகத்தன்மையை மதிப்பீடு செய்வதற்கான முறைகளை Facebook-ல் பயன்படுத்த முடியும் என்பதை காட்டுகிறது. இரு தளங்களிலும் ஒரே மாதிரியான அமைப்பு உள்ளது: feature extraction, மாடல் உருவாக்கம் மற்றும் API ஒருங்கிணைப்பு மதிப்பீட்டுக்கு."
"Techniques learned from Twitter for trust and credibility can be transferred to other social networks like Facebook. While Facebook is bi-directional and Twitter is unidirectional, feature extraction and model evaluation remain similar.","நம்பிக்கை மற்றும் நம்பகத்தன்மைக்காக ட்விட்டரிலிருந்து கற்றுக்கொண்ட நுட்பங்களை ஃபேஸ்புக் போன்ற பிற சமூக வலைப்பின்னல்களுக்கு மாற்றலாம். ஃபேஸ்புக் இரு திசைகளாகவும், ட்விட்டர் ஒரு திசைகளாகவும் இருந்தாலும், அம்சம் பிரித்தெடுப்பு மற்றும் மாதிரி மதிப்பீடு ஒரே மாதிரியாக உள்ளன.","ட்விட்டரில் இருந்து கற்றுக் கொள்ளும் நம்பிக்கையையும் நம்பகத்தன்மையையும் பேஸ்புக் போன்ற பிற சமூக வலைப்பின்னல்களுக்கு மாற்றலாம். பேஸ்புக் இரு-திசை மற்றும் ட்விட்டர் ஒருமுகமாக இருக்கும்போது, அம்ச பிரித்தெடுத்தல் மற்றும் மாதிரி மதிப்பீடு ஒரே மாதிரியாக இருக்கும்.","Twitter-ல் நம்பகத்தன்மை மற்றும் விசுவாசத்திற்கான முறைகள் Facebook போன்ற பிற சொஷியல் மீடியாவில் பயன்படுத்தப்பட முடியும். Facebook இரு திசை (bi-directional) ஆனால் Twitter ஒரு திசை (unidirectional) கொண்டதாலும், feature extraction மற்றும் மாடல் மதிப்பீடு ஒரே மாதிரி உள்ளது."
"Facebook’s friend connections are more personal. Posts from friends are generally more trustworthy than those from random users. This difference is crucial when adapting Twitter models to Facebook.","ஃபேஸ்புக்கின் நண்பர் இணைப்புகள் மிகவும் தனிப்பட்டவை. தோராயமான பயனர்களை விட நண்பர்களின் இடுகைகள் பொதுவாக மிகவும் நம்பகமானவை. ட்விட்டர் மாதிரிகளை ஃபேஸ்புக்கிற்கு மாற்றியமைக்கும்போது இந்த வேறுபாடு முக்கியமானது.","ஃபேஸ்புக்கின் நண்பர் இணைப்புகள் மிகவும் தனிப்பட்டவை. நண்பர்களிடமிருந்து வரும் பதிவுகள் பொதுவாக சீரற்ற பயனர்களிடமிருந்து வந்ததை விட நம்பகமானவை. ட்விட்டர் மாதிரிகளை ஃபேஸ்புக்கிற்கு மாற்றியமைக்கும்போது இந்த வேறுபாடு முக்கியமானது.","Facebook-இல் நண்பர்கள் (friends) தொடர்புகள் தனிப்பட்டவை. நண்பர்களின் பதிவுகள் பொதுவாக சீரற்ற பயனர்களின் பதிவுகளுக்கு ஒப்பிடும்போது நம்பகமாக இருக்கும். Twitter மாடலை Facebook-க்கு பயன்படுத்தும்போது இந்த வித்தியாசம் முக்கியமாகிறது."
"Facebook Inspector (FBI) works like TweetCred. It extracts features from posts, compares them to ground truth data, generates models, and evaluates whether posts are credible, malicious, or trustworthy.","ஃபேஸ்புக் இன்ஸ்பெக்டர் (எஃப். பி. ஐ) ட்வீட் கிரெட் போல செயல்படுகிறது. இது இடுகைகளிலிருந்து அம்சங்களை பிரித்தெடுத்து, அவற்றை அடிப்படை உண்மைத் தரவுகளுடன் ஒப்பிட்டு, மாதிரிகளை உருவாக்கி, இடுகைகள் நம்பகமானவையா, தீங்கிழைக்கும் அல்லது நம்பகமானவையா என்பதை மதிப்பிடுகிறது.","பேஸ்புக் இன்ஸ்பெக்டர் (FBI) TweetCred போலவே செயல்படுகிறார். இது இடுகைகளிலிருந்து அம்சங்களை பிரித்தெடுக்கிறது, அவற்றை தரை உண்மை தரவுகளுடன் ஒப்பிடுகிறது, மாதிரிகளை உருவாக்குகிறது மற்றும் இடுகைகள் நம்பகமானதா, தீங்கிழைக்கும் அல்லது நம்பகமானதா என்பதை மதிப்பீடு செய்கிறது.","Facebook Inspector (FBI) TweetCred போல செயல்படுகிறது. இது பதிவுகளில் இருந்து features எடுத்துக்கொண்டு, ground truth தரவுடன் ஒப்பிட்டு, மாடலை உருவாக்கி, பதிவுகள் நம்பகமா, தீயா அல்லது விசுவாசத்தக்கதா என்பதை மதிப்பீடு செய்கிறது."
"This shows how Twitter-derived techniques for feature extraction, model training, and post evaluation can be applied across social networks to assess credibility and detect malicious content.","அம்ச பிரித்தெடுப்பு, மாதிரி பயிற்சி மற்றும் மதிப்பீட்டிற்குப் பிந்தைய ட்விட்டர் வழித்தோன்றல் நுட்பங்கள் சமூக வலைப்பின்னல்கள் முழுவதும் நம்பகத்தன்மையை மதிப்பிடுவதற்கும் தீங்கிழைக்கும் உள்ளடக்கத்தைக் கண்டறிவதற்கும் எவ்வாறு பயன்படுத்தப்படலாம் என்பதை இது காட்டுகிறது.","அம்ச பிரித்தெடுத்தல், மாதிரி பயிற்சி மற்றும் பிந்தைய மதிப்பீட்டிற்கான ட்விட்டர்-பெறப்பட்ட நுட்பங்கள் எவ்வாறு சமூக வலைப்பின்னல்களில் நம்பகத்தன்மையை மதிப்பிடுவதற்கும் தீங்கிழைக்கும் உள்ளடக்கத்தைக் கண்டறிவதற்கும் பயன்படுத்தப்படலாம் என்பதை இது காட்டுகிறது.","Feature extraction, மாடல் பயிற்சி மற்றும் பதிவு மதிப்பீடு ஆகிய Twitter-ல் கற்ற முறைகள் பிற சொஷியல் மீடியாவில் பயன்படுத்தி நம்பகத்தன்மையை மதிப்பீடு செய்யவும், தீய பதிவுகளை கண்டறியவும் முடியும் என்பதைக் காட்டுகிறது."
"Now, let us go to the next part of this week. Before going to the technical details, I thought I will just highlight something about API key, API secret, and access token. Please do not share these details with anybody else. Sharing them can actually backfire on you because if somebody uses your API key, secret, or access token, they could collect data and it will look as if you are the one collecting the data. So, please be careful not to share them on portals or with anybody else.","இப்போது, இந்த வாரத்தின் அடுத்த பகுதிக்குச் செல்வோம். தொழில்நுட்ப விவரங்களுக்குச் செல்வதற்கு முன், ஏபிஐ விசை, ஏபிஐ ரகசியம் மற்றும் அணுகல் டோக்கன் பற்றி ஏதாவது முன்னிலைப்படுத்துவேன் என்று நினைத்தேன். தயவுசெய்து இந்த விவரங்களை வேறு யாருடனும் பகிர்ந்து கொள்ள வேண்டாம். அவற்றைப் பகிர்வது உண்மையில் உங்களுக்கு பின்னடைவை ஏற்படுத்தும், ஏனென்றால் யாராவது உங்கள் ஏபிஐ விசை, ரகசியம் அல்லது அணுகல் டோக்கனைப் பயன்படுத்தினால், அவர்கள் தரவைச் சேகரிக்கலாம், மேலும் நீங்கள் தான் தரவைச் சேகரிப்பது போல் தோன்றும். எனவே, தயவுசெய்து அவற்றை இணையதளங்களில் அல்லது வேறு யாருடனும் பகிர்ந்து கொள்ளாமல் கவனமாக இருங்கள்.","இப்போது, இந்த வாரத்தின் அடுத்த பகுதிக்கு செல்வோம். தொழில்நுட்ப விவரங்களுக்குச் செல்வதற்கு முன், API key, API secret மற்றும் அணுகல் டோக்கன் பற்றி ஏதாவது முன்னிலைப்படுத்துவேன் என்று நினைத்தேன். தயவுசெய்து இந்த விவரங்களை வேறு யாருடனும் பகிர வேண்டாம். அவற்றை பகிர்வது உண்மையில் உங்கள் மீது பின்னடைவை ஏற்படுத்தும், ஏனென்றால் யாராவது உங்கள் API key, secret அல்லது access token ஐப் பயன்படுத்தினால், அவர்கள் தரவை சேகரிக்க முடியும், மேலும் நீங்கள் தான் தரவை. சேகரிப்பது. போல் தோன்றும் எனவே, அவற்றை போர்ட்டல்களில் அல்லது வேறு யாருடனும் பகிர்ந்து கொள்ளாமல் கவனமாக இருங்கள்.","இப்போது, இந்த வாரத்தின் அடுத்த பகுதிக்கு போகலாம். டெக்னிக்கல் டீடெயில்ஸுக்கு செல்லும் முன், நான் சிறிது ஏபிஐ கீ (API key), ஏபிஐ சீக்ரெட் (API secret), மற்றும் ஆக்சஸ் டோக்கன் (access token) பற்றிப் பேச விரும்புகிறேன். தயவுசெய்து இவற்றை யாருடனும் பகிர வேண்டாம். இவற்றை பகிர்வது உங்களுக்கே பாதகமாக மாறிவிடும், ஏனெனில் யாராவது உங்கள் ஏபிஐ கீ, சீக்ரெட், அல்லது ஆக்சஸ் டோக்கன் பயன்படுத்தி டேட்டா சேகரித்தால், அது நீங்களே சேகரிப்பது போலத் தோன்றும். ஆகையால், போர்டல்களில் அல்லது பிறருடன் இதை பகிர்வதைத் தவிர்க்கவும்."
"Also, this week you will have a tutorial about Twitter API. Again, we will go through the same process as we did in Facebook. So, please be careful, go through the tutorial we provide, make sure you can execute, understand, and also implement the things we discuss in it.","மேலும், இந்த வாரம் நீங்கள் ட்விட்டர் ஏபிஐ பற்றி ஒரு பயிற்சியைக் கொண்டிருப்பீர்கள். மீண்டும், நாங்கள் ஃபேஸ்புக்கில் செய்த அதே செயல்முறையைச் செல்வோம். எனவே, தயவுசெய்து கவனமாக இருங்கள், நாங்கள் வழங்கும் பயிற்சியைப் பாருங்கள், அதில் நாங்கள் விவாதிக்கும் விஷயங்களை நீங்கள் செயல்படுத்தலாம், புரிந்து கொள்ளலாம் மற்றும் செயல்படுத்தலாம் என்பதை உறுதிப்படுத்திக் கொள்ளுங்கள்.","மேலும், இந்த வாரம் நீங்கள் ட்விட்டர் ஏபிஐ பற்றிய டுடோரியலைக் கொண்டிருப்பீர்கள். மீண்டும், நாம் பேஸ்புக்கில் செய்த அதே செயல்முறையைச் செய்வோம். எனவே, தயவுசெய்து கவனமாக இருங்கள், நாங்கள் வழங்கும் டுடோரியலைப் பாருங்கள், அதில் நாங்கள் விவாதிக்கும் விஷயங்களை நீங்கள் செயல்படுத்தவும், புரிந்து கொள்ளவும், செயல்படுத்தவும் முடியும் என்பதை உறுதிப்படுத்திக் கொள்ளுங்கள்.","இந்த வாரத்தில், நீங்கள் ட்விட்டர் ஏபிஐ (Twitter API) பற்றிய டுடோரியல் பெறுவீர்கள். முந்தையபடி ஃபேஸ்புக் (Facebook)-இல் செய்த அதே ப்ராசஸ்ஸை மீண்டும் செய்வோம். எனவே கவனமாக இருந்து, நாங்கள் கொடுக்கும் டுடோரியலை முழுமையாகப் படித்து, அதை எக்ஸிக்யூட் செய்து, புரிந்து கொண்டு, அதில் விவாதிக்கும் விஷயங்களை செயல்படுத்தவும்."
"Here is the slide I kept saying I will come back to throughout the course: trust and credibility. Now, I am going to focus a little on privacy. Privacy is something we will cover in one or two more lectures. But how do we define privacy? Privacy is very hard to define. What privacy means to you and what it means to me may be very different. Privacy in class with your friends, privacy at home, privacy while watching a movie, or privacy when going out with friends are all very different. Every context has different privacy expectations.","நான் முழு பாடத்திட்டத்திற்கும் திரும்பி வருவேன் என்று நான் தொடர்ந்து கூறிய ஸ்லைடு இங்கேஃ நம்பிக்கை மற்றும் நம்பகத்தன்மை. இப்போது, நான் தனியுரிமையில் கொஞ்சம் கவனம் செலுத்தப் போகிறேன். தனியுரிமை என்பது இன்னும் ஒன்று அல்லது இரண்டு விரிவுரைகளில் நாம் உள்ளடக்கும் ஒன்று. ஆனால் தனியுரிமையை நாம் எவ்வாறு வரையறுப்பது? தனியுரிமையை வரையறுப்பது மிகவும் கடினம். தனியுரிமை உங்களுக்கு என்ன அர்த்தம், அது எனக்கு என்ன அர்த்தம் என்பது மிகவும் வித்தியாசமாக இருக்கலாம். உங்கள் நண்பர்களுடன் வகுப்பில் தனியுரிமை, வீட்டில் தனியுரிமை, திரைப்படத்தைப் பார்க்கும்போது தனியுரிமை அல்லது நண்பர்களுடன் வெளியே செல்லும்போது தனியுரிமை அனைத்தும் மிகவும் வேறுபட்டவை. ஒவ்வொரு சூழலும் வெவ்வேறு தனியுரிமை எதிர்பார்ப்புகளைக் கொண்டுள்ளது.","பாடநெறி முழுவதும் நான் திரும்பி வருவேன் என்று நான் சொல்லிக்கொண்டிருந்த ஸ்லைடு இங்கே: நம்பிக்கை மற்றும் நம்பகத்தன்மை. இப்போது, நான் தனியுரிமையில் சிறிது கவனம் செலுத்தப் போகிறேன். தனியுரிமை என்பது ஒன்று அல்லது இரண்டு விரிவுரைகளில் நாம் உள்ளடக்கும் ஒன்று. ஆனால் தனியுரிமையை எவ்வாறு வரையறுப்பது? தனியுரிமை வரையறுப்பது மிகவும் கடினம். தனியுரிமை என்பது உங்களுக்கு என்ன அர்த்தம், எனக்கு என்ன அர்த்தம் என்பது மிகவும் வித்தியாசமாக இருக்கலாம் உங்கள் நண்பர்களுடன் வகுப்பில் தனியுரிமை, வீட்டில் தனியுரிமை, திரைப்படம் பார்க்கும். போது தனியுரிமை. அல்லது நண்பர்களுடன் வெளியே செல்லும் போது தனியுரிமை. அனைத்தும் மிகவும் வேறுபட்டவை ஒவ்வொரு சூழலுக்கும் வெவ்வேறு தனியுரிமை. எதிர்பார்ப்புகள். உள்ளன.","இந்தக் கோர்ஸில் தொடர்ந்து நான் மீண்டும் வருவேன் என்று சொன்ன ட்ரஸ்ட் மற்றும் கிரெடிபிலிட்டி (trust and credibility) ஸ்லைடே இது. இப்போது நான் பிரைவசி (privacy) பற்றி சற்றே கவனம் செலுத்தப்போகிறேன். இதை இன்னும் ஒரு இரண்டு லெக்சர்ஸில் விரிவாகக் காண்போம். ஆனால், பிரைவசியை எப்படி டிஃபைன் செய்வது? இது மிகவும் கடினம். உங்களுக்கு பிரைவசி என்றால் என்ன அர்த்தம், எனக்கு பிரைவசி என்றால் என்ன அர்த்தம்—இவை வெகுவாக மாறுபடும். கிளாஸில் நண்பர்களுடன் இருக்கும் பிரைவசி, வீட்டில் இருக்கும் பிரைவசி, சினிமா பார்க்கும் போது இருக்கும் பிரைவசி, நண்பர்களுடன் வெளியே போகும் போது இருக்கும் பிரைவசி—இவை எல்லாம் வெவ்வேறு. ஒவ்வொரு சூழலுக்கும் தனித்தனியான பிரைவசி எக்ஸ்பெக்டேஷன்ஸ் இருக்கும்."
"In the research domain, Professor Alan Westin studied privacy for more than 30 years. He is very well known in this field for understanding the privacy perceptions of citizens. He repeatedly asked the same questions every year on specific topics and classified U.S. citizens into three categories: fundamentalists, pragmatists, and unconcerned.","ஆராய்ச்சித் துறையில், பேராசிரியர் ஆலன் வெஸ்டின் 30 ஆண்டுகளுக்கும் மேலாக தனியுரிமையைப் படித்தார். குடிமக்களின் தனியுரிமை உணர்வுகளைப் புரிந்துகொள்வதற்காக அவர் இந்தத் துறையில் நன்கு அறியப்பட்டவர். அவர் ஒவ்வொரு ஆண்டும் குறிப்பிட்ட தலைப்புகளில் ஒரே கேள்விகளைப் பலமுறை கேட்டார், மேலும் அமெரிக்க குடிமக்களை மூன்று பிரிவுகளாக வகைப்படுத்தினார்ஃ அடிப்படைவாதிகள், நடைமுறைவாதிகள் மற்றும் அக்கறையற்றவர்கள்.","ஆராய்ச்சித் துறையில், பேராசிரியர் ஆலன் வெஸ்டின் 30 வருடங்களுக்கும் மேலாக தனியுரிமையைப் பற்றி ஆய்வு செய்தார். குடிமக்களின் தனியுரிமை உணர்வுகளைப் புரிந்துகொள்வதற்காக அவர் இந்தத் துறையில் நன்கு அறியப்பட்டவர். ஒவ்வொரு ஆண்டும் குறிப்பிட்ட தலைப்புகளில் அவர் மீண்டும் மீண்டும் அதே கேள்விகளைக் கேட்டார் மற்றும் U வகைப்படுத்தினார். S குடிமக்கள் மூன்று பிரிவுகளாக: அடிப்படைவாதிகள், நடைமுறைவாதிகள், மற்றும் அக்கறையற்றவர்கள்","ரிசர்ச் டொமைனில் (research domain), ப்ரொஃபசர் ஆலன் வெஸ்டின் (Alan Westin) 30 ஆண்டுகளுக்கும் மேலாக பிரைவசி பற்றி ஆய்வு செய்தார். குடிமக்களின் பிரைவசி பர்செப்ஷன்ஸை (privacy perceptions) புரிந்து கொள்வதில் அவர் மிகவும் பிரபலமானவர். ஒவ்வொரு ஆண்டும் ஒரே கேள்விகளை குறிப்பிட்ட டாப்பிக்களில் கேட்டுக்கொண்டே இருந்து, அமெரிக்க குடிமக்களை மூன்று பிரிவுகளாக வகைப்படுத்தினார்: ஃபண்டமெண்டலிஸ்ட்ஸ் (fundamentalists), பிராக்மட்டிஸ்ட்ஸ் (pragmatists), மற்றும் அன்கன்சேர்ன்டு (unconcerned)."
"Fundamentalists are people who will not provide personal details. For example, they may not even stand in a picture when someone wants to take a photo. About 25% of U.S. citizens fall into this category. Pragmatists are people who make decisions depending on the situation. For example, if given a bar of chocolate, they might share small personal details, but if given something more valuable, they may share more important information. Their privacy expectations change depending on the activity—like buying a product on Amazon versus doing financial transactions on ICICI. Unconcerned people are those who will even share passwords or personally identifiable information for minimal returns.","அடிப்படைவாதிகள் என்பது தனிப்பட்ட விவரங்களை வழங்காத நபர்கள். உதாரணமாக, யாராவது ஒரு புகைப்படத்தை எடுக்க விரும்பும் போது அவர்கள் ஒரு படத்தில் கூட நிற்காமல் இருக்கலாம். அமெரிக்க குடிமக்களில் சுமார் 25 சதவீதம் பேர் இந்த பிரிவில் உள்ளனர். நடைமுறைவாதிகள் என்பது சூழ்நிலையைப் பொறுத்து முடிவுகளை எடுக்கும் நபர்கள். எடுத்துக்காட்டாக, ஒரு சாக்லேட் பட்டை வழங்கப்பட்டால், அவர்கள் சிறிய தனிப்பட்ட விவரங்களைப் பகிர்ந்து கொள்ளலாம், ஆனால் மிகவும் மதிப்புமிக்க ஒன்றைக் கொடுத்தால், அவர்கள் மிகவும் முக்கியமான தகவல்களைப் பகிர்ந்து கொள்ளலாம். அமேசானில் ஒரு தயாரிப்பை வாங்குவது மற்றும் ஐசிஐசியில் நிதி பரிவர்த்தனைகள் செய்வது போன்ற செயல்பாட்டைப் பொறுத்து அவர்களின் தனியுரிமை எதிர்பார்ப்புகள் மாறுகின்றன. குறைந்தபட்ச வருமானத்திற்கு கடவுச்சொற்கள் அல்லது தனிப்பட்ட முறையில் அடையாளம் காணக்கூடிய தகவல்களைக் கூட பகிர்ந்து கொள்ளும் நபர்கள் கவலைப்படாதவர்கள்.","அடிப்படைவாதிகள் என்பது தனிப்பட்ட விவரங்களை வழங்காத நபர்கள். உதாரணமாக, யாராவது ஒரு புகைப்படத்தை எடுக்க விரும்பும் போது அவர்கள் ஒரு படத்தில் கூட நிற்காமல் இருக்கலாம். அமெரிக்க குடிமக்களில் சுமார் 25 சதவீதம் பேர் இந்த பிரிவில் உள்ளனர். நடைமுறைவாதிகள் என்பது சூழ்நிலையைப் பொறுத்து முடிவுகளை எடுக்கும் நபர்கள். எடுத்துக்காட்டாக, ஒரு சாக்லேட் பட்டை வழங்கப்பட்டால், அவர்கள் சிறிய தனிப்பட்ட விவரங்களைப் பகிர்ந்து கொள்ளலாம், ஆனால் மிகவும் மதிப்புமிக்க ஒன்றைக் கொடுத்தால், அவர்கள் மிகவும் முக்கியமான தகவல்களைப் பகிர்ந்து கொள்ளலாம். அமேசானில் ஒரு தயாரிப்பை வாங்குவது மற்றும் ஐசிஐசியில் நிதி பரிவர்த்தனைகள் செய்வது போன்ற செயல்பாட்டைப் பொறுத்து அவர்களின் தனியுரிமை எதிர்பார்ப்புகள் மாறுகின்றன. குறைந்தபட்ச வருமானத்திற்கு கடவுச்சொற்கள் அல்லது தனிப்பட்ட முறையில் அடையாளம் காணக்கூடிய தகவல்களைக் கூட பகிர்ந்து கொள்ளும் நபர்கள் கவலைப்படாதவர்கள்.","ஃபண்டமெண்டலிஸ்ட்ஸ் என்பது தங்களின் தனிப்பட்ட விவரங்களை பகிராதவர்கள். உதாரணமாக, யாராவது புகைப்படம் எடுக்க விரும்பினால் கூட அவர்கள் அதில் நிற்க மறுப்பார்கள். அமெரிக்கர்களில் சுமார் 25% பேர் இந்தக் குழுவில் உள்ளவர்கள். பிராக்மட்டிஸ்ட்ஸ் (pragmatists) என்பது சூழ்நிலைக்கு ஏற்ப முடிவெடுப்பவர்கள். உதாரணமாக, ஒரு சாக்லேட் பார் கொடுத்தால், சிறிய தனிப்பட்ட விவரங்களைப் பகிரலாம்; ஆனால் அதிக மதிப்புள்ள ஏதாவது கொடுத்தால், இன்னும் முக்கியமான தகவல்களையும் பகிரலாம். இவர்களின் பிரைவசி எக்ஸ்பெக்டேஷன்ஸ் செயல்பாட்டைப் பொறுத்து மாறும்—உதாரணமாக அமேசான் (Amazon)-ல் பொருள் வாங்கும்போது ஒன்றாகவும், ஐசிஐசிஐ (ICICI)-யில் பைனான்ஷியல் ட்ரான்ஸாக்ஷன்ஸ் செய்வது போல் வேறுபடும். அன்கன்சேர்ன்டு (unconcerned) என்பது குறைந்த நன்மைக்காகவே பாஸ்வேர்டுகள் அல்லது தனிப்பட்ட தகவல்களை பகிர்ந்துவிடும் மக்களாகும்."
"Some of you may have seen this cartoon before. It was published in the mid-1990s. The cartoon said, “On the Internet, nobody knows who you are.” At that time, it meant nobody even knew you were a dog. But later, people started receiving personalized ads for their favorite brand of dog food. This shows that it is possible to identify who you are on the Internet just by looking at your behavior. In the 1990s and early 2000s, this was done mostly with traffic data and web signals. But today, services like Facebook, Twitter, and Google combine data from many sources to create detailed profiles of you, which could be damaging if misused.","உங்களில் சிலர் இந்த கார்ட்டூனை இதற்கு முன்பு பார்த்திருக்கலாம். இது 1990 களின் நடுப்பகுதியில் வெளியிடப்பட்டது. கார்ட்டூன், ""இணையத்தில், நீங்கள் யார் என்று யாருக்கும் தெரியாது"" என்று கூறியது. அந்த நேரத்தில், நீங்கள் ஒரு நாய் என்று கூட யாருக்கும் தெரியாது என்று அர்த்தமல்ல. ஆனால் பின்னர், மக்கள் தங்களுக்கு பிடித்த நாய் உணவின் பிராண்டுகளுக்கான தனிப்பயனாக்கப்பட்ட விளம்பரங்களைப் பெறத் தொடங்கினர். உங்கள் நடத்தையைப் பார்ப்பதன் மூலம் இணையத்தில் நீங்கள் யார் என்பதை அடையாளம் காண முடியும் என்பதை இது காட்டுகிறது. 1990 கள் மற்றும் 2000 களின் முற்பகுதியில், இது பெரும்பாலும் போக்குவரத்து தரவு மற்றும் வலை சமிக்ஞைகளுடன் செய்யப்பட்டது. ஆனால் இன்று, பேஸ்புக், ட்விட்டர் மற்றும் கூகிள் போன்ற சேவைகள் பல ஆதாரங்களிலிருந்து தரவை இணைத்து உங்கள் விரிவான சுயவிவரங்களை உருவாக்குகின்றன, அவை தவறாகப் பயன்படுத்தப்பட்டால் தீங்கு விளைவிக்கும்.","உங்களில் சிலர் இந்த கார்ட்டூனை இதற்கு முன்பு பார்த்திருக்கலாம். இது 1990 களின் நடுப்பகுதியில் வெளியிடப்பட்டது. அந்த கார்ட்டூன், இணையத்தில், நீங்கள் யார் என்று யாருக்கும் தெரியாது என்று கூறியது. அந்த நேரத்தில், நீங்கள் ஒரு நாய் என்று கூட யாருக்கும் தெரியாது என்று அர்த்தம். ஆனால் பின்னர், மக்கள் தங்கள் விருப்பமான நாய் உணவு பிராண்டிற்கான தனிப்பயனாக்கப்பட்ட விளம்பரங்களைப் பெறத் தொடங்கினர். உங்கள் நடத்தையை பார்த்து இணையத்தில் நீங்கள் யார் என்பதை அடையாளம் காண்பது சாத்தியம் என்பதை இது காட்டுகிறது 1990. மற்றும் 2000. களின் முற்பகுதியில், இது பெரும்பாலும் போக்குவரத்து தரவு மற்றும் வலை சமிக்ஞைகளுடன் செய்யப்பட்டது ஆனால் இன்று, பேஸ்புக், ட்விட்டர் மற்றும் கூகிள் போன்ற சேவைகள் பல ஆதாரங்களில் இருந்து தரவை. இணைத்து உங்களுடைய விரிவான சுயவிவரங்களை உருவாக்குகின்றன, தவறாகப் பயன்படுத்தினால் அது தீங்கு விளைவிக்கும்","உங்களில் சிலர் முன்பே இந்த கார்ட்டூனை பார்த்திருக்கலாம். இது 1990-களின் நடுப்பகுதியில் வெளியானது. அதில், “இணையத்தில் யாருக்கும் நீ யார் என்று தெரியாது” என்று சொல்லப்பட்டது. அப்போது, நீ ஒரு நாய் என்று கூட யாருக்கும் தெரியாது என்பதையே குறித்தது. ஆனால் பின்னர், மனிதர்கள் தங்களுக்கு பிடித்த நாய் உணவின் பர்சனலைஸ்டு அட்ஸ் (personalized ads)-ஐப் பெற ஆரம்பித்தார்கள். இதன் பொருள், இணையத்தில் உங்கள் நடத்தையை மட்டுமே பார்த்து உங்களை அடையாளம் காண முடியும் என்பதாகும். 1990-களிலும் 2000-களின் தொடக்கத்திலும் இது பெரும்பாலும் ட்ராஃபிக் டேட்டா மற்றும் வெப் சிக்னல்ஸ் மூலம் செய்யப்பட்டன. ஆனால் இன்று, ஃபேஸ்புக் (Facebook), ட்விட்டர் (Twitter), கூகுள் (Google) போன்ற சர்விஸ்கள் பல்வேறு மூலங்களில் உள்ள டேட்டாவை ஒன்றாகக் கொண்டு, உங்கள் முழுமையான ப்ரொஃபைல்களை உருவாக்குகின்றன. இவை தவறாக பயன்படுத்தப்பட்டால் உங்களுக்கு தீங்கு விளைவிக்கும்."
"Back then, in the mid-nineties and early 2000s, companies were only using traffic network data and web service data. But today, services like Facebook, Twitter, and Google can combine multiple kinds of data and create detailed profiles of you based just on your browser behaviour. This can be very damaging if they decide to misuse it against you.","அப்போது, தொண்ணூறுகளின் நடுப்பகுதி மற்றும் 2000 களின் முற்பகுதியில், நிறுவனங்கள் போக்குவரத்து நெட்வொர்க் தரவு மற்றும் வலை சேவை தரவை மட்டுமே பயன்படுத்தின. ஆனால் இன்று, ஃபேஸ்புக், ட்விட்டர் மற்றும் கூகிள் போன்ற சேவைகள் பல வகையான தரவுகளை இணைத்து, உங்கள் உலாவி நடத்தையின் அடிப்படையில் உங்கள் விரிவான சுயவிவரங்களை உருவாக்க முடியும். அவர்கள் உங்களுக்கு எதிராக அதை தவறாகப் பயன்படுத்த முடிவு செய்தால் இது மிகவும் தீங்கு விளைவிக்கும்.","பின்னர், 1990 களின் நடுப்பகுதியில் மற்றும் 2000 களின் முற்பகுதியில், நிறுவனங்கள் போக்குவரத்து நெட்வொர்க் தரவு மற்றும் வலை சேவை தரவை மட்டுமே பயன்படுத்தின. ஆனால் இன்று, பேஸ்புக், ட்விட்டர் மற்றும் கூகிள் போன்ற சேவைகள் பல வகையான தரவை இணைத்து, உங்கள் உலாவி நடத்தையின் அடிப்படையில் உங்களுடைய விரிவான சுயவிவரங்களை உருவாக்கலாம். அவர்கள் உங்களுக்கு எதிராக அதை தவறாகப் பயன்படுத்த முடிவு செய்தால், இது மிகவும் தீங்கு விளைவிக்கும்.","அந்த காலத்தில், 1990களின் நடுப்பகுதியிலும் 2000களின் தொடக்கத்திலும், நிறுவனங்கள் ட்ராஃபிக் நெட்வொர்க் டேட்டா (traffic network data) மற்றும் வெப் சர்வீஸ் டேட்டா (web service data) மட்டுமே பயன்படுத்தின. ஆனால் இப்போது, ஃபேஸ்புக் (Facebook), ட்விட்டர் (Twitter), கூகுள் (Google) போன்ற சர்வீசுகள் பலவிதமான டேட்டாக்களை இணைத்து, உங்கள் ப்ரவுசர் பீஹேவியர் (browser behaviour) அடிப்படையில் உங்களின் டீடெய்ல்ட் ப்ரொஃபைலை உருவாக்க முடிகிறது. இதை உங்களுக்கு எதிராக தவறாக பயன்படுத்தினால், அது மிகவும் ஆபத்தானதாக மாறலாம்."
"Keeping Alan Westin’s studies in mind and also looking at privacy within India, some data was collected to understand privacy perceptions in India. The aim was to see how Indians look at privacy, especially in the context of online social media.","ஆலன் வெஸ்டினின் ஆய்வுகளை மனதில் கொண்டு, இந்தியாவுக்குள் உள்ள தனியுரிமையைப் பார்க்கும்போது, இந்தியாவில் உள்ள தனியுரிமை உணர்வுகளைப் புரிந்துகொள்ள சில தரவுகள் சேகரிக்கப்பட்டன. குறிப்பாக ஆன்லைன் சமூக ஊடகங்களின் பின்னணியில், தனியுரிமையை இந்தியர்கள் எவ்வாறு பார்க்கிறார்கள் என்பதைப் பார்ப்பதே இதன் நோக்கமாக இருந்தது.","ஆலன் வெஸ்டின் (Alan Westin) ஆய்வுகளை மனதில் வைத்து, இந்தியாவில் தனியுரிமையைப் பார்க்கும்போது, இந்தியாவில் தனியுரிமை உணர்வுகளைப் புரிந்துகொள்ள சில தரவு சேகரிக்கப்பட்டது. குறிப்பாக ஆன்லைன் சமூக ஊடகங்களின் சூழலில் இந்தியர்கள் எவ்வாறு தனியுரிமையைப் பார்க்கிறார்கள் என்பதைப் பார்ப்பதே இதன் நோக்கம்.","ஆலன் வெஸ்டின் (Alan Westin)-இன் ஸ்டடீஸை நினைவில் கொண்டு, இந்தியாவின் பிரைவசி (privacy) நிலையைப் புரிந்து கொள்ளும் விதமாக டேட்டா சேகரிக்கப்பட்டது. இந்தியர்கள் பிரைவசியை எப்படி பார்க்கிறார்கள் என்பதைப் புரிந்து கொள்வதே நோக்கம், குறிப்பாக ஆன்லைன் சொஷியல் மீடியா (online social media) சூழலில்."
"The study included 20 interviews, 4 focus group discussions, and most importantly, 10,427 survey responses. This is one of the largest privacy studies conducted worldwide. The survey had 83 questions and the data was collected from almost all states in India, except one. Tamil Nadu contributed 8.57% of the total data.","இந்த ஆய்வில் 20 நேர்காணல்கள், 4 கவனம் செலுத்தும் குழு விவாதங்கள் மற்றும் மிக முக்கியமாக, 10,427 கணக்கெடுப்பு பதில்கள் அடங்கும். இது உலகளவில் நடத்தப்பட்ட மிகப்பெரிய தனியுரிமை ஆய்வுகளில் ஒன்றாகும். இந்த கணக்கெடுப்பில் 83 கேள்விகள் இருந்தன, மேலும் ஒரு கேள்வியைத் தவிர இந்தியாவின் கிட்டத்தட்ட அனைத்து மாநிலங்களிலிருந்தும் தரவு சேகரிக்கப்பட்டது. மொத்த தரவுகளில் தமிழ்நாடு 8.57% பங்களித்தது.","இந்த ஆய்வில் 20 நேர்காணல்கள், 4 கவனம் செலுத்தும் குழு விவாதங்கள் மற்றும் மிக முக்கியமாக, 10,427 கணக்கெடுப்பு பதில்கள் ஆகியவை அடங்கும். இது உலகளவில் நடத்தப்பட்ட மிகப்பெரிய தனியுரிமை ஆய்வுகளில் ஒன்றாகும். இந்த கணக்கெடுப்பில் 83 கேள்விகள் இருந்தன, ஒரு மாநிலத்தைத் தவிர இந்தியாவில் கிட்டத்தட்ட அனைத்து மாநிலங்களிலிருந்தும் தரவு சேகரிக்கப்பட்டது. தமிழ்நாடு பங்களிப்பு 8 மொத்த தரவுகளில் 57%","இந்த ஸ்டடியில் 20 இன்டர்வ்யூஸ் (interviews), 4 ஃபோகஸ் கிரூப் டிஸ்கஷன்ஸ் (focus group discussions), மேலும் முக்கியமாக 10,427 சர்வே ரெஸ்பான்ஸஸ் (survey responses) அடங்கும். இது உலகளவில் நடத்தப்பட்ட மிகப்பெரிய பிரைவசி ஸ்டடீஸ் (privacy studies) ஒன்றாகும். இந்த சர்வேவில் 83 கேள்விகள் இருந்தன, மேலும் இந்தியாவின் பெரும்பாலான மாநிலங்களில் இருந்து டேட்டா சேகரிக்கப்பட்டது, ஒரு மாநிலத்தைத் தவிர. உதாரணமாக, தமிழ்நாட்டில் இருந்து 8.57% டேட்டா சேகரிக்கப்பட்டது."
"The data was not collected only online. It was in English, but collected in many ways: standing outside malls, hotels, railway stations, and also a small portion online. If interested, you can see the full dataset and questionnaire at the URL given at the end of the slides.","இந்த ஆய்வில் 20 நேர்காணல்கள், 4 கவனம் செலுத்தும் குழு விவாதங்கள் மற்றும் மிக முக்கியமாக, 10,427 கணக்கெடுப்பு பதில்கள் அடங்கும். இது உலகளவில் நடத்தப்பட்ட மிகப்பெரிய தனியுரிமை ஆய்வுகளில் ஒன்றாகும். இந்த கணக்கெடுப்பில் 83 கேள்விகள் இருந்தன, மேலும் ஒரு கேள்வியைத் தவிர இந்தியாவின் கிட்டத்தட்ட அனைத்து மாநிலங்களிலிருந்தும் தரவு சேகரிக்கப்பட்டது. மொத்த தரவுகளில் தமிழ்நாடு 8.57% பங்களித்தது.","தரவு ஆன்லைனில் மட்டுமே சேகரிக்கப்படவில்லை. இது ஆங்கிலத்தில் இருந்தது, ஆனால் பல வழிகளில் சேகரிக்கப்பட்டது: மால், ஹோட்டல், ரயில் நிலையங்களுக்கு வெளியே நின்று, ஒரு சிறிய பகுதியும் ஆன்லைனில் சேகரிக்கப்பட்டது. ஆர்வமாக இருந்தால், ஸ்லைடுகளின் முடிவில் கொடுக்கப்பட்டுள்ள URL இல் முழு டேட்டாசெட் மற்றும் கேள்வித்தாள்களைக் காணலாம்.","இந்த டேட்டா ஆன்லைனில் மட்டும் சேகரிக்கப்படவில்லை. இது ஆங்கிலத்தில் இருந்தாலும், பல்வேறு வழிகளில் சேகரிக்கப்பட்டது—மால்களின் வெளியே, ஹோட்டல்களின் வெளியே, ரெயில்வே ஸ்டேஷன்களில் நின்று, மேலும் சிறிதளவு ஆன்லைனிலும் சேகரிக்கப்பட்டது. உங்களுக்கு ஆர்வம் இருந்தால், ஸ்லைட்ஸின் இறுதியில் கொடுக்கப்பட்டுள்ள யூஆர்எல் (URL)-இல் முழு டேட்டாசெட் (dataset) மற்றும் க்வஷ்னையர் (questionnaire)-ஐப் பார்க்கலாம்."
"Now, let us look at the demographics of the study participants. Less than 18 years old were about 1.5%. About 20% were between 18 and 24 years. The majority belonged to the 18–39 years category. In terms of gender, 67% were male and 32% were female. These details help us understand how to interpret the survey results.","இப்போது, ஆய்வு பங்கேற்பாளர்களின் மக்கள்தொகையைப் பார்ப்போம். 18 வயதிற்குட்பட்டவர்கள் சுமார் 1.5 சதவீதம் பேர். சுமார் 20 சதவீதம் பேர் 18 முதல் 24 வயதுக்குட்பட்டவர்கள். பெரும்பான்மையானவர்கள் 18-39 ஆண்டுகளைச் சேர்ந்தவர்கள். பாலினத்தைப் பொறுத்தவரை, 67 சதவீதம் பேர் ஆண்களும் 32 சதவீதம் பேர் பெண்களும் ஆவர். கணக்கெடுப்பு முடிவுகளை எவ்வாறு விளக்குவது என்பதைப் புரிந்துகொள்ள இந்த விவரங்கள் நமக்கு உதவுகின்றன.","இப்போது, ஆய்வு பங்கேற்பாளர்களின் புள்ளிவிவரங்களைப் பார்ப்போம். 18 வயதுக்கு குறைவானவர்கள் சுமார் 1, 5% சுமார் 20% பேர் 18 முதல் 24 வயதுக்குட்பட்டவர்கள். பெரும்பான்மையானவர்கள் 1839 வயதுடையவர்கள். பாலினம் அடிப்படையில், 67% ஆண்களும் 32% பெண்களும் இருந்தனர். இந்த விவரங்கள் சர்வே முடிவுகளை எவ்வாறு விளக்குவது என்பதைப் புரிந்துகொள்ள உதவுகின்றன.","இப்போது, ஸ்டடியில் பங்கேற்றவர்களின் டெமோகிராஃபிக்ஸ் (demographics) பற்றி பார்க்கலாம். 18 வயதுக்குக் குறைவானவர்கள் சுமார் 1.5%. 18 முதல் 24 வயதுக்குள் சுமார் 20% பேர். பெரும்பாலானவர்கள் 18 முதல் 39 வயதுக்குள் உள்ளவர்களாக இருந்தனர். ஜெண்டர் அடிப்படையில், 67% பேர் மேல் (male), 32% பேர் ஃபீமேல் (female). இந்த விவரங்கள், சர்வே முடிவுகளை எப்படி புரிந்து கொள்ள வேண்டும் என்பதை உதவுகின்றன."
"Now, let us consider one of the questions from the survey: “What do you feel about the privacy of your personal information on online social networks such as Facebook?” This was question 42 in the survey, and 6,855 people responded to it.","இப்போது, ஆய்வு பங்கேற்பாளர்களின் மக்கள்தொகையைப் பார்ப்போம். 18 வயதிற்குட்பட்டவர்கள் சுமார் 1.5 சதவீதம் பேர். சுமார் 20 சதவீதம் பேர் 18 முதல் 24 வயதுக்குட்பட்டவர்கள். பெரும்பான்மையானவர்கள் 18-39 ஆண்டுகளைச் சேர்ந்தவர்கள். பாலினத்தைப் பொறுத்தவரை, 67 சதவீதம் பேர் ஆண்களும் 32 சதவீதம் பேர் பெண்களும் ஆவர். கணக்கெடுப்பு முடிவுகளை எவ்வாறு விளக்குவது என்பதைப் புரிந்துகொள்ள இந்த விவரங்கள் நமக்கு உதவுகின்றன.","இப்போது, ஆய்வு பங்கேற்பாளர்களின் புள்ளிவிவரங்களைப் பார்ப்போம். 18 வயதுக்கு குறைவானவர்கள் சுமார் 1, 5% சுமார் 20% பேர் 18 முதல் 24 வயதுக்குட்பட்டவர்கள். பெரும்பான்மையானவர்கள் 1839 வயதுடையவர்கள். பாலினம் அடிப்படையில், 67% ஆண்களும் 32% பெண்களும் இருந்தனர். இந்த விவரங்கள் சர்வே முடிவுகளை எவ்வாறு விளக்குவது என்பதைப் புரிந்துகொள்ள உதவுகின்றன.","இப்போது, அந்த சர்வேவில் கேட்கப்பட்ட ஒரு கேள்வியைப் பார்க்கலாம்: “ஃபேஸ்புக் (Facebook) போன்ற ஆன்லைன் சொஷியல் நெட்வொர்க்ஸில் (online social networks) உங்கள் தனிப்பட்ட தகவல்களின் பிரைவசி குறித்து நீங்கள் என்ன நினைக்கிறீர்கள்?” இது சர்வேவின் கேள்வி எண் 42 ஆகும், மேலும் 6,855 பேர் இதற்கு பதிலளித்தனர்."
"The options included: (1) It is not a concern at all since I have specified my privacy settings, my data is secure. (2) Even though I have specified privacy settings, I am still concerned about the privacy of my data. (3) It is a concern, but I still share my personal information. (4) It is a concern, so I do not share my personal data on online social media.","இப்போது, ஆய்வு பங்கேற்பாளர்களின் மக்கள்தொகையைப் பார்ப்போம். 18 வயதிற்குட்பட்டவர்கள் சுமார் 1.5 சதவீதம் பேர். சுமார் 20 சதவீதம் பேர் 18 முதல் 24 வயதுக்குட்பட்டவர்கள். பெரும்பான்மையானவர்கள் 18-39 ஆண்டுகளைச் சேர்ந்தவர்கள். பாலினத்தைப் பொறுத்தவரை, 67 சதவீதம் பேர் ஆண்களும் 32 சதவீதம் பேர் பெண்களும் ஆவர். கணக்கெடுப்பு முடிவுகளை எவ்வாறு விளக்குவது என்பதைப் புரிந்துகொள்ள இந்த விவரங்கள் நமக்கு உதவுகின்றன.","உள்ளிட்ட விருப்பங்கள்: (1) எனது தனியுரிமை அமைப்புகளை நான் குறிப்பிட்டதால் இது ஒரு கவலையல்ல, எனது தரவு பாதுகாப்பானது. (2) நான் தனியுரிமை அமைப்புகளை குறிப்பிட்டிருந்தாலும், எனது தரவின் தனியுரிமை குறித்து நான் இன்னும் கவலைப்படுகிறேன். (3) இது ஒரு கவலை, ஆனால் நான் இன்னும் என் தனிப்பட்ட தகவல்களை பகிர்ந்து (4) இது ஒரு கவலையாகும், எனவே நான் எனது தனிப்பட்ட தரவை ஆன்லைன் சமூக ஊடகங்களில் பகிர்ந்து கொள்ளவில்லை.","அந்த கேள்விக்கான ஆப்ஷன்கள் பின்வருமாறு: (1) இது எனக்கு கவலையே இல்லை; நான் என் பிரைவசி செட்டிங்ஸை (privacy settings) அமைத்துவிட்டேன், எனவே என் டேட்டா பாதுகாப்பாக இருக்கிறது. (2) நான் பிரைவசி செட்டிங்ஸ் அமைத்தாலும், என் டேட்டாவின் பிரைவசி குறித்து இன்னும் கவலை இருக்கிறது. (3) இது ஒரு கவலை, ஆனால் நான் இன்னும் என் தனிப்பட்ட தகவல்களைப் பகிர்கிறேன். (4) இது ஒரு கவலை; எனவே, நான் என் தனிப்பட்ட தகவல்களை ஆன்லைன் சொஷியல் மீடியாவில் பகிரவில்லை."
"The results were: 42% believed that since they specified privacy settings, their data was secure. 19% said privacy was not a concern at all. 23% were concerned even though they had privacy settings, but still shared personal information. 6.7% said it was a concern and they would not share personal data. About 8% expressed it was a concern in general.","முடிவுகள்ஃ 42 சதவீதம் பேர் தனியுரிமை அமைப்புகளைக் குறிப்பிட்டதால், அவர்களின் தரவு பாதுகாப்பானது என்று நம்பினர். 19 சதவீதம் பேர் தனியுரிமை ஒரு கவலையாக இல்லை என்று கூறினர். 23 சதவீதம் பேர் தனியுரிமை அமைப்புகளைக் கொண்டிருந்தாலும், தனிப்பட்ட தகவல்களைப் பகிர்ந்து கொண்டனர். 6. 7 சதவீதம் பேர் இது ஒரு கவலை என்றும் தனிப்பட்ட தரவுகளைப் பகிர்ந்து கொள்ள மாட்டோம் என்றும் கூறினர். சுமார் 8 சதவீதம் பேர் இது பொதுவாக ஒரு கவலை என்று வெளிப்படுத்தினர்.","முடிவுகள்: 42% அவர்கள் தனியுரிமை அமைப்புகளை குறிப்பிட்டதால், அவர்களின் தரவு பாதுகாப்பானது என்று நம்பினர். 19% பேர் தனியுரிமை ஒரு கவலையும் இல்லை என்று கூறினார். 23% தனியுரிமை அமைப்புகள் இருந்தபோதிலும் கவலைப்பட்டனர், ஆனால் இன்னும் தனிப்பட்ட தகவல்களைப் பகிர்ந்து கொண்டனர். 6 7% பேர் இது ஒரு கவலையாக இருப்பதாகவும், தனிப்பட்ட தரவைப் பகிர மாட்டோம் என்றும் கூறியுள்ளனர். சுமார் 8% பேர் இது பொதுவாக ஒரு கவலையாக இருப்பதாக வெளிப்படுத்தினர்","முடிவுகள் பின்வருமாறு: 42% பேர், “நான் பிரைவசி செட்டிங்ஸ் அமைத்துள்ளதால், என் டேட்டா பாதுகாப்பாக இருக்கிறது” என்று நம்பினர். 19% பேருக்கு பிரைவசி குறித்த கவலைவே இல்லை. 23% பேர், “நான் பிரைவசி செட்டிங்ஸ் வைத்திருந்தாலும், எனக்கு கவலை இருக்கிறது, ஆனாலும் நான் தனிப்பட்ட தகவல்களைப் பகிர்கிறேன்” என்றனர். 6.7% பேர், “இது கவலைப்பட வேண்டிய விஷயம்; எனவே நான் தனிப்பட்ட தகவல்களைப் பகிர மாட்டேன்” என்றனர். சுமார் 8% பேர் பொதுவாகவே இது ஒரு கவலை என்றனர்."
"This distribution connects to Alan Westin’s categories: fundamentalists, pragmatists, and unconcerned. Fundamentalists are those who would not share data at all. Pragmatists are those who make decisions depending on the context. Unconcerned are those who do not care much about privacy. It would be interesting to see how these numbers change over time.","இந்த விநியோகம் ஆலன் வெஸ்டினின் பிரிவுகளுடன் இணைகிறதுஃ அடிப்படைவாதிகள், நடைமுறைவாதிகள் மற்றும் கவலைப்படாதவர்கள். அடிப்படைவாதிகள் என்பது தரவைப் பகிர்ந்து கொள்ளாதவர்கள். நடைமுறைவாதிகள் என்பது சூழலைப் பொறுத்து முடிவுகளை எடுப்பவர்கள். தனியுரிமையைப் பற்றி அதிகம் கவலைப்படாதவர்கள் கவலைப்படாதவர்கள். காலப்போக்கில் இந்த எண்கள் எவ்வாறு மாறுகின்றன என்பதைப் பார்ப்பது சுவாரஸ்யமாக இருக்கும்.","இந்த விநியோகம் ஆலன் வெஸ்டின் வகைகளுடன் இணைகிறது: அடிப்படைவாதிகள், நடைமுறைவாதிகள் மற்றும் அக்கறையற்றவர்கள். அடிப்படைவாதிகள், தரவைப் பகிராதவர்கள், நடைமுறைவாதிகள், சூழலைப் பொறுத்து முடிவுகளை எடுப்பவர்கள், தனியுரிமை பற்றி அதிகம் கவலைப்படாதவர்கள், அக்கறையற்றவர்கள். இந்த எண்கள் காலப்போக்கில் எவ்வாறு மாறுகின்றன என்பதைப் பார்ப்பது சுவாரஸ்யமாக இருக்கும்.","இந்த விநியோகம் ஆலன் வெஸ்டின் (Alan Westin) வகைப்படுத்திய பிரிவுகளோடு பொருந்துகிறது: ஃபண்டமெண்டலிஸ்ட்ஸ் (fundamentalists), பிராக்மட்டிஸ்ட்ஸ் (pragmatists), மற்றும் அன்கன்சேர்ன்டு (unconcerned). ஃபண்டமெண்டலிஸ்ட்ஸ் என்பது எந்த டேட்டாவையும் பகிராதவர்கள். பிராக்மட்டிஸ்ட்ஸ் என்பது சூழ்நிலைக்கு ஏற்ப முடிவு எடுப்பவர்கள். அன்கன்சேர்ன்டு என்பது பிரைவசி குறித்து அதிகம் கவலைப்படாதவர்கள். காலப்போக்கில் இந்த எண்கள் எவ்வாறு மாறுகின்றன என்பதைப் பார்க்குவது 흥மையாக இருக்கும்."
"In Online Social Media, privacy and security play an important role. Users often share their personal information, photos, videos, and daily activities. Such information can be accessed by others without their consent. This may lead to identity theft, stalking, or financial fraud.","ஆன்லைன் சமூக ஊடகங்களில், தனியுரிமை மற்றும் பாதுகாப்பு முக்கிய பங்கு வகிக்கின்றன. பயனர்கள் பெரும்பாலும் தங்கள் தனிப்பட்ட தகவல்கள், புகைப்படங்கள், வீடியோக்கள் மற்றும் அன்றாட நடவடிக்கைகளைப் பகிர்ந்து கொள்கிறார்கள். இத்தகைய தகவல்களை மற்றவர்கள் தங்கள் அனுமதியின்றி அணுகலாம். இது அடையாள திருட்டு, துரத்துதல் அல்லது நிதி மோசடிக்கு வழிவகுக்கும்.","ஆன்லைன் சமூக ஊடகங்களில், தனியுரிமை மற்றும் பாதுகாப்பு முக்கிய பங்கு வகிக்கின்றன. பயனர்கள் பெரும்பாலும் தங்கள் தனிப்பட்ட தகவல்கள், புகைப்படங்கள், வீடியோக்கள் மற்றும் அன்றாட நடவடிக்கைகளை பகிர்ந்து கொள்கின்றனர். இத்தகைய தகவல்களை மற்றவர்கள் தங்கள் அனுமதியின்றி அணுகலாம். இது அடையாள திருட்டு, துன்புறுத்தல் அல்லது நிதி மோசடிக்கு வழிவகுக்கும்.","ஆன்லைன் சொஷியல் மீடியா-வில் privacy மற்றும் security முக்கியமான பங்காற்றுகின்றன. பயனர்கள் பெரும்பாலும் தங்கள் personal information, photos, videos மற்றும் daily activities-ஐ share செய்கிறார்கள். இத்தகைய தகவல்கள், அவர்களது consent இல்லாமல் வேறு யாராலும் access செய்யப்படக் கூடும். இதனால் identity theft, stalking, அல்லது financial fraud போன்ற பிரச்சனைகள் உருவாக வாய்ப்பு உள்ளது."
"At the same time, in Online Social Media, through data mining and profiling, users’ interests, behavior, and network structure are analyzed and used for targeted advertisements or political campaigning.","அதே நேரத்தில், ஆன்லைன் சமூக ஊடகங்களில், தரவு சுரங்கம் மற்றும் சுயவிவரம் மூலம், பயனர்களின் ஆர்வங்கள், நடத்தை மற்றும் நெட்வொர்க் அமைப்பு பகுப்பாய்வு செய்யப்பட்டு இலக்கு விளம்பரங்கள் அல்லது அரசியல் பிரச்சாரத்திற்கு பயன்படுத்தப்படுகின்றன.","அதே நேரத்தில், ஆன்லைன் சமூக ஊடகங்களில், தரவு சுரங்கம் மற்றும் சுயவிவரம் மூலம், பயனர்களின் நலன்கள், நடத்தை மற்றும் நெட்வொர்க் அமைப்பு ஆகியவை பகுப்பாய்வு செய்யப்பட்டு இலக்கு விளம்பரங்கள் அல்லது அரசியல் பிரச்சாரங்களுக்குப் பயன்படுத்தப்படுகின்றன.","அதேசமயம், ஆன்லைன் சொஷியல் மீடியா-வில் data mining மற்றும் profiling மூலம், பயனர்களின் interests, behavior, மற்றும் network structure-ஐ analyse செய்து targeted advertisements அல்லது political campaigning செய்யப்படுகின்றன."
"Here, trust and credibility play a very important role. Whether a user can trust the information they see on Online Social Media relates to trust. Whether the person sharing the information is genuine and the content is reliable relates to credibility.","அதே நேரத்தில், ஆன்லைன் சமூக ஊடகங்களில், தரவு சுரங்கம் மற்றும் சுயவிவரம் மூலம், பயனர்களின் ஆர்வங்கள், நடத்தை மற்றும் நெட்வொர்க் அமைப்பு பகுப்பாய்வு செய்யப்பட்டு இலக்கு விளம்பரங்கள் அல்லது அரசியல் பிரச்சாரத்திற்கு பயன்படுத்தப்படுகின்றன.","இங்கே, நம்பிக்கை மற்றும் நம்பகத்தன்மை மிக முக்கியமான பாத்திரத்தை வகிக்கிறது. ஆன்லைன் சமூக ஊடகங்களில் ஒரு பயனர் பார்க்கும் தகவல்களை நம்ப முடியுமா என்பது நம்பிக்கையுடன் தொடர்புடையது. தகவல்களைப் பகிர்ந்து கொள்ளும் நபர் உண்மையானவரா மற்றும் உள்ளடக்கம் நம்பகமானதா என்பது நம்பகத்தன்மையுடன் தொடர்புடையது.","இங்கு trust மற்றும் credibility மிக முக்கிய பங்கு வகிக்கின்றன. ஒருவர் ஆன்லைன் சொஷியல் மீடியாவில் பார்க்கும் தகவலை நம்பலாமா வேண்டாமா என்பது trust-க்கு சம்பந்தமான கேள்வி. அந்த தகவலை பகிரும் நபர் உண்மையானவரா, அவர் கூறும் content நம்பகமானதா என்பதே credibility-க்கு தொடர்பானது."
"Without trust and credibility, misinformation, rumors, and fake news are more likely to spread.","நம்பிக்கை மற்றும் நம்பகத்தன்மை இல்லாமல், தவறான தகவல்கள், வதந்திகள் மற்றும் போலி செய்திகள் பரவ அதிக வாய்ப்புள்ளது.","நம்பிக்கை மற்றும் நம்பகத்தன்மை இல்லாமல், தவறான தகவல்கள், வதந்திகள் மற்றும் போலி செய்திகள் பரவுவதற்கான வாய்ப்புகள் அதிகம்.","Trust மற்றும் credibility இல்லாத இடத்தில் misinformation, rumors, மற்றும் fake news பரவ அதிக வாய்ப்பு உள்ளது."
"There are many methods to measure trust. Some approaches are network-based. That is, trust levels are calculated based on how strong a person’s connections are in the network and their reputation.","நம்பிக்கையை அளவிட பல முறைகள் உள்ளன. சில அணுகுமுறைகள் நெட்வொர்க் அடிப்படையிலானவை. அதாவது, நெட்வொர்க்கில் ஒரு நபரின் இணைப்புகள் எவ்வளவு வலுவானவை மற்றும் அவர்களின் நற்பெயரின் அடிப்படையில் நம்பிக்கை நிலைகள் கணக்கிடப்படுகின்றன.","நம்பிக்கையை அளவிட பல முறைகள் உள்ளன. சில அணுகுமுறைகள் நெட்வொர்க் அடிப்படையிலானவை. அதாவது, ஒரு நபரின் இணைப்புகள் நெட்வொர்க்கில் எவ்வளவு வலுவாக உள்ளன மற்றும் அவர்களின் நற்பெயரின் அடிப்படையில் நம்பிக்கையின் அளவுகள் கணக்கிடப்படுகின்றன.","Trust-ஐ measure செய்வதற்கு பல methods உள்ளன. சில approach-கள் network-based ஆக இருக்கும். அதாவது, ஒருவர் network-ல் எத்தனை strong connections வைத்திருக்கிறார், அவரின் reputation எப்படி இருக்கிறது என்பதன் அடிப்படையில் அவர் trust level கணக்கிடப்படுகிறது."
"When measuring credibility, content-based approaches are more commonly used. Factors such as writing style, grammar, source authenticity, and references help assign credibility scores.","நம்பகத்தன்மையை அளவிடும் போது, உள்ளடக்க அடிப்படையிலான அணுகுமுறைகள் பொதுவாகப் பயன்படுத்தப்படுகின்றன. எழுதும் பாணி, இலக்கணம், மூல நம்பகத்தன்மை மற்றும் குறிப்புகள் போன்ற காரணிகள் நம்பகத்தன்மை மதிப்பெண்களை ஒதுக்க உதவுகின்றன.","நம்பகத்தன்மையை அளவிடும் போது, உள்ளடக்க அடிப்படையிலான அணுகுமுறைகள் மிகவும் பொதுவாகப் பயன்படுத்தப்படுகின்றன. எழுதும் பாணி, இலக்கணம், மூல நம்பகத்தன்மை மற்றும் குறிப்புகள் போன்ற காரணிகள் நம்பகத்தன்மை மதிப்பெண்களை ஒதுக்க உதவுகின்றன.","Credibility measure செய்யும்போது, content-based approaches அதிகம் பயன்படுத்தப்படுகின்றன. Content-ன் writing style, grammar, source authenticity, மற்றும் references போன்றவை credibility score வழங்க உதவுகின்றன."
"Models of trust and credibility are widely used in recommendation systems.","நம்பிக்கை மற்றும் நம்பகத்தன்மையின் மாதிரிகள் பரிந்துரை முறைகளில் பரவலாகப் பயன்படுத்தப்படுகின்றன.","பரிந்துரை அமைப்புகளில் நம்பிக்கை மற்றும் நம்பகத்தன்மை மாதிரிகள் பரவலாகப் பயன்படுத்தப்படுகின்றன.","Trust மற்றும் credibility பற்றிய models, recommendation systems-இல் பரவலாக பயன்படுத்தப்படுகின்றன."
"For example, in e-commerce websites, there is a system for rating sellers. There, past transactions, customer feedback, and delivery behavior determine the trust and credibility score of a seller.","உதாரணமாக, இ-காமர்ஸ் வலைத்தளங்களில், மதிப்பீட்டு விற்பனையாளர்களுக்கான ஒரு அமைப்பு உள்ளது. அங்கு, கடந்தகால பரிவர்த்தனைகள், வாடிக்கையாளர் பின்னூட்டம் மற்றும் விநியோக நடத்தை ஆகியவை ஒரு விற்பனையாளரின் நம்பிக்கை மற்றும் நம்பகத்தன்மை மதிப்பெண்ணை தீர்மானிக்கின்றன.","உதாரணமாக, இ-காமர்ஸ் இணையதளங்களில், விற்பனையாளர்களை மதிப்பிடுவதற்கான ஒரு அமைப்பு உள்ளது. அங்கு, கடந்த பரிவர்த்தனைகள், வாடிக்கையாளர் கருத்து மற்றும் விநியோக நடத்தை ஆகியவை விற்பனையாளரின் நம்பிக்கை மற்றும் நம்பகத்தன்மை மதிப்பெண்ணை தீர்மானிக்கின்றன.","உதாரணமாக, e-commerce websites-ல் sellers-க்கு rating கொடுக்கும் system உள்ளது. அங்கே seller-ன் past transactions, customer feedback, மற்றும் delivery behavior ஆகியவை trust மற்றும் credibility score-ஐ நிர்ணயிக்கின்றன."
"In information retrieval, search engines take credibility into account and display high-quality sources at the top.","தகவல் மீட்டெடுப்பில், தேடுபொறிகள் நம்பகத்தன்மையை கணக்கில் எடுத்துக்கொண்டு உயர்தர ஆதாரங்களை மேலே காட்டுகின்றன.","தகவல் மீட்டெடுப்பில், தேடுபொறிகள் நம்பகத்தன்மையை கணக்கில் எடுத்துக்கொண்டு உயர்தர மூலங்களை மேலே காண்பிக்கும்.","Information retrieval-இல், search engines credibility-ஐ கணக்கில் கொண்டு high quality sources-ஐ top-ல் காட்டுகின்றன."
"In misinformation detection, trust and credibility models are very important.","தவறான தகவல்களைக் கண்டறிவதில், நம்பிக்கை மற்றும் நம்பகத்தன்மை மாதிரிகள் மிகவும் முக்கியமானவை.","தவறான தகவல்களைக் கண்டறிவதில், நம்பிக்கை மற்றும் நம்பகத்தன்மை மாதிரிகள் மிகவும் முக்கியம்.","Misinformation detection-இல் trust மற்றும் credibility models மிக முக்கியமானது."
"In conclusion, research on trust and credibility in Online Social Media takes a multi-disciplinary approach, with contributions from computer science, sociology, and psychology.","முடிவில், ஆன்லைன் சமூக ஊடகங்களில் நம்பிக்கை மற்றும் நம்பகத்தன்மை குறித்த ஆராய்ச்சி கணினி அறிவியல், சமூகவியல் மற்றும் உளவியல் ஆகியவற்றின் பங்களிப்புகளுடன் பன்முக அணுகுமுறையை எடுக்கிறது.","முடிவாக, ஆன்லைன் சமூக ஊடகங்களில் நம்பிக்கை மற்றும் நம்பகத்தன்மை குறித்த ஆராய்ச்சி, கணினி, அறிவியல், சமூகவியல் மற்றும் உளவியல் ஆகியவற்றின் பங்களிப்புகளுடன் பல துறை அணுகுமுறையை எடுக்கும்.","முடிவில், ஆன்லைன் சொஷியல் மீடியா-வில் trust மற்றும் credibility பற்றிய ஆராய்ச்சி multi-disciplinary approach-ஆக நடைபெறுகிறது; computer science, sociology, மற்றும் psychology எல்லாம் இதில் பங்களிக்கின்றன."
"In this tutorial, we will learn how to collect data using Twitter API. Let us get started and first create a Twitter account.","இந்த பயிற்சியில், ட்விட்டர் ஏபிஐ பயன்படுத்தி தரவை எவ்வாறு சேகரிப்பது என்பதைக் கற்றுக்கொள்வோம். நாம் தொடங்கி முதலில் ஒரு ட்விட்டர் கணக்கை உருவாக்குவோம்.","இந்த டுடோரியலில், ட்விட்டர் ஏபிஐ பயன்படுத்தி டேட்டாவை எவ்வாறு சேகரிப்பது என்பதைக் கற்றுக்கொள்வோம். தொடங்குவோம், முதலில் ட்விட்டர் கணக்கை உருவாக்குவோம்.","இந்த டுடோரியலில், ட்விட்டர் ஏபிஐ-ஐ (Twitter API) பயன்படுத்தி data எவ்வாறு collect செய்வது என்பதைப் பற்றி கற்போம். வாருங்கள் தொடங்குவோம், முதலில் ஒரு ட்விட்டர் account உருவாக்குவோம்."
"You may already have a Twitter account, but please go through the entire video to understand how we successfully use the Twitter API.","உங்களிடம் ஏற்கனவே ஒரு ட்விட்டர் கணக்கு இருக்கலாம், ஆனால் ட்விட்டர் ஏபியை நாங்கள் எவ்வாறு வெற்றிகரமாக பயன்படுத்துகிறோம் என்பதைப் புரிந்துகொள்ள தயவுசெய்து முழு வீடியோவையும் பார்க்கவும்.","உங்களிடம் ஏற்கனவே ட்விட்டர் கணக்கு இருக்கலாம், ஆனால், ட்விட்டர் ஏபிஐயை நாங்கள் எவ்வாறு வெற்றிகரமாகப் பயன்படுத்துகிறோம் என்பதைப் புரிந்துகொள்ள முழு வீடியோவையும் பார்க்கவும்.","உங்களிடம் ஏற்கனவே ஒரு ட்விட்டர் account இருக்கலாம், ஆனால் ட்விட்டர் ஏபிஐ-ஐ எவ்வாறு வெற்றிகரமாக பயன்படுத்துவது என்பதைப் புரிந்து கொள்ள, தயவுசெய்து முழு வீடியோவைப் பாருங்கள்."
"Open your browser and go to www.twitter.com. On the home page, click on sign up at the top right. Creating an account is straightforward. Enter your full name, email address, and choose a password, then click sign up.","உங்கள் உலாவியைத் திறந்து www.twitter.com க்குச் செல்லவும். முகப்புப் பக்கத்தில், மேல் வலதுபுறத்தில் உள்ள பதிவுபெறுவதைக் கிளிக் செய்க. ஒரு கணக்கை உருவாக்குவது நேரடியானது. உங்கள் முழு பெயர், மின்னஞ்சல் முகவரியை உள்ளிட்டு, கடவுச்சொல்லைத் தேர்ந்தெடுத்து, பின்னர் பதிவுபெறு என்பதைக் கிளிக் செய்க.","உங்கள் உலாவியைத் திறந்து www. twitter com முகப்புப் பக்கத்தில், மேல் வலதுபுறத்தில் உள்ள sign up ஐ க்ளிக் செய்யவும். ஒரு கணக்கை உருவாக்குவது எளிது. உங்கள் முழு பெயர், மின்னஞ்சல் முகவரி, மற்றும் ஒரு கடவுச்சொல்லை தேர்வு செய்து, பின்னர் பதிவு கிளிக் செய்யவும்.","உங்கள் browser-ஐ திறந்து www.twitter.com-க்கு செல்லுங்கள். Home page-இல், மேல்புறம் வலது பக்கத்தில் இருக்கும் Sign Up-ஐ click செய்யவும். Account உருவாக்குவது மிகவும் எளிது. உங்கள் full name, email address-ஐ enter செய்து, password-ஐ தேர்வு செய்து sign up செய்யவும்."
"You may skip entering your phone number. Choose a username, which will be your unique identity on Twitter, and then click next. You can skip through the rest of the steps to quickly create your account.","உங்கள் உலாவியைத் திறந்து www.twitter.com க்குச் செல்லவும். முகப்புப் பக்கத்தில், மேல் வலதுபுறத்தில் உள்ள பதிவுபெறுவதைக் கிளிக் செய்க. ஒரு கணக்கை உருவாக்குவது நேரடியானது. உங்கள் முழு பெயர், மின்னஞ்சல் முகவரியை உள்ளிட்டு, கடவுச்சொல்லைத் தேர்ந்தெடுத்து, பின்னர் பதிவுபெறு என்பதைக் கிளிக் செய்க.","உங்கள் தொலைபேசி எண்ணை உள்ளிடுவதை நீங்கள் தவிர்க்கலாம். ஒரு பயனர்பெயரைத் தேர்ந்தெடுக்கவும், இது ட்விட்டரில் உங்கள் தனித்துவமான அடையாளமாக இருக்கும், பின்னர் அடுத்து என்பதைக் கிளிக் செய்க. உங்கள் கணக்கை விரைவாக உருவாக்க. மீதமுள்ள படிகளை நீங்கள் தவிர்க்கலாம்.","உங்கள் phone number-ஐ enter செய்வதை skip செய்யலாம். பிறகு, ஒரு username தேர்வு செய்யுங்கள்; இது ட்விட்டரில் உங்கள் unique identity ஆக இருக்கும். பின்னர் Next-ஐ click செய்யவும். மற்ற படிகளை skip செய்து விரைவாக account-ஐ உருவாக்கலாம்."
"Do not export your contacts from your email, click “no thanks”. Do not follow anyone and uncheck “select all”. Then continue, and in a few seconds, your Twitter account will be ready.","உங்கள் மின்னஞ்சலில் இருந்து உங்கள் தொடர்புகளை ஏற்றுமதி செய்ய வேண்டாம், ""நன்றி இல்லை"" என்பதைக் கிளிக் செய்க. யாரையும் பின்தொடர வேண்டாம் மற்றும் ""அனைத்தையும் தேர்ந்தெடுக்கவும்"" என்பதை சரிபார்க்க வேண்டாம். பின்னர் தொடருங்கள், சில நொடிகளில், உங்கள் ட்விட்டர் கணக்கு தயாராக இருக்கும்.","உங்கள் மின்னஞ்சலில் இருந்து உங்கள் தொடர்புகளை ஏற்றுமதி செய்ய வேண்டாம், இல்லை நன்றி என்பதைக் கிளிக் செய்யவும். யாரையும் பின்பற்ற வேண்டாம். மற்றும் அனைத்தையும் தேர்ந்தெடுக்கவும். என்பதைத் தேர்வுநீக்கவும். பின்னர் தொடரவும், சில வினாடிகளில், உங்கள் ட்விட்டர் கணக்கு தயாராக இருக்கும்.","உங்கள் email-இலிருந்து contacts-ஐ export செய்ய வேண்டாம்; “No Thanks” என்பதை click செய்யவும். யாரையும் follow செய்யாதீர்கள் மற்றும் “Select All” என்பதிலிருந்து tick-ஐ நீக்கவும். பிறகு continue செய்யவும்; சில விநாடிகளில் உங்கள் ட்விட்டர் account தயார் ஆகிவிடும்."
"Once you have created your account, you need to apply for Twitter developer access. For that, go to developer.twitter.com.","உங்கள் கணக்கை நீங்கள் உருவாக்கியவுடன், ட்விட்டர் டெவலப்பர் அணுகலுக்கு நீங்கள் விண்ணப்பிக்க வேண்டும். அதற்காக, developer.twitter.com க்குச் செல்லுங்கள்.","உங்கள் கணக்கை உருவாக்கியவுடன், நீங்கள் ட்விட்டர் டெவலப்பர் அணுகலுக்கு விண்ணப்பிக்க வேண்டும். அதற்காக, developer. twitter. com க்குச் செல்லவும்.","நீங்கள் account-ஐ உருவாக்கியவுடன், ட்விட்டர் developer access-க்கு apply செய்ய வேண்டும். அதற்காக developer.twitter.com-க்கு செல்லுங்கள்."
"Click on “Apply” and then log in using your Twitter credentials. You need to provide some basic information about how you intend to use the API.","விண்ணப்பிக்கவும் என்பதைக் கிளிக் செய்து, பின்னர் உங்கள் ட்விட்டர் நற்சான்றிதழ்களைப் பயன்படுத்தி உள்நுழையவும். நீங்கள் ஏபிஐயை எவ்வாறு பயன்படுத்த விரும்புகிறீர்கள் என்பது பற்றிய சில அடிப்படை தகவல்களை வழங்க வேண்டும்.","பயன்படுத்தவும் என்பதைக் கிளிக் செய்து, பின்னர், உங்கள் ட்விட்டர் நற்சான்றிதழ்களைப் பயன்படுத்தி உள்நுழையவும். API ஐ எவ்வாறு பயன்படுத்த விரும்புகிறீர்கள் என்பது பற்றிய சில அடிப்படை தகவல்களை நீங்கள் வழங்க வேண்டும்.","“Apply” என்பதை click செய்து, உங்கள் ட்விட்டர் account-இன் login credentials-ஐ பயன்படுத்தி login செய்யவும். நீங்கள் API-ஐ எவ்வாறு பயன்படுத்தப்போகிறீர்கள் என்பதைப் பற்றிய சில basic information-ஐ கொடுக்க வேண்டும்."
"After submitting your application, Twitter will review it. This process may take a few hours or up to a couple of days. Once approved, you will be able to access the developer dashboard.","விண்ணப்பிக்கவும் என்பதைக் கிளிக் செய்து, பின்னர் உங்கள் ட்விட்டர் நற்சான்றிதழ்களைப் பயன்படுத்தி உள்நுழையவும். நீங்கள் ஏபிஐயை எவ்வாறு பயன்படுத்த விரும்புகிறீர்கள் என்பது பற்றிய சில அடிப்படை தகவல்களை வழங்க வேண்டும்.","உங்கள் விண்ணப்பத்தை சமர்ப்பித்த பிறகு, ட்விட்டர் அதை மதிப்பாய்வு செய்யும். இந்த செயல்முறை சில மணிநேரங்கள் அல்லது இரண்டு நாட்கள் வரை ஆகலாம். ஒப்புதல் கிடைத்தவுடன், நீங்கள் டெவலப்பர் டாஷ்போர்டை அணுக முடியும்.","உங்கள் application-ஐ submit செய்த பிறகு, ட்விட்டர் அதை review செய்யும். இந்த process சில மணி நேரம் அல்லது சில நாட்கள் ஆகலாம். Once approved, நீங்கள் developer dashboard-ஐ access செய்ய முடியும்."
"From the developer dashboard, create a new app. You need to provide the app name, description, website URL (you can enter a placeholder if you don’t have one), and some additional details.","டெவலப்பர் டாஷ்போர்டில் இருந்து, ஒரு புதிய பயன்பாட்டை உருவாக்கவும். நீங்கள் பயன்பாட்டின் பெயர், விளக்கம், வலைத்தள யுஆர்எல் (உங்களிடம் இல்லையென்றால் நீங்கள் ஒரு இடத்தை வைத்திருப்பவரை உள்ளிடலாம்) மற்றும் சில கூடுதல் விவரங்களை வழங்க வேண்டும்.","டெவலப்பர் டாஷ்போர்டு இருந்து, ஒரு புதிய பயன்பாட்டை உருவாக்கவும். நீங்கள் பயன்பாட்டு பெயர், விளக்கம், வலைத்தள URL (நீங்கள் ஒரு இல்லை என்றால் ஒரு ஒதுக்கிட உள்ளிடலாம்), மற்றும் சில கூடுதல் விவரங்கள் வழங்க வேண்டும்.","Developer dashboard-இல் இருந்து, புதிய app ஒன்றை உருவாக்கவும். அதற்கான app name, description, website URL (உங்களிடம் இல்லையெனில் placeholder கொடுக்கலாம்), மற்றும் சில additional details-ஐ enter செய்ய வேண்டும்."
"Once the app is created, you will be provided with important credentials: API key, API secret key, access token, and access token secret. Keep these safe, as they are required to access Twitter data.","பயன்பாடு உருவாக்கப்பட்டவுடன், உங்களுக்கு முக்கியமான நற்சான்றிதழ்கள் வழங்கப்படும்ஃ ஏபிஐ விசை, ஏபிஐ ரகசிய விசை, அணுகல் டோக்கன் மற்றும் அணுகல் டோக்கன் ரகசியம். ட்விட்டர் தரவை அணுக வேண்டியிருப்பதால் இவற்றை பாதுகாப்பாக வைத்திருங்கள்.","பயன்பாடு உருவாக்கப்பட்டதும், உங்களுக்கு முக்கியமான நற்சான்றிதழ்கள் வழங்கப்படும்: API key, API secret key, அணுகல் டோக்கன் மற்றும் அணுகல் டோக்கன் ரகசியம். Twitter தரவை அணுக வேண்டியிருப்பதால், இவை பாதுகாப்பாக வைக்கவும்.","App உருவாக்கப்பட்டதும், உங்களுக்கு முக்கியமான credentials கொடுக்கப்படும்: API key, API secret key, access token, மற்றும் access token secret. இவற்றை பாதுகாப்பாக வைத்துக் கொள்ளுங்கள்; ஏனெனில் ட்விட்டர் data-ஐ access செய்ய இவை தேவைப்படும்."
"To interact with Twitter API, we will use Python. There are several Python libraries, but one of the most popular and beginner-friendly is called Twython.","ட்விட்டர் ஏபியுடன் தொடர்பு கொள்ள, நாம் பைத்தானைப் பயன்படுத்துவோம். பல பைத்தான் நூலகங்கள் உள்ளன, ஆனால் மிகவும் பிரபலமான மற்றும் தொடக்கக்காரர்களுக்கு உகந்த ஒன்று ட்வைத்தான் என்று அழைக்கப்படுகிறது.","ட்விட்டர் API உடன் தொடர்பு கொள்ள, நாம் பைதான் பயன்படுத்துவோம். பல பைதான் நூலகங்கள் உள்ளன, ஆனால் மிகவும் பிரபலமான மற்றும் தொடக்க நட்பு Twython என்று அழைக்கப்படுகிறது.","ட்விட்டர் ஏபிஐ-யுடன் தொடர்பு கொள்ள, நாம் பைதான் (Python) பயன்படுத்தப் போகிறோம். பல பைதான் libraries உள்ளன, ஆனால் beginner-friendly மற்றும் அதிகம் பயன்படுத்தப்படுவது ட்விதான் (Twython) எனப்படும் library ஆகும்."
"Now let us try posting a tweet. You can either choose a tweet suggested by Twitter or compose one yourself. In this case, we choose the one suggested by Twitter. Click on the tweet button, and your tweet will be posted.","இப்போது ஒரு ட்வீட்டை இடுகையிட முயற்சிப்போம். நீங்கள் ட்விட்டரால் பரிந்துரைக்கப்பட்ட ஒரு ட்வீட்டைத் தேர்ந்தெடுக்கலாம் அல்லது ஒன்றை நீங்களே இசையமைக்கலாம். இந்த விஷயத்தில், ட்விட்டரால் பரிந்துரைக்கப்பட்ட ஒன்றை நாங்கள் தேர்ந்தெடுக்கிறோம். ட்வீட் பொத்தானைக் கிளிக் செய்தால், உங்கள் ட்வீட் வெளியிடப்படும்.","இப்போது ஒரு ட்வீட் இடுகையிட முயற்சிப்போம். நீங்கள் ட்விட்டர் பரிந்துரைத்த ட்வீட்டைத் தேர்வு செய்யலாம் அல்லது ஒன்றை நீங்களே உருவாக்கலாம். இந்த வழக்கில், ட்விட்டர் பரிந்துரைத்த ஒன்றை நாங்கள் தேர்வு செய்கிறோம். ட்வீட் பட்டனை க்ளிக் செய்யவும், உங்கள் ட்வீட் வெளியிடப்படும்.","இப்போது நாம் ஒரு tweet போஸ்ட் செய்து பார்ப்போம். நீங்கள் ட்விட்டர் பரிந்துரைக்கும் tweet-ஐத் தேர்வு செய்யலாம் அல்லது நீங்களே ஒன்று compose செய்யலாம். இந்தக் கட்டத்தில், ட்விட்டர் பரிந்துரைத்ததை தேர்வு செய்கிறோம். Tweet button-ஐ click செய்யவும், அதனால் உங்கள் tweet post செய்யப்படும்."
"Before you proceed any further, it is important that you confirm your Twitter account by going to the email you used while creating the account. Open your inbox and look for the confirmation mail.","நீங்கள் மேலும் செல்வதற்கு முன், கணக்கை உருவாக்கும் போது நீங்கள் பயன்படுத்திய மின்னஞ்சலுக்குச் செல்வதன் மூலம் உங்கள் ட்விட்டர் கணக்கை உறுதிப்படுத்துவது முக்கியம். உங்கள் இன்பாக்ஸைத் திறந்து உறுதிப்படுத்தல் அஞ்சலைத் தேடுங்கள்.","நீங்கள் மேலும் தொடர முன், நீங்கள் கணக்கை உருவாக்கும் போது பயன்படுத்திய மின்னஞ்சலுக்குச் செல்வதன் மூலம் உங்கள் ட்விட்டர் கணக்கை உறுதிப்படுத்துவது முக்கியம். உங்கள் இன்பாக்ஸைத் திறந்து உறுதிப்படுத்தல் மின்னஞ்சலைத் தேடுங்கள்.","அடுத்து செல்லும் முன், நீங்கள் account உருவாக்கும்போது கொடுத்த email-க்கு சென்று உங்கள் ட்விட்டர் account-ஐ confirm செய்வது முக்கியம். உங்கள் inbox-ஐத் திறந்து confirmation mail-ஐ பாருங்கள்."
"In your inbox, you will notice an email with a “Confirm now” button. Click on it, and you will be redirected to Twitter’s home page. You will see a message saying your account has been confirmed.","உங்கள் இன்பாக்ஸில், ""இப்போது உறுதிப்படுத்தவும்"" பொத்தானுடன் ஒரு மின்னஞ்சலை நீங்கள் கவனிப்பீர்கள். அதைக் கிளிக் செய்தால், நீங்கள் ட்விட்டரின் முகப்பு பக்கத்திற்கு திருப்பி விடப்படுவீர்கள். உங்கள் கணக்கு உறுதிப்படுத்தப்பட்டுள்ளது என்ற செய்தியை நீங்கள் காண்பீர்கள்.","உங்கள் இன்பாக்ஸில், இப்போது உறுதிப்படுத்து என்ற பொத்தானைக் கொண்ட ஒரு மின்னஞ்சலை நீங்கள் காண்பீர்கள். அதைக் கிளிக் செய்து, நீங்கள் ட்விட்டரின் முகப்புப் பக்கத்திற்கு திருப்பி விடப்படுவீர்கள். உங்கள் கணக்கு உறுதிப்படுத்தப்பட்டதாகக் கூறும் செய்தியை நீங்கள் காண்பீர்கள்.","உங்கள் inbox-இல், “Confirm now” button கொண்ட ஒரு email இருக்கும். அதைப் click செய்தவுடன், நீங்கள் ட்விட்டர் home page-க்கு redirect செய்யப்படுவீர்கள். அங்கு உங்கள் account confirmed ஆனது என்று ஒரு message தோன்றும்."
"Now you are good to go, and you will be able to create a Twitter API successfully. To create a Twitter application, go to apps.twitter.com and click on “Create New App.”","இப்போது நீங்கள் செல்வது நல்லது, நீங்கள் வெற்றிகரமாக ஒரு ட்விட்டர் ஏபிஐ உருவாக்க முடியும். ஒரு ட்விட்டர் பயன்பாட்டை உருவாக்க, apps.twitter.com க்குச் சென்று ""புதிய பயன்பாட்டை உருவாக்கவும்"" என்பதைக் கிளிக் செய்க.","இப்போது நீங்கள் செல்ல நல்லது, நீங்கள் ஒரு ட்விட்டர் API ஐ வெற்றிகரமாக உருவாக்க முடியும். ஒரு ட்விட்டர் பயன்பாட்டை உருவாக்க, apps.twitter.com க்கு சென்று, புதிய பயன்பாட்டை உருவாக்கவும் என்பதைக் கிளிக் செய்க.","இப்போது எல்லாம் தயாராகி விட்டது; நீங்கள் வெற்றிகரமாக ஒரு ட்விட்டர் API உருவாக்க முடியும். ட்விட்டர் application உருவாக்க, apps.twitter.com-க்கு சென்று “Create New App” என்பதை click செய்யவும்"
"Enter a name for your application and add a description. For the website field, you can enter any URL with “http” in front. For example, http://www.google.com. Leave the callback URL blank.","உங்கள் விண்ணப்பத்திற்கு ஒரு பெயரை உள்ளிட்டு ஒரு விளக்கத்தைச் சேர்க்கவும். வலைத்தளப் பகுதிக்கு, நீங்கள் முன் ""HTTP"" உடன் எந்த URL ஐயும் உள்ளிடலாம். எடுத்துக்காட்டாக, http://www.google.com. அழைப்பு URL ஐ காலியாக விடுங்கள்.","உங்கள் பயன்பாட்டிற்கான பெயரை உள்ளிட்டு விளக்கத்தைச் சேர்க்கவும். வலைத்தளத் துறையில், நீங்கள் எந்த URL ஐயும் http உடன் முன்னால் உள்ளிடலாம். எடுத்துக்காட்டாக, http://www.google.com. அழைப்பு URL ஐ காலியாக விட்டு விடுங்கள்.","உங்கள் application-க்கு ஒரு name கொடுத்து, ஒரு description சேர்க்கவும். Website field-இல், “http” கொண்டு தொடங்கும் எந்த URL-யையும் கொடுக்கலாம். உதாரணம்: http://www.google.com. Callback URL-ஐ காலியாக விடுங்கள்."
"Now accept the terms and conditions and click on “Create your Twitter application.” Once the app is created, you will be directed to the app details page.","இப்போது விதிமுறைகளையும் நிபந்தனைகளையும் ஏற்றுக்கொண்டு, ""உங்கள் ட்விட்டர் பயன்பாட்டை உருவாக்கவும்"" என்பதைக் கிளிக் செய்க. பயன்பாடு உருவாக்கப்பட்டவுடன், நீங்கள் பயன்பாட்டு விவரங்கள் பக்கத்திற்கு அனுப்பப்படுவீர்கள்.","இப்போது விதிமுறைகளையும் நிபந்தனைகளையும் ஏற்றுக்கொண்டு உங்கள் ட்விட்டர் பயன்பாட்டை உருவாக்கவும். என்பதைக் கிளிக் செய்க. பயன்பாடு உருவாக்கப்பட்டதும், நீங்கள் பயன்பாட்டு விவரங்கள் பக்கத்திற்கு அனுப்பப்படுவீர்கள்.","இப்போது terms and conditions-ஐ accept செய்து, “Create your Twitter application” என்பதை click செய்யவும். App உருவாக்கப்பட்டதும், நீங்கள் app details page-க்கு கொண்டு செல்லப்படுவீர்கள்."
"On this page, you will find multiple tabs: Details, Settings, Keys and Access Tokens, and Permissions. These tabs contain important information related to your Twitter application.","இந்த பக்கத்தில், நீங்கள் பல தாவல்களைக் காண்பீர்கள்ஃ விவரங்கள், அமைப்புகள், விசைகள் மற்றும் அணுகல் டோக்கன்கள் மற்றும் அனுமதிகள். இந்த தாவல்களில் உங்கள் ட்விட்டர் பயன்பாடு தொடர்பான முக்கியமான தகவல்கள் உள்ளன.","இந்த பக்கத்தில், பல தாவல்களைக் காண்பீர்கள்: விவரங்கள், அமைப்புகள், விசைகள் மற்றும் அணுகல் டோக்கன்கள் மற்றும் அனுமதிகள். இந்த தாவல்கள் உங்கள் ட்விட்டர் பயன்பாட்டுடன் தொடர்புடைய முக்கியமான தகவல்களைக் கொண்டுள்ளன.","இந்த page-இல், பல tabs இருக்கும்: Details, Settings, Keys and Access Tokens, மற்றும் Permissions. இந்த tabs-இல் உங்கள் ட்விட்டர் application-க்கு தொடர்புடைய முக்கியமான தகவல்கள் இருக்கும்."
"Go to the “Keys and Access Tokens” tab. Here you will find your API key and API secret key. You will also need to generate an access token and access token secret.","விசைகள் மற்றும் அணுகல் டோக்கன்கள் தாவலுக்குச் செல்லவும். இங்கே நீங்கள் உங்கள் ஏபிஐ விசை மற்றும் ஏபிஐ ரகசிய விசையைக் காண்பீர்கள். நீங்கள் ஒரு அணுகல் டோக்கனை உருவாக்கி, அணுகல் டோக்கன் ரகசியத்தையும் உருவாக்க வேண்டும்.","Keys and Access Tokens tabக்கு செல்லவும். இங்கு API key மற்றும் API secret key காணப்படும். நீங்கள் ஒரு access token மற்றும் access token secret ஐ உருவாக்க வேண்டும்.","“Keys and Access Tokens” tab-க்கு செல்லவும். இங்கே உங்களின் API key மற்றும் API secret key இருக்கும். அதோடு, நீங்கள் access token மற்றும் access token secret-ஐயும் generate செய்ய வேண்டும்."
"Scroll down and click on “Create my access token.” Once generated, you will see your access token and access token secret displayed on the screen.","கீழே உருட்டி, ""எனது அணுகல் டோக்கனை உருவாக்கவும்"" என்பதைக் கிளிக் செய்க. உருவாக்கப்பட்டவுடன், உங்கள் அணுகல் டோக்கனைக் காண்பீர்கள், மேலும் அணுகல் டோக்கன் ரகசியம் திரையில் காட்டப்படும்.","கீழே ஸ்க்ரோல் செய்து Create my access token ஐ க்ளிக் செய்யவும். உருவாக்கப்பட்டவுடன், உங்கள் அணுகல் டோக்கன் மற்றும் அணுகல் டோக்கன் ரகசியம் திரையில் காண்பிக்கப்படும்.","கீழே scroll செய்து “Create my access token” என்பதை click செய்யவும். Generate ஆனதும், உங்கள் access token மற்றும் access token secret screen-இல் காணப்படும்."
"With these four pieces of information—API key, API secret key, access token, and access token secret—you can now authenticate and connect to the Twitter API programmatically.","இந்த நான்கு தகவல்களுடன்-ஏபிஐ விசை, ஏபிஐ ரகசிய விசை, அணுகல் டோக்கன் மற்றும் அணுகல் டோக்கன் ரகசியம்-நீங்கள் இப்போது ட்விட்டர் ஏபிஐ உடன் நிரல் ரீதியாக அங்கீகரித்து இணைக்கலாம்.","இந்த நான்கு தகவல்களுடன் - API விசை, API ரகசிய விசை, அணுகல் டோக்கன் மற்றும் அணுகல் டோக்கன் ரகசியம். - நீங்கள் இப்போது ட்விட்டர் API உடன் நிரல் ரீதியாக அங்கீகரித்து இணைக்கலாம்.","இந்த நான்கு தகவல்கள்—API key, API secret key, access token, மற்றும் access token secret—உங்களிடம் இருந்தால், நீங்கள் programmatically-ஆக ட்விட்டர் API-க்கு authenticate செய்து connect செய்ய முடியும்."
"Now, let us look at how to install Twython, which is a Python wrapper for the Twitter API. Twython makes it easier to interact with Twitter programmatically.","இப்போது, ட்விட்டர் ஏபிஐக்கு பைத்தான் மடக்கு இருக்கும் ட்வைத்தான் எப்படி நிறுவுவது என்று பார்ப்போம். ட்வைத்தான் ட்விட்டருடன் நிரல் ரீதியாக தொடர்புகொள்வதை எளிதாக்குகிறது.","இப்போது, ட்விட்டர் ஏபிஐக்கான பைதான் ரேப்பர். Twython ஐ எவ்வாறு நிறுவுவது என்பதைப் பார்ப்போம். ட்விட்டருடன் நிரல் ரீதியாக தொடர்புகொள்வதை Twython எளிதாக்குகிறது.","இப்போது, Twython-ஐ install செய்வது எப்படி என்பதைப் பார்ப்போம். இது Python wrapper ஆகும், ட்விட்டர் API-க்காக. Twython மூலம் programmatically ட்விட்டரை எளிதாக interact செய்ய முடியும்."
"Open your terminal and type the command: sudo pip install Twython. This command will download and install Twython on your system.","உங்கள் முனையத்தைத் திறந்து கட்டளையைத் தட்டச்சு செய்யுங்கள்ஃ சூடோ பிப் டுவைதான் நிறுவவும். இந்த கட்டளை உங்கள் கணினியில் டுவைத்தான் பதிவிறக்கம் செய்து நிறுவும்.","உங்கள் terminal ஐ திறந்து, sudo pip install Twython என்ற கட்டளையை தட்டச்சு செய்யவும். இந்த கட்டளை Twython ஐ உங்கள் கணினியில் பதிவிறக்கம் செய்து நிறுவும்.","உங்கள் terminal-ஐ open செய்து, கீழ்க்காணும் command-ஐ type செய்யவும்: sudo pip install Twython இந்த command உங்கள் system-இல் Twython-ஐ download செய்து install செய்யும்."
"Once the installation is complete, you can verify it by opening the Python CLI and typing import Twython. If no error appears, then Twython has been successfully installed.","நிறுவல் முடிந்ததும், பைத்தான் கிளியைத் திறந்து இறக்குமதி ட்வைதான் என்று தட்டச்சு செய்வதன் மூலம் அதை சரிபார்க்கலாம். எந்த பிழையும் தோன்றவில்லை என்றால், ட்வைதான் வெற்றிகரமாக நிறுவப்பட்டுள்ளது.","நிறுவல் முடிந்ததும், Python CLI ஐ திறந்து import Twython என டைப் செய்வதன் மூலம் நீங்கள் சரிபார்க்கலாம். பிழை எதுவும் தோன்றவில்லை என்றால், Twython வெற்றிகரமாக நிறுவப்பட்டுள்ளது.","Installation complete ஆனதும், அதை verify செய்ய Python CLI-ஐ open செய்து, import Twython என்று type செய்யவும். எந்த error-மும் வரவில்லை என்றால், Twython வெற்றிகரமாக install செய்யப்பட்டுள்ளது."
"Now, let us use the Twitter API credentials and Twython together to collect data. We will create a simple Python file to demonstrate this process.","இப்போது, தரவைச் சேகரிக்க ட்விட்டர் ஏபிஐ நற்சான்றிதழ்களையும் ட்வைதனையும் ஒன்றாகப் பயன்படுத்துவோம். இந்த செயல்முறையை நிரூபிக்க ஒரு எளிய பைத்தான் கோப்பை உருவாக்குவோம்.","இப்போது, டேட்டாவை சேகரிக்க ட்விட்டர் ஏபிஐ நற்சான்றிதழ்களையும் ட்வைத்தானையும் ஒன்றாகப் பயன்படுத்துவோம்.. இந்த செயல்முறையை நிரூபிக்க ஒரு எளிய பைதான் பைலை உருவாக்குவோம்.","இப்போது, ட்விட்டர் API credentials மற்றும் Twython-ஐ சேர்த்து data collect செய்வதைப் பார்ப்போம். இதற்காக, ஒரு simple Python file உருவாக்கி demonstration செய்யலாம்."
"In the Python file, first import Twython: from twython import Twython. Then define four variables for your API key, API secret, access token, and access token secret.","பைத்தான் கோப்பில், முதலில் இறக்குமதி ட்வைத்தான்ஃ ட்வைத்தானிலிருந்து இறக்குமதி ட்வைத்தான். பின்னர் உங்கள் ஏபிஐ விசை, ஏபிஐ ரகசியம், அணுகல் டோக்கன் மற்றும் அணுகல் டோக்கன் ரகசியம் ஆகியவற்றிற்கு நான்கு மாறிகளை வரையறுக்கவும்.","Python fileல், முதலில் Twython ஐ import செய்யவும்: twython இலிருந்து Twython ஐ import செய்யவும். பின்னர் உங்கள் API key, API secret, access token மற்றும் access token secret ஆகிய நான்கு variablesகளை வரையறுக்கவும்.","Python file-இல், முதலில் Twython-ஐ import செய்யவும்: from twython import Twython பின்னர், நான்கு variables-ஐ define செய்யவும்: API key, API secret, access token, access token secret."
"In this tutorial, we will learn how to use databases to store the data collected from various OSNs. We will start off with MySQL.","இந்த பயிற்சியில், பல்வேறு ஓஎஸ்என்எஸ் இலிருந்து சேகரிக்கப்பட்ட தரவை சேமிக்க தரவுத்தளங்களை எவ்வாறு பயன்படுத்துவது என்பதைக் கற்றுக்கொள்வோம். நாம் MySQL உடன் தொடங்குவோம்.","இந்த டுடோரியலில், பல்வேறு OSN களில் இருந்து சேகரிக்கப்பட்ட தரவை சேமிக்க டேட்டாபேஸ்களை எவ்வாறு பயன்படுத்துவது என்பதை கற்றுக்கொள்வோம். MySQL உடன் தொடங்குவோம்.","இந்த tutorial-இல், பல்வேறு OSNs-இல் இருந்து சேகரிக்கப்பட்ட data-வை databases-ல் எப்படி store செய்வது என்பதை கற்போம். நாம் MySQL-இல் இருந்து தொடங்குவோம்."
"MySQL is a database management system which uses a relational database and SQL. As the first step, we will install MySQL.","MySQL என்பது ஒரு தொடர்புடைய தரவுத்தளம் மற்றும் SQL ஐப் பயன்படுத்தும் ஒரு தரவுத்தள மேலாண்மை அமைப்பாகும். முதல் படியாக, நாம் MySQL ஐ நிறுவுவோம்.","MySQL என்பது ஒரு டேட்டாபேஸ் மேனேஜ்மென்ட் சிஸ்டம் ஆகும், இது ஒரு ரிலேஷனல் டேட்டாபேஸ் மற்றும் SQL ஐப் பயன்படுத்துகிறது, முதல் படியாக, நாம் MySQL ஐ நிறுவுவோம்.","MySQL என்பது relational database மற்றும் SQL-ஐ பயன்படுத்தும் ஒரு database management system ஆகும். முதல் படியாக, MySQL-ஐ install செய்வோம்."
"To do that, go to your terminal and type: sudo apt-get install mysql-server Press enter and enter your sudo password.","அதைச் செய்ய, உங்கள் முனையத்திற்குச் சென்று வகைஃ சூடோ ஆப்டி-மைஸ்க்யூஎல்-சேவையகத்தை நிறுவவும் உங்கள் போலி கடவுச்சொல்லை உள்ளிடவும் உள்ளிடவும் அழுத்தவும்.","அதைச் செய்ய, உங்கள் டெர்மினலுக்குச் சென்று, sudo apt-get install mysql-server என டைப் செய்து, நுழைந்து உங்கள் sudo கடவுச்சொல்லை உள்ளிடவும்.","அதைச் செய்ய, உங்கள் terminal-இல் type செய்யவும்: sudo apt-get install mysql-server Enter அழுத்தி, உங்கள் sudo password-ஐ உள்ளிடவும்."
"Now, you will be prompted for a password. Make sure to note it down because you will need it later.","இப்போது, நீங்கள் ஒரு கடவுச்சொல்லைக் கேட்பீர்கள். அதைக் குறிப்பிடுவதை உறுதிப்படுத்திக் கொள்ளுங்கள், ஏனென்றால் உங்களுக்கு அது பின்னர் தேவைப்படும்.","இப்போது, ஒரு கடவுச்சொல்லை நீங்கள் கேட்கப்படுவீர்கள். அதைக் குறிப்பிடுவதை உறுதிசெய்க, ஏனெனில் உங்களுக்கு பின்னர் தேவைப்படும்.","இப்போது, உங்களிடம் password கேட்கப்படும். அதை note செய்து கொள்ளுங்கள், ஏனெனில் பின்னர் அதைப் பயன்படுத்த வேண்டியிருக்கும்."
"During the installation process, you will be asked to set a password for the MySQL root user. This password is very important because you will need it later to log in and configure your database. It is strongly recommended to write it down somewhere safe so that you do not forget it. Without this password, you may not be able to access MySQL administration features in the future.","நிறுவல் செயல்முறையின் போது, MySQL வேர் பயனருக்கு ஒரு கடவுச்சொல்லை அமைக்கும்படி கேட்கப்படுவீர்கள். இந்த கடவுச்சொல் மிகவும் முக்கியமானது, ஏனெனில் உங்கள் தரவுத்தளத்தை உள்நுழைந்து கட்டமைக்க உங்களுக்கு இது பின்னர் தேவைப்படும். நீங்கள் அதை மறந்துவிடாமல் இருக்க அதை எங்காவது பாதுகாப்பாக எழுத கடுமையாக பரிந்துரைக்கப்படுகிறது. இந்த கடவுச்சொல் இல்லாமல், எதிர்காலத்தில் நீங்கள் MySQL நிர்வாக அம்சங்களை அணுக முடியாமல் போகலாம்.","நிறுவல் செயல்பாட்டின் போது, MySQL root பயனருக்கான கடவுச்சொல்லை அமைக்கும்படி கேட்கப்படும் இந்த கடவுச்சொல் மிகவும் முக்கியமானது, ஏனெனில் உங்கள் தரவுத்தளத்தில் உள்நுழைந்து கட்டமைக்க உங்களுக்கு பின்னர் இது தேவைப்படும். நீங்கள் அதை மறந்துவிடாதபடி எங்காவது பாதுகாப்பாக எழுத பரிந்துரைக்கப்படுகிறது. இந்த கடவுச்சொல் இல்லாமல், நீங்கள் எதிர்காலத்தில் MySQL நிர்வாக அம்சங்களை அணுக. முடியாது.","Installation செய்கையில், MySQL root user-க்கு ஒரு password அமைக்கும்படி கேட்கப்படும். இந்த password மிகவும் முக்கியமானது, ஏனெனில் பின்னர் நீங்கள் database-ஐ configure செய்யவும் login செய்யவும் இதை பயன்படுத்த வேண்டியிருக்கும். இந்த password-ஐ நீங்கள் மறக்காமல் பாதுகாப்பாக எங்காவது எழுதிப் பதிவு செய்து வைக்க பரிந்துரைக்கப்படுகிறது. இல்லையெனில், எதிர்காலத்தில் MySQL administration-ஐ அணுக முடியாமல் போகும் அபாயம் உண்டு."
"After the installation, the next step is to configure MySQL for secure usage. To do this, you need to run the MySQL secure installation command in your terminal: sudo mysql_secure_installation. This process allows you to set up important security options such as password settings, account removal, and root login permissions. By completing this step, you ensure that your MySQL server is protected from unauthorized access.","நிறுவல் செயல்முறையின் போது, MySQL வேர் பயனருக்கு ஒரு கடவுச்சொல்லை அமைக்கும்படி கேட்கப்படுவீர்கள். இந்த கடவுச்சொல் மிகவும் முக்கியமானது, ஏனெனில் உங்கள் தரவுத்தளத்தை உள்நுழைந்து கட்டமைக்க உங்களுக்கு இது பின்னர் தேவைப்படும். நீங்கள் அதை மறந்துவிடாமல் இருக்க அதை எங்காவது பாதுகாப்பாக எழுத கடுமையாக பரிந்துரைக்கப்படுகிறது. இந்த கடவுச்சொல் இல்லாமல், எதிர்காலத்தில் நீங்கள் MySQL நிர்வாக அம்சங்களை அணுக முடியாமல் போகலாம்.","நிறுவிய பின், அடுத்த கட்டம் MySQL ஐ பாதுகாப்பான பயன்பாட்டிற்காக கட்டமைப்பதாகும். இதைச் செய்ய, உங்கள் முனையத்தில் MySQL பாதுகாப்பான நிறுவல் கட்டளையை இயக்க வேண்டும்: sudo mysql_secure_installation இந்த செயல்முறை கடவுச்சொல் அமைப்புகள், கணக்கு நீக்கம் மற்றும் ரூட் உள்நுழைவு அனுமதிகள் போன்ற முக்கியமான பாதுகாப்பு விருப்பங்களை அமைக்க உங்களை அனுமதிக்கிறது. இந்த படி முடிப்பதன் மூலம், உங்கள் MySQL சேவையகம் அங்கீகரிக்கப்படாத அணுகலில் இருந்து பாதுகாக்கப்படுவதை உறுதிசெய்கிறீர்கள்","Installation முடிந்ததும், அடுத்த படியாக MySQL-ஐ பாதுகாப்பாக configure செய்ய வேண்டும். அதற்காக, உங்கள் terminal-இல் sudo mysql_secure_installation என்ற command-ஐ இயக்க வேண்டும். இந்த செயல்முறை மூலம் password அமைப்பு, தேவையற்ற accounts-ஐ நீக்குதல், root login permissions போன்ற முக்கியமான பாதுகாப்பு அமைப்புகளைச் செய்ய முடியும். இதைச் செய்வதன் மூலம், உங்கள் MySQL server-ஐ அனுமதி இல்லாமல் அணுகுவதைத் தடுக்கும்."
"When prompted, enter the root password you created earlier. The system will then ask if you want to change the root password, but since you already set it, simply type “n” and continue. This ensures that the root account remains consistent with the password you already noted down. Skipping unnecessary changes also avoids confusion later during login.","கட்டளையிடப்படும்போது, நீங்கள் முன்பு உருவாக்கிய ரூட் கடவுச்சொல்லை உள்ளிடவும். கணினி பின்னர் நீங்கள் ரூட் கடவுச்சொல்லை மாற்ற விரும்புகிறீர்களா என்று கேட்கும், ஆனால் நீங்கள் ஏற்கனவே அதை அமைத்துள்ளதால், வெறுமனே ""n"" என்று தட்டச்சு செய்து தொடரவும். நீங்கள் ஏற்கனவே குறிப்பிட்ட கடவுச்சொல்லுடன் ரூட் கணக்கு சீராக இருப்பதை இது உறுதி செய்கிறது. தேவையற்ற மாற்றங்களைத் தவிர்ப்பது பின்னர் உள்நுழையும் போது குழப்பத்தையும் தவிர்க்கிறது.","கேட்கப்படும் போது, நீங்கள் முன்பு உருவாக்கிய root password ஐ உள்ளிடவும். நீங்கள் root password ஐ மாற்ற விரும்புகிறீர்களா என்று system கேட்கும், ஆனால் நீங்கள் ஏற்கனவே அதை அமைத்துள்ளதால், வெறுமனே n என டைப் செய்து தொடரவும். இது நீங்கள் ஏற்கனவே குறிப்பிட்டுள்ள கடவுச்சொல்லுடன் ரூட் கணக்கு தொடர்ந்து இருப்பதை உறுதி செய்கிறது. தேவையற்ற மாற்றங்களை தவிர்ப்பது, பின்னர் உள்நுழைவின் போது குழப்பத்தை தவிர்க்கிறது.","Prompt வந்ததும், நீங்கள் முன்பு அமைத்த root password-ஐ உள்ளிடவும். பின்னர், root password-ஐ மாற்ற விரும்புகிறீர்களா என்று கேட்கப்படும், ஆனால் ஏற்கனவே அமைத்துள்ளதால், “n” என type செய்து தொடரவும். இதனால், root account ஏற்கனவே அமைக்கப்பட்ட password-இன் அடிப்படையில் செயல்படும். தேவையற்ற மாற்றங்களை தவிர்ப்பதன் மூலம், எதிர்கால login-இல் குழப்பங்கள் தவிர்க்கப்படும்."
"The configuration process also provides options to remove anonymous accounts and disallow remote root logins. Both of these are important for security, so you can safely press “n” when asked, which means you are choosing to disable insecure features. Additionally, the setup will ask if you want to remove the default test database. It is better to delete it since it is not required for production usage.","உள்ளமைவு செயல்முறை அநாமதேய கணக்குகளை அகற்றுவதற்கும் தொலைநிலை வேர் உள்நுழைவுகளை அனுமதிக்காததற்கும் விருப்பங்களை வழங்குகிறது. இவை இரண்டும் பாதுகாப்புக்கு முக்கியமானவை, எனவே கேட்கப்படும்போது நீங்கள் பாதுகாப்பாக ""n"" ஐ அழுத்தலாம், அதாவது நீங்கள் பாதுகாப்பற்ற அம்சங்களை முடக்க தேர்வு செய்கிறீர்கள். கூடுதலாக, இயல்புநிலை சோதனை தரவுத்தளத்தை நீங்கள் அகற்ற விரும்புகிறீர்களா என்று அமைப்பு கேட்கும். உற்பத்தி பயன்பாட்டிற்கு இது தேவையில்லை என்பதால் அதை நீக்குவது நல்லது.","கான்ஃபிகுரேஷன் செயல்முறை அநாமதேய கணக்குகளை அகற்றவும், தொலைநிலை ரூட் உள்நுழைவுகளை அனுமதிக்காத விருப்பங்களையும் வழங்குகிறது. இவை இரண்டும் பாதுகாப்பிற்கு முக்கியம், எனவே கேட்கப்படும் போது நீங்கள் பாதுகாப்பாக 'n' ஐ அழுத்தலாம், அதாவது பாதுகாப்பற்ற அம்சங்களை முடக்க நீங்கள் தேர்வு செய்கிறீர்கள். கூடுதலாக, நீங்கள் இயல்புநிலை சோதனை டேட்டாபேஸ் அகற்ற வேண்டுமா என்று அமைவு கேட்கும். உற்பத்தி பயன்பாட்டிற்கு இது தேவையில்லை என்பதால் அதை நீக்குவது நல்லது","Configuration செயல்முறையில், anonymous accounts-ஐ நீக்குதல் மற்றும் remote root login-ஐ முடக்குதல் போன்ற விருப்பங்களும் வழங்கப்படும். இரண்டும் பாதுகாப்பிற்காக முக்கியமானவை, எனவே “n” அழுத்துவது நல்லது, இது பாதுகாப்பற்ற அம்சங்களை முடக்குவதை குறிக்கும். கூடுதலாக, default test database-ஐ நீக்க வேண்டுமா என்று கேட்கப்படும். இது production பயன்பாட்டிற்கு தேவையில்லாததால், அதை delete செய்வது சிறந்தது."
"Finally, you will be asked to reload the privilege tables so that all the new settings take effect. Type “yes” when prompted, and the configuration will finish successfully. At this point, the installation and secure configuration of MySQL is complete, and your system is ready to use it as a relational database for your applications.","இறுதியாக, அனைத்து புதிய அமைப்புகளும் நடைமுறைக்கு வரும் வகையில் சலுகை அட்டவணைகளை மீண்டும் ஏற்றும்படி கேட்கப்படுவீர்கள். கட்டளையிடப்படும்போது ""ஆம்"" என்று தட்டச்சு செய்யுங்கள், மேலும் உள்ளமைவு வெற்றிகரமாக முடிவடையும். இந்த கட்டத்தில், MySQL இன் நிறுவல் மற்றும் பாதுகாப்பான உள்ளமைவு நிறைவடைந்துள்ளது, மேலும் உங்கள் கணினி உங்கள் பயன்பாடுகளுக்கான உறவு தரவுத்தளமாக பயன்படுத்த தயாராக உள்ளது.","இறுதியாக, அனைத்து புதிய செட்டிங் களும் நடைமுறைக்கு வரும் வகையில், ப்ரீவிலேஜ் டேபிள்களை ரீலோட் செய்ய நீங்கள் கேட்கப்படுவீர்கள். ஆம் எனத் தட்டச்சு செய்யும் போது, கட்டமைப்பு வெற்றிகரமாக முடிவடையும். இந்த கட்டத்தில், MySQL இன் நிறுவல் மற்றும் பாதுகாப்பான உள்ளமைவு முடிவடைகிறது, மேலும் உங்கள் கணினி உங்கள் பயன்பாடுகளுக்கான ரிலேஷனல் டேட்டாபேஸாக பயன்படுத்த தயாராக உள்ளது.","இறுதியில், privilege tables-ஐ reload செய்து அனைத்து புதிய அமைப்புகளும் செயல்படும்படி செய்யுமாறு கேட்கப்படும். Prompt வந்ததும் “yes” என type செய்யவும், இதனால் configuration வெற்றிகரமாக முடியும். இந்த நிலையில், MySQL-இன் installation மற்றும் பாதுகாப்பான configuration முடிந்துவிடும், மேலும் உங்கள் system-ல் applications-க்கான relational database-ஆக பயன்படுத்தத் தயாராக இருக்கும்."
"Now, to connect Python to MySQL, we will need the MySQLdb module. To do this, type the following command in your terminal. Note that instead of using the usual apt-get install, we are going to use the apt-get build-dep command, which is designed to build dependencies for a specific package. This step ensures that the required dependencies are properly installed before we continue. Once the dependencies are handled, we can move to the next installation step.","இப்போது, பைத்தானை MySQL உடன் இணைக்க, நமக்கு MySQLDB தொகுதி தேவைப்படும். இதைச் செய்ய, உங்கள் முனையத்தில் பின்வரும் கட்டளையைத் தட்டச்சு செய்யவும். வழக்கமான apt-get நிறுவலைப் பயன்படுத்துவதற்குப் பதிலாக, ஒரு குறிப்பிட்ட தொகுப்பிற்கான சார்புகளை உருவாக்க வடிவமைக்கப்பட்ட apt-get கட்டமைப்பு-dep கட்டளையைப் பயன்படுத்தப் போகிறோம் என்பதை நினைவில் கொள்க. இந்த படி நாம் தொடர்வதற்கு முன்பு தேவையான சார்புகள் சரியாக நிறுவப்படுவதை உறுதி செய்கிறது. சார்புகள் கையாளப்பட்டவுடன், அடுத்த நிறுவல் நிலைக்கு நாம் செல்லலாம்.","இப்போது, பைத்தானை MySQL உடன் இணைக்க, நமக்கு MySQLdb தொகுதி தேவைப்படும். இதைச் செய்ய, பின்வரும் கட்டளையை உங்கள் முனையத்தில் தட்டச்சு செய்யவும். வழக்கமான apt-get install ஐப் பயன்படுத்துவதற்குப் பதிலாக, apt-get build-dep command ஐப் பயன்படுத்தப் போகிறோம் என்பதை நினைவில் கொள்க, இது ஒரு குறிப்பிட்ட தொகுப்பிற்கான சார்புகளை உருவாக்க வடிவமைக்கப்பட்டுள்ளது. இந்த படி நாம் தொடர்வதற்கு முன் தேவையான சார்புநிலைகள் சரியாக நிறுவப்பட்டிருப்பதை உறுதி செய்கிறது சார்புநிலைகள் கையாளப்பட்டவுடன், அடுத்த நிறுவல் படிக்கு செல்லலாம்.","இப்போது, Python-ஐ MySQL-க்கு இணைக்க, MySQLdb மொட்யூலை தேவைப்படுகின்றது. அதற்காக, உங்கள் டெர்மினலில் பின்வரும் கட்டளையை இடுங்கள். இங்கு வழக்கமான apt-get install பயன்படுத்தாமல், apt-get build-dep என்ற கட்டளையைப் பயன்படுத்துகிறோம், இது குறிப்பிட்ட ஒரு பேக்கேஜுக்கான தேவையான சார்புகளை (dependencies) நிறுவுகிறது. இந்தப் படி முடிந்தவுடன், அடுத்த நிறுவல் கட்டத்திற்குச் செல்லலாம்."
"The next step is to install the Python MySQL library. You can do this by typing the command sudo pip install MySQL-python in your terminal. This will install the necessary Python package that allows communication with the MySQL database. With this done, you will have both MySQL and its integration with Python ready on your system. This completes the installation part, and now we can move on to testing.","இப்போது, பைத்தானை MySQL உடன் இணைக்க, நமக்கு MySQLDB தொகுதி தேவைப்படும். இதைச் செய்ய, உங்கள் முனையத்தில் பின்வரும் கட்டளையைத் தட்டச்சு செய்யவும். வழக்கமான apt-get நிறுவலைப் பயன்படுத்துவதற்குப் பதிலாக, ஒரு குறிப்பிட்ட தொகுப்பிற்கான சார்புகளை உருவாக்க வடிவமைக்கப்பட்ட apt-get கட்டமைப்பு-dep கட்டளையைப் பயன்படுத்தப் போகிறோம் என்பதை நினைவில் கொள்க. இந்த படி நாம் தொடர்வதற்கு முன்பு தேவையான சார்புகள் சரியாக நிறுவப்படுவதை உறுதி செய்கிறது. சார்புகள் கையாளப்பட்டவுடன், அடுத்த நிறுவல் நிலைக்கு நாம் செல்லலாம்.","அடுத்த கட்டம் பைதான் MySQL நூலகத்தை நிறுவுவதாகும் sudo pip install MySQL-python என்ற கட்டளையை உங்கள் முனையத்தில் தட்டச்சு செய்வதன் மூலம் இதைச் செய்யலாம். இது MySQL டேட்டாபேஸுடன் தொடர்பு கொள்ள அனுமதிக்கும். தேவையான Python packageஐ நிறுவும். இதைச் செய்தவுடன், உங்கள் கணினியில் MySQL மற்றும் பைதான் உடன் அதன் ஒருங்கிணைப்பு இரண்டும் தயாராக இருக்கும். இது நிறுவல் பகுதியை நிறைவு செய்கிறது, இப்போது நாம் சோதனைக்கு செல்லலாம்","அடுத்த கட்டமாக, Python MySQL நூலகத்தை நிறுவ வேண்டும். இதற்காக, உங்கள் டெர்மினலில் sudo pip install MySQL-python என்ற கட்டளையை இடுங்கள். இதன் மூலம், MySQL தரவுத்தளத்துடன் Python தொடர்பு கொள்ள தேவையான பைதான் பேக்கேஜ் நிறுவப்படும். இதனால், உங்கள் கணினியில் MySQL மற்றும் அதன் Python ஒருங்கிணைப்பு தயாராகும். இதன் மூலம் நிறுவல் பகுதி நிறைவடைகிறது, அடுத்து நாம் சோதனை செய்யலாம்."
"To verify whether the installation was successful, let us open the Python CLI. Type python in your terminal, and once you are inside the console, try importing the module using import MySQLdb. If it has been installed correctly, no error will appear. This step ensures that both the database and the Python integration are functioning properly before moving forward.","நிறுவல் வெற்றிகரமாக இருந்ததா என்பதை சரிபார்க்க, பைத்தான் கிளியைத் திறப்போம். உங்கள் முனையத்தில் பைத்தானை தட்டச்சு செய்யுங்கள், நீங்கள் கன்சோலுக்குள் வந்தவுடன், இறக்குமதி MySQLDb ஐப் பயன்படுத்தி தொகுதியை இறக்குமதி செய்ய முயற்சிக்கவும். அது சரியாக நிறுவப்பட்டிருந்தால், எந்த பிழையும் தோன்றாது. இந்த படி, தரவுத்தளம் மற்றும் பைத்தான் ஒருங்கிணைப்பு இரண்டும் முன்னேறுவதற்கு முன்பு சரியாக செயல்படுவதை உறுதி செய்கிறது.","நிறுவல் வெற்றிகரமாக இருக்கிறதா என்பதை சரிபார்க்க, Python CLI ஐத் திறப்போம். உங்கள் முனையத்தில் பைத்தானை தட்டச்சு செய்து, கன்சோலுக்குள் நுழைந்ததும், MySQLdb ஐ இறக்குமதி செய்வதன் மூலம் தொகுதியை இறக்குமதி செய்ய முயற்சிக்கவும். சரியாக நிறுவப்பட்டிருந்தால், எந்த பிழையும் தோன்றாது. இந்த படி, டேட்டாபேஸ் மற்றும் பைதான் இன்டெக்ரேஷன் இரண்டும் முன்னோக்கி நகரும் முன் சரியாக செயல்படுவதை உறுதி செய்கிறது","நிறுவல் வெற்றிகரமாக நடந்ததா என்பதை உறுதிப்படுத்த, முதலில் Python CLI-யை திறப்போம். உங்கள் டெர்மினலில் python என தட்டச்சு செய்யவும், பின்னர் கன்சோலில் உள்ளே சென்றவுடன் import MySQLdb எனும் கட்டளையை இடவும். சரியாக நிறுவப்பட்டிருந்தால் எந்தவிதமான பிழையும் தோன்றாது. இதன் மூலம், தரவுத்தளமும் Python ஒருங்கிணைப்பும் சரியாக செயல்படுகின்றன என்பதை உறுதி செய்யலாம்."
"Now, let us see how to actually use MySQL. Start by logging into your MySQL account using the command mysql -u root -p. Enter the password that you had set earlier, and you will be taken inside the MySQL prompt. From here, you can issue commands to create and manage databases. This is the environment where you will store and manage the collected data.","இப்போது, MySQL ஐ உண்மையில் எவ்வாறு பயன்படுத்துவது என்று பார்ப்போம். mysql-u ரூட்-p கட்டளையைப் பயன்படுத்தி உங்கள் MySQL கணக்கில் உள்நுழைவதன் மூலம் தொடங்குங்கள். நீங்கள் முன்பு அமைத்த கடவுச்சொல்லை உள்ளிடவும், நீங்கள் MySQL வரியில் எடுக்கப்படுவீர்கள். இங்கிருந்து, தரவுத்தளங்களை உருவாக்கி நிர்வகிக்க நீங்கள் கட்டளைகளை வழங்கலாம். சேகரிக்கப்பட்ட தரவை நீங்கள் சேமித்து நிர்வகிக்கும் சூழல் இது.","இப்போது, உண்மையில் MySQL ஐ எவ்வாறு பயன்படுத்துவது என்று பார்ப்போம். mysql -u root -p என்ற கட்டளையைப் பயன்படுத்தி உங்கள் MySQL கணக்கில் உள்நுழைவதன் மூலம் தொடங்கவும் நீங்கள் முன்னர் அமைத்த கடவுச்சொல்லை உள்ளிடவும், நீங்கள் MySQL வரியில் உள்ளே எடுக்கப்படுவீர்கள். இங்கிருந்து, நீங்கள் தரவுத்தளங்களை உருவாக்க மற்றும் நிர்வகிக்க கட்டளைகளை வழங்கலாம் சேகரிக்கப்பட்ட டேட்டாவை நீங்கள் சேமித்து நிர்வகிக்கும் சூழல் இது","இப்போது MySQL-ஐ எவ்வாறு பயன்படுத்துவது என்பதைப் பார்ப்போம். முதலில், mysql -u root -p என்ற கட்டளையை பயன்படுத்தி உங்கள் MySQL கணக்கில் உள்நுழையுங்கள். முன்பே அமைத்த கடவுச்சொல்லை உள்ளிடுங்கள், பின்னர் நீங்கள் MySQL ப்ராம்ப்டுக்குள் செல்ல முடியும். இங்கிருந்து, தரவுத்தளங்களை உருவாக்கவும், நிர்வகிக்கவும் தேவையான கட்டளைகளை இடலாம். இது தான் நீங்கள் சேகரித்த தரவுகளைச் சேமிக்கவும் நிர்வகிக்கவும் பயன்படுத்தும் சூழல்."
"Inside the MySQL prompt, let us create a new database to store our data. Type the command CREATE DATABASE osn_data;. This will create a database called osn_data, which will serve as the container for storing all the collected information. Creating a dedicated database ensures that the data from our Twitter API experiments remain organized and easy to manage.","MySQL விளம்பரத்திற்குள், எங்கள் தரவைச் சேமிக்க ஒரு புதிய தரவுத்தளத்தை உருவாக்குவோம். கட்டளையை உருவாக்கவும் தரவுத்தளத்தை தட்டச்சு செய்யுங்கள்; இது ஓஎஸ்என் _ டேட்டா என்ற தரவுத்தளத்தை உருவாக்கும், இது சேகரிக்கப்பட்ட அனைத்து தகவல்களையும் சேமிப்பதற்கான கொள்கலனாக செயல்படும். ஒரு பிரத்யேக தரவுத்தளத்தை உருவாக்குவது எங்கள் ட்விட்டர் ஏபிஐ சோதனைகளின் தரவு ஒழுங்கமைக்கப்பட்டு நிர்வகிக்க எளிதானது என்பதை உறுதி செய்கிறது.","MySQL ப்ராம்ப்டுக்குள், எங்கள் டேட்டாவை சேமிக்க ஒரு புதிய டேட்டாபேஸ் உருவாக்குவோம். CREATE DATABASE osn_data என்ற கட்டளையை தட்டச்சு செய்யவும்; இது osn_data எனப்படும் டேட்டாபேஸ் ஐ உருவாக்கும், இது சேகரிக்கப்பட்ட அனைத்து தகவல்களையும் சேமிப்பதற்கான கொள்கலனாக செயல்படும் ஒரு பிரத்யேக தரவுத்தளத்தை உருவாக்குவது, எங்கள் ட்விட்டர் API சோதனைகளிலிருந்து தரவு ஒழுங்கமைக்கப்பட்டதாகவும் நிர்வகிக்க எளிதாகவும் இருப்பதை உறுதி. செய்கிறது","MySQL ப்ராம்ப்டுக்குள் சென்றவுடன், தரவைச் சேமிக்க புதிய தரவுத்தளத்தை உருவாக்குவோம். CREATE DATABASE osn_data; என்ற கட்டளையை இடுங்கள். இதனால் osn_data என்ற பெயருடன் ஒரு தரவுத்தளம் உருவாகும், இது நாம் சேகரித்த அனைத்து தகவல்களையும் சேமிக்க ஒரு கொண்டெய்னராக செயல்படும். தனித்த தரவுத்தளத்தை உருவாக்குவது, Twitter API மூலம் பெறப்படும் தரவுகள் ஒழுங்காகவும் எளிதாக நிர்வகிக்கப்படுவதையும் உறுதி செய்கிறது."
"Next, we need a table to store the actual tweets. First, switch to the database we just created by typing USE osn_data;. Now, create a table using a CREATE TABLE command where we will define two fields: one for the tweet ID and another for the tweet text. Here, we set the tweet ID as the primary key to ensure each entry remains unique. With this, the database and table are ready to hold the data.","அடுத்து, உண்மையான ட்வீட்களை சேமிக்க எங்களுக்கு ஒரு அட்டவணை தேவை. முதலில், பயன்பாட்டு ஓஎஸ்என் _ தரவைத் தட்டச்சு செய்வதன் மூலம் நாம் இப்போது உருவாக்கிய தரவுத்தளத்திற்கு மாறவும்; இப்போது, ஒரு உருவாக்க அட்டவணை கட்டளையைப் பயன்படுத்தி ஒரு அட்டவணையை உருவாக்கவும், அங்கு நாம் இரண்டு புலங்களை வரையறுப்போம்ஃ ஒன்று ட்வீட் ஐடிக்கும் மற்றொன்று ட்வீட் உரைக்கும். இங்கே, ஒவ்வொரு உள்ளீடும் தனித்துவமாக இருப்பதை உறுதி செய்வதற்கான முதன்மை விசையாக ட்வீட் ஐடியை அமைக்கிறோம். இதன் மூலம், தரவுத்தளம் மற்றும் அட்டவணை தரவை வைத்திருக்க தயாராக உள்ளன.","அடுத்து, உண்மையான ட்வீட்களை சேமிக்க எங்களுக்கு ஒரு அட்டவணை தேவை. முதலில், USE osn_data என டைப் செய்வதன் மூலம் நாம் உருவாக்கிய டேட்டாபேஸ்க்கு மாறவும்; இப்போது, CREATE TABLE கட்டளையைப் பயன்படுத்தி ஒரு அட்டவணையை உருவாக்கவும், அங்கு இரண்டு புலங்களை வரையறுப்போம்: ஒன்று ட்வீட் ஐடிக்கு, மற்றொன்று ட்வீட் உரைக்கு. இங்கே, ஒவ்வொரு நுழைவும் தனித்துவமாக இருப்பதை உறுதிசெய்ய ட்வீட் ஐடியை முதன்மை விசையாக அமைக்கிறோம் இதன் மூலம், டேட்டாபேஸ் மற்றும். டேபிள் டேட்டாவை வைத்திருக்க தயாராக உள்ளன.","அடுத்ததாக, ட்வீட்களைச் சேமிக்க ஒரு அட்டவணை தேவைப்படுகிறது. முதலில், USE osn_data; என தட்டச்சு செய்து, நாம் உருவாக்கிய தரவுத்தளத்திற்குச் செல்லுங்கள். இப்போது, CREATE TABLE கட்டளையைப் பயன்படுத்தி ஒரு அட்டவணையை உருவாக்குங்கள், இதில் இரண்டு புலங்கள் இருக்கும்: ஒன்று ட்வீட் ஐடி, மற்றொன்று ட்வீட் உரை. இங்கு, ஒவ்வொரு பதிவும் தனித்துவமாக இருக்கும்படி ட்வீட் ஐடியை முதன்மை விசையாக அமைக்கிறோம். இதன்மூலம், தரவுத்தளமும் அட்டவணையும் தரவை சேமிக்கத் தயாராகிவிட்டன."
"Let us now explore how to insert previously collected data from Twitter into the MySQL database. Go back to the script we wrote earlier for collecting real-time data using the streaming API. When monitoring a large set of keywords over time, storing the results in a database is very useful because it allows indexing and makes querying the data easier later. This way, the collected tweets remain structured and accessible for analysis.","ட்விட்டரிலிருந்து முன்பு சேகரிக்கப்பட்ட தரவை மைஸ்க்யூஎல் தரவுத்தளத்தில் எவ்வாறு செருகுவது என்பதை இப்போது ஆராய்வோம். ஸ்ட்ரீமிங் ஏபிஐ பயன்படுத்தி நிகழ்நேர தரவை சேகரிப்பதற்காக நாங்கள் முன்பு எழுதிய ஸ்கிரிப்ட்டுக்குத் திரும்புங்கள். காலப்போக்கில் ஒரு பெரிய முக்கிய வார்த்தைகளைக் கண்காணிக்கும்போது, ஒரு தரவுத்தளத்தில் முடிவுகளைச் சேமிப்பது மிகவும் பயனுள்ளதாக இருக்கும், ஏனெனில் இது குறியீட்டை அனுமதிக்கிறது மற்றும் பின்னர் தரவைக் கேட்பதை எளிதாக்குகிறது. இந்த வழியில், சேகரிக்கப்பட்ட ட்வீட்கள் கட்டமைக்கப்பட்டதாகவும் பகுப்பாய்விற்கு அணுகக்கூடியதாகவும் உள்ளன.","ட்விட்டரில் இருந்து முன்பு சேகரிக்கப்பட்ட டேட்டாவை MySQL டேட்டாபேஸில் எவ்வாறு இன்சர்ட் செய்வது என்பதை இப்போது ஆராய்வோம். ஸ்ட்ரீமிங் API ஐப் பயன்படுத்தி நிகழ்நேர தரவைச் சேகரிப்பதற்காக நாம் முன்பு எழுதிய ஸ்கிரிப்ட்டுக்குச் செல்லுங்கள். காலப்போக்கில் ஒரு பெரிய முக்கிய சொற்களைக் கண்காணிக்கும்போது, முடிவுகளை ஒரு தரவுத்தளத்தில் சேமிப்பது மிகவும் பயனுள்ளதாக இருக்கும், ஏனெனில் இது குறியீட்டை அனுமதிக்கிறது மற்றும் தரவை. பின்னர் வினவலை எளிதாக்குகிறது இந்த வழியில், சேகரிக்கப்பட்ட ட்வீட்ஸ் கட்டமைக்கப்பட்ட மற்றும் பகுப்பாய்வுக்கு அணுகக்கூடியதாக இருக்கும்","இப்போது, முன்பு சேகரிக்கப்பட்ட Twitter தரவை MySQL தரவுத்தளத்தில் எவ்வாறு சேர்ப்பது என்பதைப் பார்ப்போம். ஸ்ட்ரீமிங் API-யை பயன்படுத்தி நேரடித் தரவை சேகரிக்க நாம் முன்பு எழுதிய ஸ்கிரிப்டுக்குத் திரும்பிச் செல்லுங்கள். அதிக அளவிலான முக்கிய சொற்களை நீண்ட காலமாக கண்காணிக்கும் போது, முடிவுகளை தரவுத்தளத்தில் சேமிப்பது மிகவும் பயனுள்ளதாகும், ஏனெனில் அது தரவை குறியிடவும் (index) பின்னர் எளிதில் கேள்வி எழுப்பவும் உதவுகிறது. இவ்வாறு சேகரிக்கப்பட்ட ட்வீட்கள் ஒழுங்குபடுத்தப்பட்டும் எளிதில் அணுகக்கூடியவையாகவும் இருக்கும்."
"To enable data storage, we made a few changes to the script. First, we import MySQLdb at the beginning. Then, we specify the credentials needed to access the MySQL database, such as the host, user, password, and database name. In this case, the host is set to localhost because we are working on the local machine. We also define two functions, create_connection and close_connection, to handle opening and closing database connections.","தரவு சேமிப்பை இயக்க, ஸ்கிரிப்ட்டில் சில மாற்றங்களைச் செய்தோம். முதலில், நாம் ஆரம்பத்தில் MySQLDB ஐ இறக்குமதி செய்கிறோம். பின்னர், ஹோஸ்ட், பயனர், கடவுச்சொல் மற்றும் தரவுத்தளப் பெயர் போன்ற MySQL தரவுத்தளத்தை அணுகத் தேவையான நற்சான்றிதழ்களை நாங்கள் குறிப்பிடுகிறோம். இந்த வழக்கில், ஹோஸ்ட் உள்ளூர் ஹோஸ்ட்டுக்கு அமைக்கப்பட்டுள்ளது, ஏனெனில் நாங்கள் உள்ளூர் இயந்திரத்தில் வேலை செய்கிறோம். தரவுத்தள இணைப்புகளைத் திறப்பதையும் மூடுவதையும் கையாள்வதற்காக, இணைப்பை உருவாக்குதல் மற்றும் நெருக்கமான இணைப்பு ஆகிய இரண்டு செயல்பாடுகளையும் நாங்கள் வரையறுக்கிறோம்.","தரவு சேமிப்பை இயக்குவதற்கு, ஸ்கிரிப்டில் சில மாற்றங்களைச் செய்தோம். முதலில், ஆரம்பத்தில் MySQLdb ஐ இறக்குமதி செய்கிறோம். பின்னர், MySQL டேட்டாபேஸை அணுக தேவையான சான்றுகளை, ஹோஸ்ட், யூசர், பாஸ்வேர்ட் மற்றும் டேட்டாபேஸ் பெயர் போன்றவற்றை குறிப்பிடுகிறோம். இந்த விஷயத்தில், ஹோஸ்ட் லோக்கல் ஹோஸ்டாக அமைக்கப்பட்டுள்ளது, ஏனெனில் நாங்கள் லோக்கல் மெஷின் -ல் வேலை செய்கிறோம். டேட்டாபேஸ் இணைப்புகளை திறப்பதற்கும் மூடுவதற்கும், create_connection மற்றும் close_connection. ஆகிய இரண்டு செயல்பாடுகளையும். நாங்கள் வரையறுக்கிறோம்","தரவைச் சேமிக்க, ஸ்கிரிப்டில் சில மாற்றங்களைச் செய்தோம். முதலில், தொடக்கத்தில் MySQLdb-ஐ இறக்குமதி (import) செய்கிறோம். பின்னர், MySQL தரவுத்தளத்தை அணுக தேவையான சான்றுகளை (host, user, password, database name) குறிப்பிடுகிறோம். இங்கு host localhost என அமைக்கப்படுகிறது, ஏனெனில் நாம் உள்ளூர் கணினியில் பணிபுரிகிறோம். மேலும், create_connection மற்றும் close_connection என்ற இரண்டு functions-ஐ வரையறுக்கிறோம், இது தரவுத்தள இணைப்புகளை திறக்கவும் மூடவும் பயன்படுத்தப்படும்"
"In the earlier tutorial, we tracked the keyword #elections2016 and simply printed the tweet text on the terminal. This time, we will do the same but also insert the results into the database. Since we already created a table named tweets with fields for tweet ID and text, we just need to execute an INSERT query to add these values. Note that we use the INSERT IGNORE command, which prevents duplication if the same tweet ID already exists.","முந்தைய பயிற்சியில், #தேர்தல்கள்2016 என்ற முக்கிய வார்த்தையைக் கண்காணித்து, முனையத்தில் ட்வீட் உரையை வெறுமனே அச்சிட்டோம். இந்த முறை, நாங்கள் அதையே செய்வோம், ஆனால் முடிவுகளை தரவுத்தளத்தில் செருகுவோம். ட்வீட் ஐடி மற்றும் உரைக்கான புலங்களுடன் ட்வீட்கள் என்ற பெயரில் ஒரு அட்டவணையை நாங்கள் ஏற்கனவே உருவாக்கியுள்ளதால், இந்த மதிப்புகளைச் சேர்க்க ஒரு செருகும் வினவலைச் செயல்படுத்த வேண்டும். அதே ட்வீட் ஐடி ஏற்கனவே இருந்தால் நகலெடுப்பதைத் தடுக்கும் இன்சர்ட் இக்னோர் கட்டளையை நாங்கள் பயன்படுத்துகிறோம் என்பதை நினைவில் கொள்க.","முந்தைய டுடோரியலில், #elections2016 என்ற முக்கிய சொல்லைக் கண்காணித்து, ட்வீட் உரையை டெர்மினலில் அச்சிட்டோம். இந்த முறை, நாம் அதையே செய்வோம், ஆனால் முடிவுகளை டேட்டாபேஸில் செருகுவோம் ட்வீட் ஐடி மற்றும் உரைக்கான புலங்களுடன் ட்வீட்ஸ் என்ற அட்டவணையை நாங்கள் ஏற்கனவே உருவாக்கியுள்ளதால், இந்த மதிப்புகளைச் சேர்க்க ஒரு INSERT வினவலை இயக்க வேண்டும். INSERT IGNORE கட்டளையைப் பயன்படுத்துகிறோம் என்பதைக் கவனியுங்கள், இது அதே ட்வீட் ஐடி ஏற்கனவே இருந்தால் நகலெடுப்பைத் தடுக்கிறது","முந்தைய டுடோரியலில், #elections2016 என்ற முக்கியச் சொல்லை கண்காணித்து, ட்வீட் உரையை டெர்மினலில் அச்சிட்டோம். இந்த முறை, அதே காரியத்தைச் செய்வோம், ஆனால் அதோடு முடிவுகளை தரவுத்தளத்திலும் சேர்ப்போம். ஏற்கனவே tweets என்ற பெயரில் ட்வீட் ஐடி மற்றும் உரை புலங்களைக் கொண்ட அட்டவணை உருவாக்கப்பட்டுள்ளதால், இந்த மதிப்புகளைச் சேர்க்க INSERT கேள்வியை மட்டும் இயக்க வேண்டும். இங்கு INSERT IGNORE கட்டளையைப் பயன்படுத்துகிறோம், இது அதே ட்வீட் ஐடி ஏற்கனவே இருந்தால் நகல் பதிவைத் தவிர்க்கும்."
"Now, let us run this modified file. As the program executes, you will see tweets being collected in real time and inserted into the database. Meanwhile, open another terminal tab and log into MySQL. Switch to the osn_data database and check the available tables using the SHOW TABLES; command. You will see the tweets table actively being updated with new data.","இப்போது, இந்த மாற்றியமைக்கப்பட்ட கோப்பை இயக்குவோம். நிரல் செயல்படுத்தப்படும்போது, ட்வீட்கள் நிகழ்நேரத்தில் சேகரிக்கப்பட்டு தரவுத்தளத்தில் செருகப்படுவதை நீங்கள் காண்பீர்கள். இதற்கிடையில், மற்றொரு முனைய தாவலைத் திறந்து MySQL இல் உள்நுழையவும். ஓஎஸ்என் _ தரவுத்தளத்திற்கு மாறி, ஷோ டேபிள்களைப் பயன்படுத்தி கிடைக்கக்கூடிய அட்டவணைகளைச் சரிபார்க்கவும்; கட்டளை. புதிய தரவுகளுடன் ட்வீட் அட்டவணை தீவிரமாக புதுப்பிக்கப்படுவதை நீங்கள் காண்பீர்கள்.","இப்போது, இந்த மாற்றியமைக்கப்பட்ட கோப்பை இயக்குவோம். நிரல் இயங்கும்போது, ட்வீட்கள் நிகழ்நேரத்தில் சேகரிக்கப்பட்டு டேட்டாபேஸில் செருகப்படுவதைக் காண்பீர்கள். இதற்கிடையில், மற்றொரு terminal tab ஐ திறந்து MySQL இல் உள்நுழைக osn_data டேட்டாபேஸ்க்கு மாறி, SHOW TABLES; கட்டளையைப் பயன்படுத்தி கிடைக்கக்கூடிய டேபிள்களைச் சரிபார்க்கவும். ட்வீட் அட்டவணை புதிய தரவுகளுடன் தீவிரமாக புதுப்பிக்கப்படுவதை நீங்கள் காண்பீர்கள்","இப்போது, இந்த மாற்றப்பட்ட கோப்பை இயக்குவோம். நிரல் இயங்கும் போது, ட்வீட்கள் நேரடியாகச் சேகரிக்கப்பட்டு தரவுத்தளத்தில் சேர்க்கப்படுவதை நீங்கள் காணலாம். இதே சமயத்தில், மற்றொரு டெர்மினல் தாவலைத் திறந்து MySQL-இல் உள்நுழையுங்கள். osn_data தரவுத்தளத்திற்குச் சென்று, SHOW TABLES; என்ற கட்டளையைப் பயன்படுத்தி அங்கு உள்ள அட்டவணைகளைச் சரிபார்க்கவும். அங்கு tweets அட்டவணை புதிய தரவுகளுடன் தொடர்ந்து புதுப்பிக்கப்பட்டுக்கொண்டிருப்பதைப் பார்ப்பீர்கள்"
"To verify the contents of the table, type the command SELECT * FROM tweets;. This will display all the tweets stored so far. You may notice a bunch of text appearing on the screen, and at the bottom, the system might show something like “12 rows in set,” which indicates the total number of tweets currently stored. This confirms that the database integration is working successfully.","அட்டவணையின் உள்ளடக்கங்களை சரிபார்க்க, ட்வீட்களில் இருந்து * தேர்வு கட்டளையைத் தட்டச்சு செய்யவும்; இது இதுவரை சேமிக்கப்பட்டுள்ள அனைத்து ட்வீட்களையும் காண்பிக்கும். திரையில் ஒரு கொத்து உரை தோன்றுவதை நீங்கள் கவனிக்கலாம், கீழே, கணினி ""தொகுப்பில் 12 வரிசைகள்"" போன்ற ஒன்றைக் காட்டலாம், இது தற்போது சேமிக்கப்பட்டுள்ள மொத்த ட்வீட்களின் எண்ணிக்கையைக் குறிக்கிறது. தரவுத்தள ஒருங்கிணைப்பு வெற்றிகரமாக செயல்படுகிறது என்பதை இது உறுதிப்படுத்துகிறது.","அட்டவணையின் உள்ளடக்கங்களை சரிபார்க்க, SELECT * FROM tweets என்ற கட்டளையை தட்டச்சு செய்க; இது இதுவரை சேமிக்கப்பட்ட அனைத்து ட்வீட்களையும் காண்பிக்கும். திரையில் தோன்றும் உரையின் கொத்து ஒன்றை நீங்கள் கவனிக்கலாம், மேலும் கீழே, கணினி ""தொகுப்பில் 12 வரிசைகள்"" போன்றவற்றைக் காட்டலாம், இது தற்போது சேமிக்கப்பட்ட மொத்த ட்வீட்களின் எண்ணிக்கையைக் குறிக்கிறது. தரவுத்தள ஒருங்கிணைப்பு வெற்றிகரமாக செயல்படுகிறது என்பதை இது உறுதிப்படுத்துகிறது.","அட்டவணையில் உள்ளடக்கங்களைச் சரிபார்க்க, SELECT * FROM tweets; என்ற கட்டளையை இடுங்கள். இதன் மூலம் இதுவரை சேமிக்கப்பட்ட அனைத்து ட்வீட்களும் காட்டப்படும். திரையில் நிறைய உரை தோன்றுவதை நீங்கள் கவனிப்பீர்கள், கீழே “12 rows in set” போன்ற செய்தி தெரியும், இது அட்டவணையில் உள்ள ட்வீட்களின் மொத்த எண்ணிக்கையை காட்டுகிறது. இதன் மூலம், தரவுத்தள ஒருங்கிணைப்பு வெற்றிகரமாக செயல்படுகிறது என்பதை உறுதிப்படுத்தலாம்."
"If you want to know just the total number of tweets without displaying them all, you can use a count query. Type SELECT COUNT(*) FROM tweets; and the output will return the number of rows present in the table. For example, you may see the result showing “25,” which means 25 tweets have been collected so far. This way, you can efficiently monitor and manage the volume of data stored in your system.","அவை அனைத்தையும் காட்டாமல் மொத்த ட்வீட்களின் எண்ணிக்கையை மட்டுமே நீங்கள் அறிய விரும்பினால், நீங்கள் எண்ணிக்கை வினவலைப் பயன்படுத்தலாம். ட்வீட்களில் இருந்து தேர்ந்தெடுக்கப்பட்ட எண்ணிக்கையை (*) தட்டச்சு செய்யுங்கள்; மேலும் வெளியீடு அட்டவணையில் உள்ள வரிசைகளின் எண்ணிக்கையைத் தரும். உதாரணமாக, ""25"" ஐக் காட்டும் முடிவை நீங்கள் காணலாம், அதாவது இதுவரை 25 ட்வீட்கள் சேகரிக்கப்பட்டுள்ளன. இந்த வழியில், உங்கள் கணினியில் சேமிக்கப்பட்டுள்ள தரவின் அளவை நீங்கள் திறம்பட கண்காணிக்கவும் நிர்வகிக்கவும் முடியும்.","அனைத்தையும் காண்பிக்காமல் மொத்த ட்வீட்களின் எண்ணிக்கையை நீங்கள் தெரிந்து கொள்ள விரும்பினால், நீங்கள் ஒரு எண்ணிக்கை வினவலைப் பயன்படுத்தலாம். டுவீட்களிலிருந்து SELECT COUNT(*) என டைப் செய்யவும்; மற்றும் வெளியீடு அட்டவணையில் உள்ள வரிசைகளின் எண்ணிக்கையைத் தரும் எடுத்துக்காட்டாக, 25, என்ற முடிவைக் காண்பீர்கள், அதாவது இதுவரை 25 ட்வீட்டுகள் சேகரிக்கப்பட்டுள்ளன. இந்த வழியில், உங்கள் கணினியில் சேமிக்கப்பட்ட தரவின் அளவை திறம்பட கண்காணிக்கவும் நிர்வகிக்கவும் முடியும்","எல்லா ட்வீட்களையும் காணாமல், மொத்த எண்ணிக்கையை மட்டும் தெரிந்துகொள்ள விரும்பினால், count கேள்வியைப் பயன்படுத்தலாம். SELECT COUNT(*) FROM tweets; என தட்டச்சு செய்யுங்கள், அதன் முடிவில் அட்டவணையில் உள்ள வரிகளின் எண்ணிக்கை காட்டப்படும். உதாரண"
"Now, let us look at the changes which we have made to the existing script in order to store data into a MySQL table. We start off by importing the MySQLdb library in Python, which allows us to connect and interact with the database. After that, we specify the credentials required to access MySQL, such as the host, username, password, and the database name. Since we are running it locally, the host is set as localhost. Finally, the database name is mentioned where all the fetched data will be stored.","அவை அனைத்தையும் காட்டாமல் மொத்த ட்வீட்களின் எண்ணிக்கையை மட்டுமே நீங்கள் அறிய விரும்பினால், நீங்கள் எண்ணிக்கை வினவலைப் பயன்படுத்தலாம். ட்வீட்களில் இருந்து தேர்ந்தெடுக்கப்பட்ட எண்ணிக்கையை (*) தட்டச்சு செய்யுங்கள்; மேலும் வெளியீடு அட்டவணையில் உள்ள வரிசைகளின் எண்ணிக்கையைத் தரும். உதாரணமாக, ""25"" ஐக் காட்டும் முடிவை நீங்கள் காணலாம், அதாவது இதுவரை 25 ட்வீட்கள் சேகரிக்கப்பட்டுள்ளன. இந்த வழியில், உங்கள் கணினியில் சேமிக்கப்பட்டுள்ள தரவின் அளவை நீங்கள் திறம்பட கண்காணிக்கவும் நிர்வகிக்கவும் முடியும்.","இப்போது, ஒரு MySQL டேபிளில் டேட்டாவை சேமிக்க, ஏற்கனவே உள்ள ஸ்கிரிப்டில் நாம் செய்த மாற்றங்களைப் பார்ப்போம். பைதான் இல் MySQLdb நூலகத்தை இறக்குமதி செய்வதன் மூலம் தொடங்குகிறோம், இது டேட்டாபேஸுடன் இணைக்கவும் தொடர்பு கொள்ளவும் அனுமதிக்கிறது. அதன் பிறகு, MySQL ஐ அணுக தேவையான சான்றுகளை நாம் குறிப்பிடுகிறோம், அதாவது ஹோஸ்ட், பயனாளர் பெயர், கடவுச்சொல் மற்றும் தரவுத்தள பெயர் நாங்கள் அதை உள்நாட்டில் இயக்குவதால், ஹோஸ்ட் லோக்கல் ஹோஸ்டாக அமைக்கப்பட்டுள்ளது இறுதியாக, தரவுத்தள பெயர் குறிப்பிடப்பட்டுள்ளது, அங்கு அனைத்து தரவும் சேமிக்கப்படும்","இப்போது, MySQL அட்டவணையில் தரவைச் சேமிக்க எங்களுடைய ஏற்கனவே உள்ள ஸ்கிரிப்டில் செய்த மாற்றங்களைப் பார்ப்போம். முதலில், Python-இல் உள்ள MySQLdb லைப்ரரியை இறக்குமதி செய்கிறோம், இது தரவுத்தளத்துடன் இணைந்து அதைப் பயன்படுத்த உதவுகிறது. அதன் பின், MySQL-ஐ அணுக தேவையான அங்கீகார விவரங்கள், உதாரணமாக host, username, password மற்றும் database பெயரை குறிப்பிடுகிறோம். இது உள்ளூர் கணினியில் இயங்குவதால் host localhost ஆக கொடுக்கப்படுகிறது. இறுதியாக, சேகரிக்கப்பட்ட அனைத்து தரவும் சேமிக்கப்படும் database பெயர் குறிப்பிடப்படுகிறது."
"Next, we define two simple functions—create_connection and close_connection. The first function is used to establish a connection to the MySQL server using the provided credentials, and the second one is used to safely close the connection after we are done with our operations. These functions help in avoiding repeated code and also make sure that the connection is properly handled without leaving it open unnecessarily.","அடுத்து, இரண்டு எளிய செயல்பாடுகளை வரையறுக்கிறோம்-கிரியேட் _ கனெக்ஷன் மற்றும் க்ளோஸ் _ கனெக்ஷன். வழங்கப்பட்ட நற்சான்றிதழ்களைப் பயன்படுத்தி மைஎஸ்க்யூஎல் சேவையகத்துடன் ஒரு இணைப்பை நிறுவ முதல் செயல்பாடு பயன்படுத்தப்படுகிறது, இரண்டாவது நமது செயல்பாடுகளை முடித்த பிறகு இணைப்பை பாதுகாப்பாக மூட பயன்படுத்தப்படுகிறது. இந்த செயல்பாடுகள் மீண்டும் மீண்டும் குறியீட்டைத் தவிர்க்க உதவுகின்றன, மேலும் இணைப்பு தேவையில்லாமல் திறக்கப்படாமல் சரியாக கையாளப்படுவதை உறுதிசெய்கின்றன.","அடுத்து, இரண்டு எளிய செயல்பாடுகளை வரையறுக்கிறோம். - create_connection மற்றும் close_connection. முதல் செயல்பாடு வழங்கப்பட்ட நற்சான்றுகளைப் பயன்படுத்தி MySQL சேவையகத்துடன் இணைப்பை நிறுவப் பயன்படுகிறது, மேலும் இரண்டாவது செயல்பாடுகள் முடிந்தபின் இணைப்பை பாதுகாப்பாக மூடப் பயன்படுகிறது. இந்த செயல்பாடுகள் மீண்டும் மீண்டும் குறியீட்டைத் தவிர்க்க உதவுகின்றன, மேலும் இணைப்பு தேவையின்றி திறக்காமல் சரியாக கையாளப்படுவதை உறுதிசெய்கின்றன.","அடுத்து, create_connection மற்றும் close_connection என்ற இரண்டு எளிய functions-ஐ வரையறுக்கிறோம். முதல் function-ஐப் பயன்படுத்தி கொடுக்கப்பட்ட அங்கீகார விவரங்களைக் கொண்டு MySQL சர்வருடன் இணைப்பு ஏற்படுத்துகிறோம், மற்றும் இரண்டாவது function-ஐப் பயன்படுத்தி செயல்பாடுகள் முடிந்தவுடன் பாதுகாப்பாக அந்த இணைப்பை மூடுகிறோம். இந்த functions மீண்டும் மீண்டும் code எழுதுவதை தவிர்க்கவும், மேலும் இணைப்புகள் தேவையில்லாமல் திறந்து விடப்படாமல் சரியாக நிர்வகிக்கப்படுவதையும் உறுதி செய்கின்றன."
"In the previous tutorial, we were tracking the keyword #Election2016 and simply printing the tweet text in the terminal. This time, instead of only displaying them, we will also store the tweets into the MySQL database. By doing this, the collected data will not only be visible immediately on the console but will also be preserved in a structured way for future queries and analysis.","முந்தைய பயிற்சியில், #தேர்தல்2016 என்ற முக்கிய வார்த்தையைக் கண்காணித்து, முனையத்தில் ட்வீட் உரையை அச்சிட்டுக் கொண்டிருந்தோம். இந்த முறை, அவற்றை மட்டுமே காண்பிப்பதற்குப் பதிலாக, ட்வீட்களை மைஎஸ்க்யூஎல் தரவுத்தளத்திலும் சேமிப்போம். இதைச் செய்வதன் மூலம், சேகரிக்கப்பட்ட தரவு கன்சோலில் உடனடியாகத் தெரியும் மட்டுமல்லாமல், எதிர்கால கேள்விகள் மற்றும் பகுப்பாய்விற்காக கட்டமைக்கப்பட்ட முறையிலும் பாதுகாக்கப்படும்.","முந்தைய டுடோரியலில், #Election2016 என்ற முக்கிய சொல்லைக் கண்காணித்து, ட்வீட் உரையை டெர்மினலில் அச்சிட்டுக் கொண்டிருந்தோம். இந்த முறை, அவற்றை மட்டுமே காண்பிப்பதற்கு பதிலாக, ட்வீட்களை MySQL டேட்டாபேஸிலும் சேமிப்போம். இவ்வாறு செய்வதன் மூலம், சேகரிக்கப்பட்ட டேட்டா கன்சோலில் உடனடியாகக் காணப்படுவது மட்டுமல்லாமல், எதிர்கால வினவல்கள் மற்றும் பகுப்பாய்விற்காக கட்டமைக்கப்பட்ட முறையில் பாதுகாக்கப்படும்","முந்தைய பாடத்தில், நாங்கள் #Election2016 என்ற கீவர்டை கண்காணித்து, கிடைத்த tweet உரையை terminal-ல் மட்டும் அச்சிடினோம். இந்த முறை, அவற்றை காட்டுவதுடன், MySQL தரவுத்தளத்திலும் சேமிக்கப் போகிறோம். இதனால், சேகரிக்கப்பட்ட தரவு உடனடியாக console-ல் மட்டுமல்லாமல், எதிர்காலத்தில் கேள்விகள் கேட்கவும், பகுப்பாய்வு செய்யவும் ஒரு அமைப்பான முறையில் பாதுகாக்கப்படும்"
"Remember that we had already created a table named tweets with two fields: tweet id and text. For each new tweet collected, we only need to execute an INSERT query to set the values of these two fields. Here, the INSERT IGNORE command is particularly useful because it avoids inserting duplicate entries when a tweet with the same tweet id already exists in the table.","ட்வீட் ஐடி மற்றும் உரை ஆகிய இரண்டு துறைகளைக் கொண்ட ட்வீட்கள் என்ற பெயரில் ஒரு அட்டவணையை நாங்கள் ஏற்கனவே உருவாக்கியுள்ளோம் என்பதை நினைவில் கொள்ளுங்கள். சேகரிக்கப்பட்ட ஒவ்வொரு புதிய ட்வீட்டிற்கும், இந்த இரண்டு துறைகளின் மதிப்புகளை அமைக்க ஒரு செருகும் வினவலை மட்டுமே நாம் செயல்படுத்த வேண்டும். இங்கே, செருகவும் புறக்கணிக்கவும் கட்டளை குறிப்பாக பயனுள்ளதாக இருக்கும், ஏனெனில் அதே ட்வீட் ஐடி கொண்ட ஒரு ட்வீட் ஏற்கனவே அட்டவணையில் இருக்கும்போது நகல் உள்ளீடுகளை செருகுவதைத் தவிர்க்கிறது.","இரண்டு புலங்களுடன் ட்வீட்ஸ் என்ற பெயரில் ஒரு அட்டவணையை நாங்கள் ஏற்கனவே உருவாக்கியுள்ளோம் என்பதை நினைவில் கொள்க: ட்வீட் ஐடி மற்றும் உரை சேகரிக்கப்பட்ட ஒவ்வொரு புதிய ட்வீட்டிற்கும், இந்த இரண்டு புலங்களின் மதிப்புகளை அமைக்க ஒரு INSERT வினவலை மட்டுமே இயக்க வேண்டும். இங்கே, INSERT IGNORE கட்டளை குறிப்பாக பயனுள்ளதாக இருக்கும், ஏனெனில் அதே ட்வீட் ஐடியுடன் ஒரு ட்வீட் ஏற்கனவே அட்டவணையில் இருக்கும்போது நகல் உள்ளீடுகளைச் செருகுவதைத் தவிர்க்கிறது","நாம் ஏற்கனவே tweets என்ற பெயரில் ஒரு அட்டவணையை உருவாக்கியுள்ளோம் என்பதை நினைவில் கொள்ளுங்கள், அதில் இரண்டு புலங்கள் உள்ளன: tweet id மற்றும் text. ஒவ்வொரு புதிய tweet-க்கும், இந்த இரண்டு புலங்களின் மதிப்புகளைச் சேர்க்க INSERT query ஒன்றை இயக்கினால் போதுமானது. இதில், INSERT IGNORE கட்டளை மிகவும் பயனுள்ளதாகும், ஏனெனில் அதே tweet id கொண்ட tweet ஏற்கனவே அட்டவணையில் இருந்தால், மறுபடியும் அதனைச் சேர்ப்பதைத் தவிர்க்கிறது."
"Finally, let us take this updated file and run it. Once the script is executed, tweets will begin to appear and at the same time, they will also get stored inside the MySQL table. To verify this, we can open a new terminal tab, log in to MySQL, and check the contents of the database. This way, we can be sure that the integration of real-time Twitter API data with MySQL storage is functioning correctly.","இறுதியாக, இந்த புதுப்பிக்கப்பட்ட கோப்பை எடுத்து இயக்குவோம். ஸ்கிரிப்ட் செயல்படுத்தப்பட்டவுடன், ட்வீட்கள் தோன்றத் தொடங்கும், அதே நேரத்தில், அவை மைஎஸ்க்யூஎல் அட்டவணைக்குள் சேமிக்கப்படும். இதை சரிபார்க்க, நாம் ஒரு புதிய முனைய தாவலைத் திறந்து, மைஎஸ்க்யூஎல் இல் உள்நுழையலாம் மற்றும் தரவுத்தளத்தின் உள்ளடக்கங்களை சரிபார்க்கலாம். இந்த வழியில், மைஎஸ்க்யூஎல் சேமிப்புடன் நிகழ்நேர ட்விட்டர் ஏபிஐ தரவின் ஒருங்கிணைப்பு சரியாக செயல்படுகிறது என்பதை நாம் உறுதிப்படுத்திக் கொள்ளலாம்.","இறுதியாக, இந்த புதுப்பிக்கப்பட்ட பைலை எடுத்து இயக்குவோம். ஸ்கிரிப்ட் இயக்கப்பட்டவுடன், ட்வீட்ஸ் தோன்றத் தொடங்கும், அதே நேரத்தில், அவை MySQL அட்டவணையில் சேமிக்கப்படும். இதைச் சரிபார்க்க, நாம் ஒரு புதிய டெர்மினல் தாவலைத் திறந்து, MySQL இல் உள்நுழைந்து, டேட்டாபேஸின் உள்ளடக்கங்களைச் சரிபார்க்கலாம். இந்த வழியில், MySQL சேமிப்பகத்துடன் நிகழ்நேர ட்விட்டர் API. தரவுகளின். ஒருங்கிணைப்பு சரியாக செயல்படுகிறது என்பதை நாம் உறுதிப்படுத்த முடியும்.","இறுதியாக, இந்த மாற்றியமைக்கப்பட்ட கோப்பை எடுத்து இயக்குவோம். ஸ்கிரிப்ட் இயக்கப்பட்டவுடன், tweets terminal-ல் தோன்றத் தொடங்கும், அதே சமயம் அவை MySQL அட்டவணையிலும் சேமிக்கப்படும். இதனை உறுதிப்படுத்த, ஒரு புதிய terminal tab-ஐத் திறந்து, MySQL-இல் உள்நுழைந்து, database உள்ளடக்கத்தைச் சரிபார்க்கலாம். இவ்வாறு, real-time Twitter API தரவு MySQL சேமிப்புடன் சரியாக இணைக்கப்பட்டுள்ளதா என்பதை உறுதி செய்யலாம்."
"Now, we will look at another database for storing our collected data, MongoDB. MongoDB is an open-source, non-relational, document-based database. In this tutorial, we will go through the steps to install MongoDB on our system.","இப்போது, எங்கள் சேகரிக்கப்பட்ட தரவை சேமிப்பதற்கான மற்றொரு தரவுத்தளமான மோங்கோடிபியைப் பார்ப்போம். மோங்கோடிபி என்பது ஒரு திறந்த மூல, தொடர்புடையது அல்லாத, ஆவண அடிப்படையிலான தரவுத்தளமாகும். இந்த பயிற்சியில், எங்கள் கணினியில் மோங்கோடிபியை நிறுவுவதற்கான படிகளைப் பார்ப்போம்.","இப்போது, சேகரிக்கப்பட்ட டேட்டாவை சேமிக்க மற்றொரு டேட்டாபேஸ் MongoDB ஐப் பார்ப்போம். MongoDB என்பது ஒரு திறந்த-மூல, உறவு அல்லாத, ஆவண அடிப்படையிலான தரவுத்தளம். இந்த டுடோரியலில், நம் கணினியில் MongoDB ஐ நிறுவுவதற்கான படிகளை நாம் பார்க்கலாம்.","இப்போது, சேகரிக்கப்பட்ட தரவைச் சேமிக்க பயன்படுத்தக்கூடிய மற்றொரு தரவுத்தளத்தைப் பார்ப்போம், அதாவது MongoDB. MongoDB என்பது open-source, non-relational, document-based database ஆகும். இந்த பாடத்தில், MongoDB-ஐ எங்கள் கணினியில் நிறுவுவதற்கான படிகளைப் பார்ப்போம்."
"We begin by importing the MongoDB GPG public key. To do this, copy and paste the given command into your terminal. Next, we create a file list by adding the MongoDB repository details into apt. After that, we update the package list by typing sudo apt-get update and pressing enter.","மோங்கோடிபி ஜிபிஜி பொது விசையை இறக்குமதி செய்வதன் மூலம் தொடங்குகிறோம். இதைச் செய்ய, கொடுக்கப்பட்ட கட்டளையை உங்கள் முனையத்தில் நகலெடுத்து ஒட்டவும். அடுத்து, மோங்கோடிபி களஞ்சியத்தின் விவரங்களை பொருத்தமாகச் சேர்ப்பதன் மூலம் ஒரு கோப்பு பட்டியலை உருவாக்குகிறோம். அதன் பிறகு, சூடோ ஆப்டி-கெட் அப்டேட்டைத் தட்டச்சு செய்து என்டரை அழுத்துவதன் மூலம் தொகுப்பு பட்டியலைப் புதுப்பிக்கிறோம்.","MongoDB GPG public key ஐ import செய்வதன் மூலம் தொடங்குவோம். இதைச் செய்ய, கொடுக்கப்பட்ட கட்டளையை உங்கள் டெர்மினலில் நகலெடுத்து ஒட்டவும். அடுத்து, MongoDB repository details ஐ apt இல் சேர்ப்பதன் மூலம் ஒரு file listஐ உருவாக்குகிறோம். அதன் பிறகு, sudo apt-get update என டைப் செய்து, enter ஐ அழுத்துவதன் மூலம் package list ஐ புதுப்பிக்கிறோம்.","முதலில், MongoDB GPG public key-ஐ import செய்கிறோம். இதற்காக, கொடுக்கப்பட்ட கட்டளையை terminal-ல் copy paste செய்ய வேண்டும். அதன் பின், MongoDB repository விவரங்களை apt-ல் சேர்த்து ஒரு file list உருவாக்குகிறோம். அதற்கு பின், sudo apt-get update என்ற கட்டளையை type செய்து enter அழுத்தி package list-ஐ update செய்கிறோம்."
"Once the package list is updated, we install MongoDB by typing the command sudo apt-get install -y mongodb-org in the terminal. After installation, to verify if MongoDB has been successfully installed, type mongo in the terminal and press enter. This should open the MongoDB console.","தொகுப்பு பட்டியல் புதுப்பிக்கப்பட்டவுடன், முனையத்தில் சூடோ ஆப்டி-கெட் இன்ஸ்டால்-ஒய் மோங்கோடிபி-ஆர்க் என்ற கட்டளையைத் தட்டச்சு செய்வதன் மூலம் மோங்கோடிபியை நிறுவுகிறோம். நிறுவலுக்குப் பிறகு, மோங்கோடிபி வெற்றிகரமாக நிறுவப்பட்டுள்ளதா என்பதை சரிபார்க்க, முனையத்தில் மோங்கோவைத் தட்டச்சு செய்து நுழைய அழுத்தவும். இது மோங்கோடிபி கன்சோலைத் திறக்க வேண்டும்.","package list புதுப்பிக்கப்பட்டவுடன், sudo apt-get install -y mongodb-org என்ற commandஐ terminalல் type செய்து MongoDBஐ install செய்கிறோம். நிறுவிய பின், MongoDB வெற்றிகரமாக நிறுவப்பட்டதா என்பதை சரிபார்க்க, முனையத்தில் mongo என டைப் செய்து Enter ஐ அழுத்தவும். இது MongoDB கன்சோலைத் திறக்க வேண்டும்.","Package list update ஆன பிறகு, sudo apt-get install -y mongodb-org என்ற கட்டளையை terminal-ல் type செய்து MongoDB-ஐ நிறுவுகிறோம். நிறுவல் முடிந்ததும், MongoDB வெற்றிகரமாக நிறுவப்பட்டதா என்பதை உறுதி செய்ய, terminal-ல் mongo என்று type செய்து enter அழுத்துங்கள். இதனால் MongoDB console திறக்கப்படும்."
"Inside the MongoDB console, you can list the existing databases using the command show dbs. To create a new database, type use osndata and press enter. You will see the message switched to db osndata. However, if you list databases again using show dbs, you will notice that the new database does not appear yet because it does not contain any data.","மோங்கோடிபி கன்சோலுக்குள், கட்டளை ஷோ டிபிஎஸ் பயன்படுத்தி தற்போதுள்ள தரவுத்தளங்களை நீங்கள் பட்டியலிடலாம். ஒரு புதிய தரவுத்தளத்தை உருவாக்க, ஓன்டேட்டாவைப் பயன்படுத்தவும் என்று தட்டச்சு செய்து உள்ளிடவும். செய்தி டிபி ஓன்டேட்டாவுக்கு மாறுவதை நீங்கள் காண்பீர்கள். இருப்பினும், ஷோ டிபிஎஸ் பயன்படுத்தி தரவுத்தளங்களை மீண்டும் பட்டியலிட்டால், புதிய தரவுத்தளம் எந்த தரவையும் கொண்டிருக்காததால் அது இன்னும் தோன்றவில்லை என்பதை நீங்கள் கவனிப்பீர்கள்.","MongoDB கன்சோலுக்குள், show dbs என்ற கட்டளையைப் பயன்படுத்தி ஏற்கனவே உள்ள டேட்டாபேஸ்களை பட்டியலிடலாம். ஒரு புதிய தரவுத்தளத்தை உருவாக்க, type use osndata மற்றும் enter ஐ அழுத்தவும் db osndata க்கு மாறிய செய்தியை நீங்கள் காண்பீர்கள். இருப்பினும், ஷோ டி. பி. எஸ் பயன்படுத்தி டேட்டாபேஸ்களை மீண்டும் பட்டியலிட்டால், புதிய டேட்டாபேஸ் இன்னும் தோன்றவில்லை என்பதை நீங்கள் கவனிப்பீர்கள், ஏனெனில் அதில் எந்த டேட்டாவும் இல்லை.","MongoDB console-ல், show dbs கட்டளையைப் பயன்படுத்தி ஏற்கனவே உள்ள databases-ஐ பார்க்கலாம். புதிய database ஒன்றை உருவாக்க use osndata என்று type செய்து enter அழுத்துங்கள். அதில் switched to db osndata என்ற செய்தி வரும். ஆனால், மீண்டும் show dbs என்று கொடுத்தால், புதிய database பட்டியலில் காணப்படாது, ஏனெனில் அதில் இன்னும் எந்தத் தரவும் இல்லை."
"Before inserting data into MongoDB, we need to install pymongo, which acts as a connector between MongoDB and Python. Exit the mongo shell using Ctrl+C, then type sudo pip install pymongo in the terminal and press enter. To check if installation was successful, start Python and type import pymongo. If there is no error, pymongo is successfully installed.","மொங்கோடிபியில் தரவை செருகுவதற்கு முன், நாம் பைமோங்கோவை நிறுவ வேண்டும், இது மொங்கோடிபி மற்றும் பைத்தானுக்கு இடையிலான இணைப்பியாக செயல்படுகிறது. ctrl + c பயன்படுத்தி மொங்கோ ஷெல்லில் இருந்து வெளியேறுங்கள், பின்னர் முனையத்தில் சூடோ பிப் நிறுவப்பட்ட பைமோங்கோவைத் தட்டச்சு செய்து உள்ளிடவும். நிறுவல் வெற்றிகரமாக உள்ளதா என்பதைச் சரிபார்க்க, பைத்தானைத் தொடங்கி, இறக்குமதி பைமோங்கோவைத் தட்டச்சு செய்யுங்கள். பிழை இல்லையென்றால், பைமோங்கோ வெற்றிகரமாக நிறுவப்படுகிறது.","MongoDB ல் டேட்டாவை செருகுவதற்கு முன், நாம் pymongo ஐ நிறுவ வேண்டும், இது MongoDB மற்றும் பைதான் இடையே ஒரு இணைப்பாக செயல்படுகிறது. Ctrl+C ஐ பயன்படுத்தி mongo ஷெல்லை வெளியேற்றவும், பின்னர் sudo pip install pymongo என டெர்மினலில் தட்டச்சு செய்து Enter ஐ அழுத்தவும். நிறுவல் வெற்றிகரமாக இருக்கிறதா என்று சரிபார்க்க, Python ஐ துவக்கி import pymongo என டைப் செய்யவும். பிழை ஏதும் இல்லையெனில், pymongo வெற்றிகரமாக நிறுவப்பட்டது","MongoDB-இல் data சேர்க்கும் முன், pymongo-ஐ நிறுவ வேண்டும், இது MongoDB மற்றும் Python இடையே connector ஆக செயல்படுகிறது. Ctrl+C அழுத்தி mongo shell-இல் இருந்து வெளியேறி, terminal-ல் sudo pip install pymongo என்று type செய்து enter அழுத்துங்கள். நிறுவல் வெற்றிகரமாக முடிந்ததா என்பதை உறுதிப்படுத்த, Python-ஐ திறந்து import pymongo என்று type செய்யவும். எந்தத் தவறும் இல்லையெனில், pymongo நிறுவப்பட்டுள்ளது."
"Now, let us return to our previous example of tweet collection using the Twitter Streaming API. In this case, we import pymongo and MongoClient from pymongo. The connection to the database is created using MongoClient, and the database to be used is defined in the next line. The rest of the script remains similar to the earlier one, except that this time the fetched tweet will be stored as a complete JSON object in MongoDB.","இப்போது, ட்விட்டர் ஸ்ட்ரீமிங் ஏபிஐ பயன்படுத்தி ட்வீட் சேகரிப்பின் முந்தைய எடுத்துக்காட்டுக்குத் திரும்புவோம். இந்த விஷயத்தில், பைமோங்கோவிலிருந்து பைமோங்கோ மற்றும் மங்கோ கிளையன்ட்டை இறக்குமதி செய்கிறோம். தரவுத்தளத்துக்கான இணைப்பு மங்கோ கிளையன்ட்டைப் பயன்படுத்தி உருவாக்கப்படுகிறது, மேலும் பயன்படுத்தப்பட வேண்டிய தரவுத்தளம் அடுத்த வரியில் வரையறுக்கப்படுகிறது. மீதமுள்ள ஸ்கிரிப்ட் முந்தையதைப் போலவே உள்ளது, தவிர இந்த முறை பெறப்பட்ட ட்வீட் மங்கோடிபியில் ஒரு முழுமையான ஜேசன் பொருளாக சேமிக்கப்படும்.","இப்போது, ட்விட்டர் ஸ்ட்ரீமிங் API ஐப் பயன்படுத்தி ட்வீட் சேகரிப்பின் முந்தைய எடுத்துக்காட்டுக்கு வருவோம். இந்த வழக்கில், நாம் pymongo மற்றும் MongoClient ஐ pymongo இலிருந்து இறக்குமதி செய்கிறோம். MongoClient ஐ பயன்படுத்தி டேட்டாபேஸ்க்கு இணைப்பு உருவாக்கப்படுகிறது, மேலும் பயன்படுத்த வேண்டிய டேட்டாபேஸ் அடுத்த வரியில் வரையறுக்கப்பட்டுள்ளது. மீதமுள்ள ஸ்கிரிப்ட் முந்தையதைப் போலவே உள்ளது, இந்த முறை பெட்டட் ட்வீட் MongoDB இல் முழுமையான JSON பொருளாக சேமிக்கப்படும் என்பதைத் தவிர","இப்போது, Twitter Streaming API மூலம் tweet சேகரிப்பதற்கான எங்கள் முந்தைய உதாரணத்திற்கு திரும்புவோம். இங்கு, pymongo மற்றும் pymongo-விலிருந்து MongoClient-ஐ import செய்கிறோம். MongoClient மூலம் database இணைப்பு உருவாக்கப்படுகிறது, அடுத்த வரியில் பயன்படுத்த வேண்டிய database குறிப்பிடப்படுகிறது. script-இன் மீதியுள்ள பகுதி முந்தையது போலவே இருக்கும், ஆனால் இம்முறை சேகரிக்கப்பட்ட tweet, முழுமையான JSON object ஆக MongoDB-இல் சேமிக்கப்படும்."
"Here, the data variable refers to the tweet object that we want to insert. Additionally, we set another key called _id equal to the tweet id. This _id serves as a unique identifier for every record in MongoDB. Once the file is saved and executed, tweets containing #Election2016 will start getting collected and stored.","இங்கே, தரவு மாறி நாம் செருக விரும்பும் ட்வீட் பொருளைக் குறிக்கிறது. கூடுதலாக, ட்வீட் ஐடிக்கு சமமான _ ஐடி என்ற மற்றொரு விசையை அமைத்தோம். இந்த _ ஐடி மோங்கோடிபியில் உள்ள ஒவ்வொரு பதிவுக்கும் ஒரு தனித்துவமான அடையாளங்காட்டியாக செயல்படுகிறது. கோப்பு சேமிக்கப்பட்டு செயல்படுத்தப்பட்டவுடன், #தேர்தல்2016 ஐக் கொண்ட ட்வீட்கள் சேகரிக்கப்பட்டு சேமிக்கத் தொடங்கும்.","இங்கே, டேட்டா வேரியபில் நாம் செருக விரும்பும் ட்வீட் ஆப்ஜெக்டை குறிக்கிறது. கூடுதலாக, ட்வீட் ஐடிக்கு சமமான _id எனப்படும் மற்றொரு கீயை அமைத்துள்ளோம். இந்த _id MongoDB இல் உள்ள ஒவ்வொரு பதிவிற்கும் தனித்துவமான அடையாளங்காட்டியாக செயல்படுகிறது. கோப்பு சேமிக்கப்பட்டு செயல்படுத்தப்பட்டவுடன், #Election2016 கொண்ட ட்வீட்ஸ் சேகரிக்கப்பட்டு சேமிக்கப்படும்.","இங்கு, data variable என்பது நாம் insert செய்ய விரும்பும் tweet object-ஐ குறிக்கிறது. கூடுதலாக, _id என்ற மற்றொரு key-ஐ tweet id-க்கு சமமாக அமைக்கிறோம். இந்த _id, MongoDB-இல் உள்ள ஒவ்வொரு பதிவிற்கும் தனித்துவமான அடையாளமாகச் செயல்படுகிறது. கோப்பை சேமித்து இயக்கியவுடன், #Election2016 உடன் கூடிய tweets சேகரிக்கப்பட்டு சேமிக்கத் தொடங்கும்."
"To verify whether the data has been stored, open the mongo shell again by typing mongo. Use the command show dbs and now you will see osndata listed, which confirms that it contains data. Switch to the database using use osndata and then enter show collections. You will see two collections: system.indexes (default by MongoDB) and tweets, which is the collection we created to store tweet data.","தரவு சேமிக்கப்பட்டுள்ளதா என்பதை சரிபார்க்க, மோங்கோவைத் தட்டச்சு செய்வதன் மூலம் மீண்டும் மோங்கோ ஷெல்லைத் திறக்கவும். கட்டளை ஷோ டிபிஎஸ் ஐப் பயன்படுத்தவும், இப்போது நீங்கள் ஓன்டேட்டாவை பட்டியலிடப்பட்டிருப்பதைக் காண்பீர்கள், இது தரவைக் கொண்டுள்ளது என்பதை உறுதிப்படுத்துகிறது. ஓன்டேட்டாவைப் பயன்படுத்தி தரவுத்தளத்திற்கு மாறி, பின்னர் ஷோ சேகரிப்புகளை உள்ளிடவும். நீங்கள் இரண்டு சேகரிப்புகளைக் காண்பீர்கள்ஃ system.indexes (இயல்புநிலை மோங்கோடிபி மூலம்) மற்றும் ட்வீட்கள், இது ட்வீட் தரவை சேமிக்க நாங்கள் உருவாக்கிய தொகுப்பாகும்.","தரவு சேமிக்கப்பட்டுள்ளதா என்பதைச் சரிபார்க்க, mongo என டைப் செய்வதன் மூலம் mongo ஷெல்லை மீண்டும் திறக்கவும். ஷோ டிபிஎஸ் கமாண்டைப் பயன்படுத்தவும், இப்போது நீங்கள் பட்டியலிடப்பட்ட osndata ஐக் காண்பீர்கள், இது டேட்டாவைக் கொண்டுள்ளது என்பதை உறுதிப்படுத்துகிறது. osndata ஐப் பயன்படுத்தி தரவுத்தளத்திற்கு மாறுங்கள், பின்னர் show collections ஐ உள்ளிடவும். நீங்கள் இரண்டு தொகுப்புகளைக் காண்பீர்கள்: system குறியீடுகள் (MongoDB மூலம் இயல்புநிலை) மற்றும் tweets, இது ட்வீட் தரவை சேமிக்க நாம் உருவாக்கிய சேகரிப்பு","தரவு சேமிக்கப்பட்டதா என்பதை உறுதிப்படுத்த, மீண்டும் mongo shell-ஐ திறக்க mongo என்று type செய்யுங்கள். show dbs கட்டளையை பயன்படுத்தும் போது இப்போது osndata பட்டியலில் தெரியும், இதனால் அதில் data உள்ளது என்பதை உறுதி செய்யலாம். use osndata என்று கொடுத்து database-ஐத் தேர்ந்தெடுத்து, show collections என்று type செய்யவும். அப்போது இரண்டு collections காணப்படும்: system.indexes (இது MongoDB-இன் default collection) மற்றும் tweets (நாம் tweet data சேமிக்க உருவாக்கியது)."
"Now, let us explore the data stored in the tweets collection. To count the number of tweets, use the command db.tweets.count. For example, the output here shows 5 tweets stored. To view the data, use db.tweets.find. The data is stored in JSON format, but it may look cluttered. To print a well-formatted single record, we use db.tweets.findOne, which clearly displays one tweet object.","இப்போது, ட்வீட் சேகரிப்பில் சேமிக்கப்பட்டுள்ள தரவை ஆராய்வோம். ட்வீட்களின் எண்ணிக்கையைக் கணக்கிட, db.tweets.count என்ற கட்டளையைப் பயன்படுத்துங்கள். எடுத்துக்காட்டாக, இங்குள்ள வெளியீடு சேமிக்கப்பட்டுள்ள 5 ட்வீட்களைக் காட்டுகிறது. தரவைக் காண, db.tweets.find ஐப் பயன்படுத்துங்கள். தரவு json வடிவத்தில் சேமிக்கப்படுகிறது, ஆனால் அது குழப்பமாகத் தோன்றலாம். நன்கு வடிவமைக்கப்பட்ட ஒற்றை பதிவை அச்சிட, நாம் db.tweets.findone ஐப் பயன்படுத்துகிறோம், இது ஒரு ட்வீட் பொருளை தெளிவாகக் காட்டுகிறது.","இப்போது, ட்வீட் சேகரிப்பில் சேமிக்கப்பட்ட தரவை ஆராய்வோம். tweets எண்ணிக்கையை எண்ண, db கட்டளையைப் பயன்படுத்து tweets எண்ணிக்கை எடுத்துக்காட்டாக, இங்கே வெளியீடு சேமிக்கப்பட்ட 5 ட்வீட்களைக் காட்டுகிறது. டேட்டாவைப் பார்க்க, db ஐப் பயன்படுத்தவும் tweets கண்டுபிடிக்கவும் தரவு JSON வடிவத்தில் சேமிக்கப்படுகிறது, ஆனால் அது குழப்பமானதாகத் தோன்றலாம் நன்கு வடிவமைக்கப்பட்ட ஒற்றை ரெக்கார்டை அச்சிட, db ஐப் பயன்படுத்துகிறோம் tweets findOne, இது ஒரு ட்வீட் பொருளை தெளிவாகக் காட்டுகிறது","இப்போது, tweets collection-இல் சேமிக்கப்பட்ட தரவை ஆராய்வோம். tweets எண்ணிக்கையை அறிய db.tweets.count என்ற கட்டளையைப் பயன்படுத்தலாம். உதாரணமாக, இங்கு output-ல் 5 tweets சேமிக்கப்பட்டுள்ளன என்று காட்டுகிறது. தரவைப் பார்க்க db.tweets.find என்ற கட்டளையைப் பயன்படுத்தலாம். தரவு JSON வடிவத்தில் சேமிக்கப்படுகிறது, ஆனால் அது சீரற்றதாகத் தோன்றலாம். ஒரு tweet object-ஐ அழகாக வடிவமைக்கப்பட்டவாறு காண்பிக்க db.tweets.findOne கட்டளையைப் பயன்படுத்தலாம்."
"With this, we now know how to collect OSN data from sources like the Facebook API and Twitter API, and store it either in a relational database like MySQL or in a non-relational database like MongoDB. This flexibility allows us to manage and query social media data effectively depending on our project needs.","இதன் மூலம், ஃபேஸ்புக் ஏபிஐ மற்றும் ட்விட்டர் ஏபிஐ போன்ற மூலங்களிலிருந்து ஓஎஸ்என் தரவை எவ்வாறு சேகரிப்பது என்பது இப்போது நமக்குத் தெரியும், மேலும் அதை மைஎஸ்க்யூஎல் போன்ற உறவு தரவுத்தளத்தில் அல்லது மோங்கோடிபி போன்ற உறவு அல்லாத தரவுத்தளத்தில் சேமிக்கிறது. இந்த நெகிழ்வுத்தன்மை எங்கள் திட்டத் தேவைகளைப் பொறுத்து சமூக ஊடக தரவை திறம்பட நிர்வகிக்கவும் விசாரிக்கவும் அனுமதிக்கிறது.","இதன் மூலம், பேஸ்புக் ஏபிஐ மற்றும் ட்விட்டர் ஏபிஐ போன்ற மூலங்களிலிருந்து ஓஎஸ்என் தரவை எவ்வாறு சேகரிப்பது, அதை மைஎஸ் க்யூஎல் போன்ற ரிலேஷனல் டேட்டாபேஸில் அல்லது மோங்கோடிபி போன்ற ரிலேஷனல் அல்லாத டேட்டாபேஸில் எவ்வாறு சேமிப்பது என்பதை இப்போது நாம் அறிவோம். இந்த நெகிழ்வுத்தன்மை எங்கள் திட்டத் தேவைகளைப் பொறுத்து சமூக ஊடகத் தரவை திறம்பட நிர்வகிக்கவும். வினவவும் அனுமதிக்கிறது","இதன் மூலம், நாம் இப்போது Facebook API, Twitter API போன்றவற்றிலிருந்து OSN தரவைச் சேகரித்து, அதை relational database (MySQL) அல்லது non-relational database (MongoDB) இல் சேமிப்பது எப்படி என்பதை கற்றுக்கொண்டோம். இந்த நெகிழ்வுத்தன்மை, எங்கள் திட்ட தேவைகளுக்கு ஏற்ப சமூக வலைதளத் தரவை திறம்பட நிர்வகிக்கவும், கேள்வி கேட்கவும் உதவுகிறது."
"Once the basic setup is complete, we can enhance our Python script to handle larger datasets. Instead of simply printing tweets in the terminal, we store each tweet in the MongoDB database immediately after it is received from the Twitter Streaming API. This ensures that even if the script stops unexpectedly, no data is lost.","அடிப்படை அமைப்பு முடிந்ததும், பெரிய தரவுத்தொகுப்புகளைக் கையாள எங்கள் பைத்தான் ஸ்கிரிப்டை மேம்படுத்தலாம். முனையத்தில் ட்வீட்களை அச்சிடுவதற்குப் பதிலாக, ஒவ்வொரு ட்வீட்டையும் ட்விட்டர் ஸ்ட்ரீமிங் ஏபியில் இருந்து பெற்ற உடனேயே மோங்கோடிபி தரவுத்தளத்தில் சேமிக்கிறோம். ஸ்கிரிப்ட் எதிர்பாராத விதமாக நிறுத்தப்பட்டாலும், எந்த தரவும் இழக்கப்படாது என்பதை இது உறுதி செய்கிறது.","அடிப்படை அமைப்பு முடிந்ததும், பெரிய டேட்டா செட்களைக் கையாள எங்கள் பைதான் ஸ்கிரிப்டை மேம்படுத்தலாம். முனையத்தில் ட்வீட்களை வெறுமனே அச்சிடுவதற்குப் பதிலாக, ட்விட்டர் ஸ்ட்ரீமிங் API இலிருந்து பெறப்பட்ட, உடனடியாக ஒவ்வொரு ட்வீட்டையும் MongoDB தரவுத்தளத்தில் சேமிக்கிறோம். இது ஸ்கிரிப்ட் எதிர்பாராத விதமாக நிறுத்தப்பட்டாலும், எந்தத் தரவும் இழக்கப்படாது என்பதை உறுதி செய்கிறது.","அடிப்படை அமைப்பு முடிந்தவுடன், பெரிய datasets கையாள Python script-ஐ மேம்படுத்தலாம். tweets-ஐ terminal-ல் அச்சிடுவதற்குப் பதிலாக, ஒவ்வொரு tweet-ஐ Twitter Streaming API-இருந்து வந்தவுடன் MongoDB database-இல் சேமிக்கலாம். இதனால், script எதிர்பாராதவாறு நிறுத்தப்பட்டாலும் எந்த தரவும் இழக்கப்படாது."
"The insertion of tweets into MongoDB uses the insert_one() method. Each tweet object is stored as a JSON document, with the _id field set to the tweet’s unique id. This _id ensures that duplicate tweets are not stored, maintaining data integrity. By storing tweets in JSON format, we preserve all metadata, including timestamp, user information, and entities such as hashtags or mentions.","மோங்கோடிபியில் ட்வீட்களை செருகுவது செருகுதல் _ ஒன்று () முறையைப் பயன்படுத்துகிறது. ஒவ்வொரு ட்வீட் பொருளும் ஒரு ஜேசன் ஆவணமாக சேமிக்கப்படுகிறது, ட்வீட்டின் தனித்துவமான ஐடிக்கு _ ஐடி புலத்தை அமைக்கிறது. இந்த _ ஐடி டூப்ளிகேட் ட்வீட்கள் சேமிக்கப்படவில்லை என்பதை உறுதிசெய்கிறது, தரவு ஒருமைப்பாட்டை பராமரிக்கிறது. ட்வீட்களை ஜேசன் வடிவத்தில் சேமிப்பதன் மூலம், டைம்ஸ்டாம்ப், பயனர் தகவல் மற்றும் ஹேஷ்டேக்குகள் அல்லது குறிப்புகள் போன்ற நிறுவனங்கள் உள்ளிட்ட அனைத்து மெட்டாடேட்டாவையும் நாங்கள் பாதுகாக்கிறோம்.","MongoDB ல் tweetsகளை செருகுவது insert_one() முறையைப் பயன்படுத்துகிறது ஒவ்வொரு ட்வீட் பொருளும் ஒரு JSON ஆவணமாக சேமிக்கப்படுகிறது, _id புலம் ட்வீட்டின் தனித்துவமான ஐடிக்கு அமைக்கப்படுகிறது. இந்த _id நகல் ட்வீட்டுகள் சேமிக்கப்படவில்லை என்பதை உறுதிசெய்கிறது, தரவு ஒருமைப்பாட்டை பராமரிக்கிறது. JSON வடிவத்தில் ட்வீட்களை சேமிப்பதன் மூலம், டைம்ஸ்டாம்ப், பயனர் தகவல் மற்றும் ஹேஷ்டேக்குகள் அல்லது குறிப்புகள் போன்ற நிறுவனங்கள் உட்பட அனைத்து மெட்டாடேட்டாவையும் நாங்கள் பாதுகாக்கிறோம்","MongoDB-இல் tweets சேர்ப்பது insert_one() முறையைப் பயன்படுத்துகிறது. ஒவ்வொரு tweet object-ஐ JSON document ஆக சேமிக்கப்படுகிறது, _id field tweet-இன் தனித்துவ id-க்கு அமைக்கப்படுகிறது. இந்த _id மூலம் இருமுறை சேமிப்பதைத் தடுக்கும், தரவின் ஒழுங்கை உறுதி செய்கிறது. tweets-ஐ JSON வடிவில் சேமிப்பதால், timestamp, user தகவல்கள் மற்றும் hashtags அல்லது mentions போன்ற entities உட்பட metadata அனைத்தும் பாதுகாக்கப்படுகிறது."
"After running the script for a period, we can use the mongo shell to explore the data. Commands like db.tweets.count() show the number of tweets collected, while db.tweets.find() allows browsing the JSON objects. To view a single tweet in a readable format, db.tweets.findOne() can be used. These commands help verify that data collection is working as intended and provide insight into the structure of the stored data.","ஸ்கிரிப்ட்டை ஒரு காலத்திற்கு ஓட்டிய பிறகு, தரவை ஆராய மங்கோ ஷெல்லைப் பயன்படுத்தலாம். db.tweets.count () போன்ற கட்டளைகள் சேகரிக்கப்பட்ட ட்வீட்களின் எண்ணிக்கையைக் காட்டுகின்றன, அதே நேரத்தில் db.tweets.find () ஜேசன் பொருட்களை உலாவ அனுமதிக்கிறது. ஒரு ட்வீட்டை படிக்கக்கூடிய வடிவத்தில் பார்க்க, db.tweets.findone () பயன்படுத்தப்படலாம். இந்த கட்டளைகள் தரவு சேகரிப்பு நோக்கம் போல் செயல்படுகிறது என்பதை சரிபார்க்க உதவுகின்றன மற்றும் சேமிக்கப்பட்ட தரவின் கட்டமைப்பைப் பற்றிய நுண்ணறிவை வழங்குகின்றன.","ஸ்கிரிப்டை ஒரு காலத்திற்கு இயக்கிய பிறகு, டேட்டாவை ஆராய mongo ஷெல்லைப் பயன்படுத்தலாம். db போன்ற கமேன்ட்கள் tweets count() சேகரிக்கப்பட்ட ட்வீட்களின் எண்ணிக்கையைக் காட்டுகிறது, அதேசமயம் db tweets find() JSON பொருள்களை உலாவ அனுமதிக்கிறது. படிக்கக்கூடிய வடிவத்தில் ஒற்றை ட்வீட்டைக் காண, db tweets findOne() பயன்படுத்தலாம். இந்த கட்டளைகள் தரவு சேகரிப்பு உத்தேசிக்கப்பட்டபடி செயல்படுகிறதா என்பதை சரிபார்க்க உதவுகிறது மற்றும் சேமிக்கப்பட்ட தரவின் கட்டமைப்பைப் பற்றிய நுண்ணறிவை வழங்குகிறது","சில நேரம் script இயக்கியபின், mongo shell-ஐப் பயன்படுத்தி தரவை ஆராயலாம். db.tweets.count() போன்ற கட்டளைகள் சேகரிக்கப்பட்ட tweets எண்ணிக்கையை காட்டும், db.tweets.find() JSON objects-ஐ உலாவ அனுமதிக்கும். ஒரு tweet-ஐ வாசிப்பிற்கு எளிதாக பார்க்க db.tweets.findOne() பயன்படுத்தலாம். இந்த கட்டளைகள் தரவு சேகரிப்பு சரியாக இயங்குகிறதா என்பதை சரிபார்க்கவும், சேமிக்கப்பட்ட தரவின் அமைப்பைப் புரிந்துகொள்ளவும் உதவும்."
"Once the tweets are stored in MongoDB, we can perform queries to analyze the data. For example, we can filter tweets containing specific keywords using the find() method with query parameters. This allows us to focus on tweets related to particular events, topics, or hashtags. Such filtering is useful for research, trend analysis, or sentiment analysis on Twitter data.","ட்வீட்கள் மோங்கோடிபியில் சேமிக்கப்பட்டவுடன், தரவை பகுப்பாய்வு செய்ய கேள்விகளைச் செய்யலாம். எடுத்துக்காட்டாக, தேடல் () முறையைப் பயன்படுத்தி குறிப்பிட்ட முக்கிய சொற்களைக் கொண்ட ட்வீட்களை வினவல் அளவுருக்களுடன் வடிகட்டலாம். இது குறிப்பிட்ட நிகழ்வுகள், தலைப்புகள் அல்லது ஹேஷ்டேக்குகள் தொடர்பான ட்வீட்களில் கவனம் செலுத்த அனுமதிக்கிறது. இத்தகைய வடிகட்டுதல் ட்விட்டர் தரவுகளில் ஆராய்ச்சி, போக்கு பகுப்பாய்வு அல்லது உணர்வு பகுப்பாய்வுக்கு பயனுள்ளதாக இருக்கும்.","ட்வீட்டுகள் MongoDB இல் சேமிக்கப்பட்டவுடன், தரவை பகுப்பாய்வு செய்ய கேள்விகளைச் செய்யலாம் எடுத்துக்காட்டாக, வினவல் அளவுருக்களுடன் find() முறையைப் பயன்படுத்தி குறிப்பிட்ட முக்கிய வார்த்தைகளைக் கொண்ட ட்வீட்களை வடிகட்டலாம். குறிப்பிட்ட நிகழ்வுகள், தலைப்புகள் அல்லது ஹேஷ்டேக்குகள் தொடர்பான ட்வீட்டுகளில் கவனம் செலுத்த இது அனுமதிக்கிறது. ட்விட்டர் தரவுகளில் ஆராய்ச்சி, போக்கு பகுப்பாய்வு அல்லது உணர்வு பகுப்பாய்விற்கு இதுபோன்ற வடிகட்டுதல். பயனுள்ளதாக. இருக்கும்","MongoDB-இல் tweets சேமிக்கப்பட்ட பின்னர், தரவை பகுப்பாய்வு செய்ய queries-ஐ இயக்கலாம். உதாரணமாக, குறிப்பிட்ட keyword-களை கொண்ட tweets-ஐ find() முறையில் query parameters-ஐப் பயன்படுத்தி filter செய்யலாம். இது குறிப்பிட்ட நிகழ்வுகள், தலைப்புகள், அல்லது hashtags தொடர்புடைய tweets-ஐ கவனிக்க உதவுகிறது. இந்த filtering ஆராய்ச்சி, trend analysis அல்லது Twitter தரவில் sentiment analysis செய்ய பயனுள்ளதாக இருக்கும்."
"We can also sort the collected tweets based on timestamps or user attributes. For instance, using the sort() method in MongoDB, we can arrange tweets from newest to oldest or vice versa. This is particularly helpful when we want to observe trends over time or track the most recent activity related to a hashtag or topic.","நேர முத்திரைகள் அல்லது பயனர் பண்புகளின் அடிப்படையில் சேகரிக்கப்பட்ட ட்வீட்களை நாம் வரிசைப்படுத்தலாம். எடுத்துக்காட்டாக, மோங்கோடிபியில் வரிசைப்படுத்தப்பட்ட () முறையைப் பயன்படுத்தி, புதியதிலிருந்து பழையது அல்லது நேர்மாறாக ட்வீட்களை ஏற்பாடு செய்யலாம். காலப்போக்கில் போக்குகளைக் கவனிக்கவோ அல்லது ஹேஷ்டேக் அல்லது தலைப்பு தொடர்பான மிக சமீபத்திய செயல்பாட்டைக் கண்காணிக்கவோ நாம் விரும்பும்போது இது குறிப்பாக உதவியாக இருக்கும்.","நேர முத்திரைகள் அல்லது பயனர் பண்புகளின் அடிப்படையில் சேகரிக்கப்பட்ட ட்வீட்களை நாம் வரிசைப்படுத்தலாம். உதாரணமாக, MongoDB இல் sort() முறையைப் பயன்படுத்தி, நாம் ட்வீட்களை புதியதில் இருந்து பழையதாகவோ அல்லது நேர்மாறாகவோ ஒழுங்கமைக்கலாம். காலப்போக்கில் போக்குகளைக் கவனிக்க அல்லது ஒரு ஹேஷ்டேக் அல்லது தலைப்பு தொடர்பான மிகச் சமீபத்திய செயல்பாட்டைக் கண்காணிக்க விரும்பும் போது இது குறிப்பாக உதவியாக இருக்கும்.","சேகரிக்கப்பட்ட tweets-ஐ timestamp அல்லது user attributes-க்கு ஏற்ப sort செய்யலாம். உதாரணமாக, MongoDB-இல் sort() முறையைப் பயன்படுத்தி tweets-ஐ புதியவை முதல் பழையவை வரை அல்லது அதற்கு மாறாக வரிசைப்படுத்தலாம். இது கால வரிசையில் trend-களை கவனிக்க அல்லது ஒரு hashtag அல்லது தலைப்பிற்கு சமீபத்திய activity-ஐ கண்காணிக்க சிறப்பாக உதவும்."
"Indexes in MongoDB can improve query performance, especially when working with large datasets. By creating indexes on fields like _id, user.id, or timestamp, queries that filter or sort data become much faster. Proper indexing is crucial for efficient data retrieval and ensures that real-time or batch processing of OSN data is smooth","மோங்கோடிபியில் உள்ள குறியீடுகள் கேள்வி செயல்திறனை மேம்படுத்தும், குறிப்பாக பெரிய தரவுத்தொகுப்புகளுடன் பணிபுரியும் போது. _ ஐடி, user.id அல்லது டைம்ஸ்டாம்ப் போன்ற துறைகளில் குறியீடுகளை உருவாக்குவதன் மூலம், தரவை வடிகட்டும் அல்லது வரிசைப்படுத்தும் வினவல்கள் மிகவும் வேகமாக மாறும். திறமையான தரவு மீட்டெடுப்புக்கு சரியான குறியீட்டு முக்கியமானது மற்றும் ஓஎஸ்என் தரவின் நிகழ்நேர அல்லது தொகுதி செயலாக்கம் மென்மையாக இருப்பதை உறுதி செய்கிறது.","MongoDB இல் உள்ள இன்டெக்ஸ் கள், குறிப்பாக பெரிய டேட்டா செட்களுடன் பணிபுரியும் போது, க்வரி செயல்திறனை மேம்படுத்த முடியும். _id, user போன்ற புலங்களில் குறியீடுகளை உருவாக்குவதன் மூலம் id, அல்லது timestamp, தரவை வடிகட்ட அல்லது வரிசைப்படுத்தும் வினவல்கள் மிக வேகமாக மாறும். திறமையான தரவு மீட்டெடுப்புக்கு சரியான குறியீட்டு முக்கியமானது மற்றும் OSN தரவின் நிகழ்நேர அல்லது தொகுதி செயலாக்கம் மென்மையாக இருப்பதை உறுதி செய்கிறது.","பெரிய datasets உடன் பணியாற்றும்போது MongoDB-இல் indexes query performance-ஐ மேம்படுத்த முடியும். _id, user.id, அல்லது timestamp போன்ற fields-ல் indexes உருவாக்குவதன் மூலம், தரவை filter அல்லது sort செய்யும் queries வேகமாக செயல்படும். சரியான indexing பயனுள்ள தரவு பெறுதலை உறுதி செய்கிறது மற்றும் real-time அல்லது batch processing-ஐ எளிதாக்குகிறது."
"Beyond storing and querying, we can integrate MongoDB with Python scripts for automated data analysis. Using libraries such as pymongo, we can retrieve tweets, analyze text for sentiment, count hashtags, or even visualize activity over time. This integration makes it possible to build end-to-end pipelines for Twitter or other OSN data collection and analysis.","சேமிப்பு மற்றும் வினவலுக்கு அப்பால், தானியங்கி தரவு பகுப்பாய்விற்காக பைத்தான் ஸ்கிரிப்ட்களுடன் மோங்கோடிபியை ஒருங்கிணைக்கலாம். பிமோங்கோ போன்ற நூலகங்களைப் பயன்படுத்தி, ட்வீட்களை மீட்டெடுக்கலாம், உணர்வுக்கான உரையை பகுப்பாய்வு செய்யலாம், ஹேஷ்டேக்குகளை எண்ணலாம் அல்லது காலப்போக்கில் செயல்பாட்டைக் கூட காட்சிப்படுத்தலாம். இந்த ஒருங்கிணைப்பு ட்விட்டர் அல்லது பிற ஓஎஸ்என் தரவு சேகரிப்பு மற்றும் பகுப்பாய்விற்கான இறுதி முதல் இறுதி குழாய்களை உருவாக்க உதவுகிறது.","சேமித்தல் மற்றும் வினவலைத் தாண்டி, தானியங்கி தரவு பகுப்பாய்விற்கான பைதான் ஸ்கிரிப்ட்களுடன் MongoDB ஐ ஒருங்கிணைக்கலாம். பைமங்கோ போன்ற நூலகங்களைப் பயன்படுத்தி, ட்வீட்களைப் பெறலாம், உணர்வுக்கான உரையை பகுப்பாய்வு செய்யலாம், ஹேஷ்டேக்குகளை எண்ணலாம் அல்லது காலப்போக்கில் செயல்பாட்டைக் காட்சிப்படுத்தலாம். இந்த ஒருங்கிணைப்பு ட்விட்டர் அல்லது பிற ஓஎஸ்என் தரவு சேகரிப்பு மற்றும் பகுப்பாய்விற்கான இறுதி. முதல் இறுதி. வரை குழாய் இணைப்புகளை உருவாக்க உதவுகிறது","சேமிப்பதும், query செய்வதும் தவிர, automated data analysis-க்கு MongoDB-ஐ Python scripts உடன் இணைக்கலாம். pymongo போன்ற libraries-ஐப் பயன்படுத்தி tweets-ஐ மீட்டெடுத்து, text-ஐ sentiment-க்கு பகுப்பாய்வு செய்யலாம், hashtags எண்ணிக்கை பார்க்கலாம், அல்லது காலத்திற்கேற்ப activity-ஐ visualize செய்யலாம். இந்த இணைப்பு Twitter அல்லது பிற OSN தரவு சேகரிப்பு மற்றும் பகுப்பாய்வு-க்கு end-to-end pipelines உருவாக்குவதற்கு உதவுகிறது."
"Finally, using both MySQL and MongoDB together can be beneficial depending on the type of analysis. Structured data, such as user profiles or aggregated statistics, may be better stored in MySQL, whereas unstructured or semi-structured data like raw tweet JSON objects is ideal for MongoDB. Combining these databases allows for a flexible, scalable, and comprehensive OSN data management system.","இறுதியாக, பகுப்பாய்வின் வகையைப் பொறுத்து மைஸ்கியூஎல் மற்றும் மோங்கோடிபி ஆகிய இரண்டையும் ஒன்றாகப் பயன்படுத்துவது பயனுள்ளதாக இருக்கும். பயனர் சுயவிவரங்கள் அல்லது திரட்டப்பட்ட புள்ளிவிவரங்கள் போன்ற கட்டமைக்கப்பட்ட தரவு, மைஸ்கியூஎல் இல் சிறப்பாக சேமிக்கப்படலாம், அதே நேரத்தில் மூல ட்வீட் ஜேசன் பொருள்கள் போன்ற கட்டமைக்கப்படாத அல்லது அரை கட்டமைக்கப்பட்ட தரவு மோங்கோடிபிக்கு ஏற்றது. இந்த தரவுத்தளங்களை இணைப்பது ஒரு நெகிழ்வான, அளவிடக்கூடிய மற்றும் விரிவான ஓஎஸ்என் தரவு மேலாண்மை முறையை அனுமதிக்கிறது.","இறுதியாக, MySQL மற்றும் MongoDB இரண்டையும் ஒன்றாகப் பயன்படுத்துவது பகுப்பாய்வின் வகையைப் பொறுத்து பயனுள்ளதாக இருக்கும். பயனர் சுயவிவரங்கள் அல்லது ஒட்டுமொத்த புள்ளிவிவரங்கள் போன்ற கட்டமைக்கப்பட்ட தரவு MySQL இல் சிறப்பாக சேமிக்கப்படலாம், அதேசமயம் மூல ட்வீட் JSON பொருள்கள் போன்ற கட்டமைக்கப்படாத அல்லது அரை கட்டமைக்கப்பட்ட தரவு MongoDB க்கு ஏற்றது. இந்த தரவுத்தளங்களை இணைப்பது நெகிழ்வான, அளவிடக்கூடிய மற்றும். விரிவான OSN தரவு மேலாண்மை அமைப்பை அனுமதிக்கிறது","இறுதியாக, MySQL மற்றும் MongoDB இரண்டையும் ஒரேசேர்த்து பயன்படுத்துவது analysis வகைக்கு ஏற்ப பயனுள்ளதாக இருக்கும். Structured data, உதாரணமாக user profiles அல்லது aggregated statistics, MySQL-இல் சேமிக்கப்படுவது சிறந்தது, ஆனால் unstructured அல்லது semi-structured data, உதாரணமாக raw tweet JSON objects, MongoDB-க்கு ஏற்றது. இந்த databases-ஐ ஒருங்கிணைப்பது flexible, scalable மற்றும் முழுமையான OSN data management system-ஐ உருவாக்க உதவுகிறது."
